file,class,method,variable,usage
/home/x1/Desktop/ass/ass16/Hotel-Management-Project-Java-master/Main.java,Doubleroom,Doubleroom/0,name2,1
/home/x1/Desktop/ass/ass16/Hotel-Management-Project-Java-master/Main.java,Doubleroom,"Doubleroom/6[java.lang.String,java.lang.String,java.lang.String,java.lang.String,java.lang.String,java.lang.String]",gender2,3
/home/x1/Desktop/ass/ass16/Hotel-Management-Project-Java-master/Main.java,Doubleroom,"Doubleroom/6[java.lang.String,java.lang.String,java.lang.String,java.lang.String,java.lang.String,java.lang.String]",name2,3
/home/x1/Desktop/ass/ass16/Hotel-Management-Project-Java-master/Main.java,Doubleroom,"Doubleroom/6[java.lang.String,java.lang.String,java.lang.String,java.lang.String,java.lang.String,java.lang.String]",contact2,3
/home/x1/Desktop/ass/ass16/Hotel-Management-Project-Java-master/Main.java,Singleroom,"Singleroom/3[java.lang.String,java.lang.String,java.lang.String]",gender,3
/home/x1/Desktop/ass/ass16/Hotel-Management-Project-Java-master/Main.java,Singleroom,"Singleroom/3[java.lang.String,java.lang.String,java.lang.String]",contact,3
/home/x1/Desktop/ass/ass16/Hotel-Management-Project-Java-master/Main.java,Singleroom,"Singleroom/3[java.lang.String,java.lang.String,java.lang.String]",name,3
/home/x1/Desktop/ass/ass16/Hotel-Management-Project-Java-master/Main.java,Singleroom,Singleroom/0,name,1
/home/x1/Desktop/ass/ass16/Hotel-Management-Project-Java-master/Main.java,write,run/0,hotel_ob,1
/home/x1/Desktop/ass/ass16/Hotel-Management-Project-Java-master/Main.java,write,write/1[holder],hotel_ob,3
/home/x1/Desktop/ass/ass16/Hotel-Management-Project-Java-master/Main.java,Hotel,"deallocate/2[int,int]",sc,4
/home/x1/Desktop/ass/ass16/Hotel-Management-Project-Java-master/Main.java,Hotel,"order/2[int,int]",sc,3
/home/x1/Desktop/ass/ass16/Hotel-Management-Project-Java-master/Main.java,Hotel,"CustDetails/2[int,int]",sc,6
/home/x1/Desktop/ass/ass16/Hotel-Management-Project-Java-master/Main.java,Hotel,bookroom/1[int],sc,4
/home/x1/Desktop/ass/ass16/Hotel-Management-Project-Java-master/Main.java,Food,"Food/2[int,int]",quantity,7
/home/x1/Desktop/ass/ass16/Hotel-Management-Project-Java-master/Main.java,Food,"Food/2[int,int]",price,4
/home/x1/Desktop/ass/ass16/Hotel-Management-Project-Java-master/Main.java,Food,"Food/2[int,int]",itemno,4
