file,class,method,variable,usage
/home/x1/Desktop/ass/ass16/Hotel-Management-Project-Java-master/Main.java,Doubleroom,"Doubleroom/6[java.lang.String,java.lang.String,java.lang.String,java.lang.String,java.lang.String,java.lang.String]",gender,2
/home/x1/Desktop/ass/ass16/Hotel-Management-Project-Java-master/Main.java,Doubleroom,"Doubleroom/6[java.lang.String,java.lang.String,java.lang.String,java.lang.String,java.lang.String,java.lang.String]",contact,2
/home/x1/Desktop/ass/ass16/Hotel-Management-Project-Java-master/Main.java,Doubleroom,"Doubleroom/6[java.lang.String,java.lang.String,java.lang.String,java.lang.String,java.lang.String,java.lang.String]",name,2
/home/x1/Desktop/ass/ass16/Hotel-Management-Project-Java-master/Main.java,Doubleroom,"Doubleroom/6[java.lang.String,java.lang.String,java.lang.String,java.lang.String,java.lang.String,java.lang.String]",gender2,2
/home/x1/Desktop/ass/ass16/Hotel-Management-Project-Java-master/Main.java,Doubleroom,"Doubleroom/6[java.lang.String,java.lang.String,java.lang.String,java.lang.String,java.lang.String,java.lang.String]",name2,2
/home/x1/Desktop/ass/ass16/Hotel-Management-Project-Java-master/Main.java,Doubleroom,"Doubleroom/6[java.lang.String,java.lang.String,java.lang.String,java.lang.String,java.lang.String,java.lang.String]",contact2,2
/home/x1/Desktop/ass/ass16/Hotel-Management-Project-Java-master/Main.java,Singleroom,"Singleroom/3[java.lang.String,java.lang.String,java.lang.String]",gender,2
/home/x1/Desktop/ass/ass16/Hotel-Management-Project-Java-master/Main.java,Singleroom,"Singleroom/3[java.lang.String,java.lang.String,java.lang.String]",contact,2
/home/x1/Desktop/ass/ass16/Hotel-Management-Project-Java-master/Main.java,Singleroom,"Singleroom/3[java.lang.String,java.lang.String,java.lang.String]",name,2
/home/x1/Desktop/ass/ass16/Hotel-Management-Project-Java-master/Main.java,Main,main/1[java.lang.String[]],args,0
/home/x1/Desktop/ass/ass16/Hotel-Management-Project-Java-master/Main.java,Main,main/1[java.lang.String[]],sc,8
/home/x1/Desktop/ass/ass16/Hotel-Management-Project-Java-master/Main.java,Main,main/1[java.lang.String[]],wish,8
/home/x1/Desktop/ass/ass16/Hotel-Management-Project-Java-master/Main.java,Main,main/1[java.lang.String[]],t,1
/home/x1/Desktop/ass/ass16/Hotel-Management-Project-Java-master/Main.java,Main,main/1[java.lang.String[]],ch,2
/home/x1/Desktop/ass/ass16/Hotel-Management-Project-Java-master/Main.java,Main,main/1[java.lang.String[]],e,0
/home/x1/Desktop/ass/ass16/Hotel-Management-Project-Java-master/Main.java,Main,main/1[java.lang.String[]],f,2
/home/x1/Desktop/ass/ass16/Hotel-Management-Project-Java-master/Main.java,Main,main/1[java.lang.String[]],ois,1
/home/x1/Desktop/ass/ass16/Hotel-Management-Project-Java-master/Main.java,Main,main/1[java.lang.String[]],fin,1
/home/x1/Desktop/ass/ass16/Hotel-Management-Project-Java-master/Main.java,Main,main/1[java.lang.String[]],ch2,26
/home/x1/Desktop/ass/ass16/Hotel-Management-Project-Java-master/Main.java,write,run/0,oos,1
/home/x1/Desktop/ass/ass16/Hotel-Management-Project-Java-master/Main.java,write,run/0,e,1
/home/x1/Desktop/ass/ass16/Hotel-Management-Project-Java-master/Main.java,write,run/0,fout,1
/home/x1/Desktop/ass/ass16/Hotel-Management-Project-Java-master/Main.java,write,write/1[holder],hotel_ob,2
/home/x1/Desktop/ass/ass16/Hotel-Management-Project-Java-master/Main.java,Hotel,"deallocate/2[int,int]",rtype,5
/home/x1/Desktop/ass/ass16/Hotel-Management-Project-Java-master/Main.java,Hotel,"deallocate/2[int,int]",w,12
/home/x1/Desktop/ass/ass16/Hotel-Management-Project-Java-master/Main.java,Hotel,"deallocate/2[int,int]",j,0
/home/x1/Desktop/ass/ass16/Hotel-Management-Project-Java-master/Main.java,Hotel,"deallocate/2[int,int]",rn,16
/home/x1/Desktop/ass/ass16/Hotel-Management-Project-Java-master/Main.java,Hotel,"order/2[int,int]",wish,3
/home/x1/Desktop/ass/ass16/Hotel-Management-Project-Java-master/Main.java,Hotel,"order/2[int,int]",rtype,1
/home/x1/Desktop/ass/ass16/Hotel-Management-Project-Java-master/Main.java,Hotel,"order/2[int,int]",q,5
/home/x1/Desktop/ass/ass16/Hotel-Management-Project-Java-master/Main.java,Hotel,"order/2[int,int]",e,1
/home/x1/Desktop/ass/ass16/Hotel-Management-Project-Java-master/Main.java,Hotel,"order/2[int,int]",i,5
/home/x1/Desktop/ass/ass16/Hotel-Management-Project-Java-master/Main.java,Hotel,"order/2[int,int]",rn,4
/home/x1/Desktop/ass/ass16/Hotel-Management-Project-Java-master/Main.java,Hotel,"bill/2[int,int]",rtype,1
/home/x1/Desktop/ass/ass16/Hotel-Management-Project-Java-master/Main.java,Hotel,"bill/2[int,int]",amount,9
/home/x1/Desktop/ass/ass16/Hotel-Management-Project-Java-master/Main.java,Hotel,"bill/2[int,int]",format,7
/home/x1/Desktop/ass/ass16/Hotel-Management-Project-Java-master/Main.java,Hotel,"bill/2[int,int]",rn,4
/home/x1/Desktop/ass/ass16/Hotel-Management-Project-Java-master/Main.java,Hotel,"bill/2[int,int]",list,4
/home/x1/Desktop/ass/ass16/Hotel-Management-Project-Java-master/Main.java,Hotel,"bill/2[int,int]",obb,19
/home/x1/Desktop/ass/ass16/Hotel-Management-Project-Java-master/Main.java,Hotel,"CustDetails/2[int,int]",gender,5
/home/x1/Desktop/ass/ass16/Hotel-Management-Project-Java-master/Main.java,Hotel,"CustDetails/2[int,int]",contact,5
/home/x1/Desktop/ass/ass16/Hotel-Management-Project-Java-master/Main.java,Hotel,"CustDetails/2[int,int]",name,5
/home/x1/Desktop/ass/ass16/Hotel-Management-Project-Java-master/Main.java,Hotel,"CustDetails/2[int,int]",i,2
/home/x1/Desktop/ass/ass16/Hotel-Management-Project-Java-master/Main.java,Hotel,"CustDetails/2[int,int]",gender2,3
/home/x1/Desktop/ass/ass16/Hotel-Management-Project-Java-master/Main.java,Hotel,"CustDetails/2[int,int]",rn,4
/home/x1/Desktop/ass/ass16/Hotel-Management-Project-Java-master/Main.java,Hotel,"CustDetails/2[int,int]",name2,3
/home/x1/Desktop/ass/ass16/Hotel-Management-Project-Java-master/Main.java,Hotel,"CustDetails/2[int,int]",contact2,3
/home/x1/Desktop/ass/ass16/Hotel-Management-Project-Java-master/Main.java,Hotel,bookroom/1[int],e,3
/home/x1/Desktop/ass/ass16/Hotel-Management-Project-Java-master/Main.java,Hotel,bookroom/1[int],i,5
/home/x1/Desktop/ass/ass16/Hotel-Management-Project-Java-master/Main.java,Hotel,bookroom/1[int],j,20
/home/x1/Desktop/ass/ass16/Hotel-Management-Project-Java-master/Main.java,Hotel,bookroom/1[int],rn,19
/home/x1/Desktop/ass/ass16/Hotel-Management-Project-Java-master/Main.java,Hotel,availability/1[int],count,5
/home/x1/Desktop/ass/ass16/Hotel-Management-Project-Java-master/Main.java,Hotel,availability/1[int],i,1
/home/x1/Desktop/ass/ass16/Hotel-Management-Project-Java-master/Main.java,Hotel,availability/1[int],j,16
/home/x1/Desktop/ass/ass16/Hotel-Management-Project-Java-master/Main.java,Hotel,features/1[int],i,1
/home/x1/Desktop/ass/ass16/Hotel-Management-Project-Java-master/Main.java,Food,"Food/2[int,int]",quantity,6
/home/x1/Desktop/ass/ass16/Hotel-Management-Project-Java-master/Main.java,Food,"Food/2[int,int]",itemno,3
