file,class,method,variable,usage
C:\Users\OOPS\Downloads\Software-design-patterns-master\Software-design-patterns-master\src\factory\Dell.java,factory.Dell,details/0,price,1
C:\Users\OOPS\Downloads\Software-design-patterns-master\Software-design-patterns-master\src\factory\Dell.java,factory.Dell,details/0,name,1
C:\Users\OOPS\Downloads\Software-design-patterns-master\Software-design-patterns-master\src\factory\Dell.java,factory.Dell,details/0,brand,1
C:\Users\OOPS\Downloads\Software-design-patterns-master\Software-design-patterns-master\src\factory\Dell.java,factory.Dell,brand/0,brand,2
C:\Users\OOPS\Downloads\Software-design-patterns-master\Software-design-patterns-master\src\factory\Dell.java,factory.Dell,name/0,name,2
C:\Users\OOPS\Downloads\Software-design-patterns-master\Software-design-patterns-master\src\factory\Dell.java,factory.Dell,price/0,price,2
C:\Users\OOPS\Downloads\Software-design-patterns-master\Software-design-patterns-master\src\abstractFactory\IphoneX.java,abstractFactory.IphoneX,brand/0,brand,2
C:\Users\OOPS\Downloads\Software-design-patterns-master\Software-design-patterns-master\src\abstractFactory\IphoneX.java,abstractFactory.IphoneX,price/0,price,2
C:\Users\OOPS\Downloads\Software-design-patterns-master\Software-design-patterns-master\src\abstractFactory\IphoneX.java,abstractFactory.IphoneX,name/0,name,2
C:\Users\OOPS\Downloads\Software-design-patterns-master\Software-design-patterns-master\src\abstractFactory\IphoneX.java,abstractFactory.IphoneX,details/0,price,1
C:\Users\OOPS\Downloads\Software-design-patterns-master\Software-design-patterns-master\src\abstractFactory\IphoneX.java,abstractFactory.IphoneX,details/0,name,1
C:\Users\OOPS\Downloads\Software-design-patterns-master\Software-design-patterns-master\src\abstractFactory\IphoneX.java,abstractFactory.IphoneX,details/0,brand,1
C:\Users\OOPS\Downloads\Software-design-patterns-master\Software-design-patterns-master\src\factory\Hp.java,factory.Hp,price/0,price,2
C:\Users\OOPS\Downloads\Software-design-patterns-master\Software-design-patterns-master\src\factory\Hp.java,factory.Hp,name/0,name,2
C:\Users\OOPS\Downloads\Software-design-patterns-master\Software-design-patterns-master\src\factory\Hp.java,factory.Hp,brand/0,brand,2
C:\Users\OOPS\Downloads\Software-design-patterns-master\Software-design-patterns-master\src\factory\Hp.java,factory.Hp,details/0,price,1
C:\Users\OOPS\Downloads\Software-design-patterns-master\Software-design-patterns-master\src\factory\Hp.java,factory.Hp,details/0,name,1
C:\Users\OOPS\Downloads\Software-design-patterns-master\Software-design-patterns-master\src\factory\Hp.java,factory.Hp,details/0,brand,1
C:\Users\OOPS\Downloads\Software-design-patterns-master\Software-design-patterns-master\src\abstractFactory\NokiaN95.java,abstractFactory.NokiaN95,brand/0,brand,2
C:\Users\OOPS\Downloads\Software-design-patterns-master\Software-design-patterns-master\src\abstractFactory\NokiaN95.java,abstractFactory.NokiaN95,price/0,price,2
C:\Users\OOPS\Downloads\Software-design-patterns-master\Software-design-patterns-master\src\abstractFactory\NokiaN95.java,abstractFactory.NokiaN95,name/0,name,2
C:\Users\OOPS\Downloads\Software-design-patterns-master\Software-design-patterns-master\src\abstractFactory\NokiaN95.java,abstractFactory.NokiaN95,details/0,price,1
C:\Users\OOPS\Downloads\Software-design-patterns-master\Software-design-patterns-master\src\abstractFactory\NokiaN95.java,abstractFactory.NokiaN95,details/0,name,1
C:\Users\OOPS\Downloads\Software-design-patterns-master\Software-design-patterns-master\src\abstractFactory\NokiaN95.java,abstractFactory.NokiaN95,details/0,brand,1
C:\Users\OOPS\Downloads\Software-design-patterns-master\Software-design-patterns-master\src\factory\MacBook.java,factory.MacBook,price/0,price,2
C:\Users\OOPS\Downloads\Software-design-patterns-master\Software-design-patterns-master\src\factory\MacBook.java,factory.MacBook,name/0,name,2
C:\Users\OOPS\Downloads\Software-design-patterns-master\Software-design-patterns-master\src\factory\MacBook.java,factory.MacBook,brand/0,brand,2
C:\Users\OOPS\Downloads\Software-design-patterns-master\Software-design-patterns-master\src\factory\MacBook.java,factory.MacBook,details/0,price,1
C:\Users\OOPS\Downloads\Software-design-patterns-master\Software-design-patterns-master\src\factory\MacBook.java,factory.MacBook,details/0,name,1
C:\Users\OOPS\Downloads\Software-design-patterns-master\Software-design-patterns-master\src\factory\MacBook.java,factory.MacBook,details/0,brand,1
C:\Users\OOPS\Downloads\Software-design-patterns-master\Software-design-patterns-master\src\abstractFactory\NokiaN70.java,abstractFactory.NokiaN70,brand/0,brand,2
C:\Users\OOPS\Downloads\Software-design-patterns-master\Software-design-patterns-master\src\abstractFactory\NokiaN70.java,abstractFactory.NokiaN70,price/0,price,2
C:\Users\OOPS\Downloads\Software-design-patterns-master\Software-design-patterns-master\src\abstractFactory\NokiaN70.java,abstractFactory.NokiaN70,name/0,name,2
C:\Users\OOPS\Downloads\Software-design-patterns-master\Software-design-patterns-master\src\abstractFactory\NokiaN70.java,abstractFactory.NokiaN70,details/0,price,1
C:\Users\OOPS\Downloads\Software-design-patterns-master\Software-design-patterns-master\src\abstractFactory\NokiaN70.java,abstractFactory.NokiaN70,details/0,name,1
C:\Users\OOPS\Downloads\Software-design-patterns-master\Software-design-patterns-master\src\abstractFactory\NokiaN70.java,abstractFactory.NokiaN70,details/0,brand,1
C:\Users\OOPS\Downloads\Software-design-patterns-master\Software-design-patterns-master\src\abstractFactory\Iphone12.java,abstractFactory.Iphone12,brand/0,brand,2
C:\Users\OOPS\Downloads\Software-design-patterns-master\Software-design-patterns-master\src\abstractFactory\Iphone12.java,abstractFactory.Iphone12,price/0,price,2
C:\Users\OOPS\Downloads\Software-design-patterns-master\Software-design-patterns-master\src\abstractFactory\Iphone12.java,abstractFactory.Iphone12,name/0,name,2
C:\Users\OOPS\Downloads\Software-design-patterns-master\Software-design-patterns-master\src\abstractFactory\Iphone12.java,abstractFactory.Iphone12,details/0,price,1
C:\Users\OOPS\Downloads\Software-design-patterns-master\Software-design-patterns-master\src\abstractFactory\Iphone12.java,abstractFactory.Iphone12,details/0,name,1
C:\Users\OOPS\Downloads\Software-design-patterns-master\Software-design-patterns-master\src\abstractFactory\Iphone12.java,abstractFactory.Iphone12,details/0,brand,1
C:\Users\OOPS\Downloads\Software-design-patterns-master\Software-design-patterns-master\src\abstractFactory\SamsungS10.java,abstractFactory.SamsungS10,brand/0,brand,2
C:\Users\OOPS\Downloads\Software-design-patterns-master\Software-design-patterns-master\src\abstractFactory\SamsungS10.java,abstractFactory.SamsungS10,price/0,price,2
C:\Users\OOPS\Downloads\Software-design-patterns-master\Software-design-patterns-master\src\abstractFactory\SamsungS10.java,abstractFactory.SamsungS10,name/0,name,2
C:\Users\OOPS\Downloads\Software-design-patterns-master\Software-design-patterns-master\src\abstractFactory\SamsungS10.java,abstractFactory.SamsungS10,details/0,price,1
C:\Users\OOPS\Downloads\Software-design-patterns-master\Software-design-patterns-master\src\abstractFactory\SamsungS10.java,abstractFactory.SamsungS10,details/0,name,1
C:\Users\OOPS\Downloads\Software-design-patterns-master\Software-design-patterns-master\src\abstractFactory\SamsungS10.java,abstractFactory.SamsungS10,details/0,brand,1
C:\Users\OOPS\Downloads\Software-design-patterns-master\Software-design-patterns-master\src\abstractFactory\SamsungS20.java,abstractFactory.SamsungS20,brand/0,brand,2
C:\Users\OOPS\Downloads\Software-design-patterns-master\Software-design-patterns-master\src\abstractFactory\SamsungS20.java,abstractFactory.SamsungS20,price/0,price,2
C:\Users\OOPS\Downloads\Software-design-patterns-master\Software-design-patterns-master\src\abstractFactory\SamsungS20.java,abstractFactory.SamsungS20,name/0,name,2
C:\Users\OOPS\Downloads\Software-design-patterns-master\Software-design-patterns-master\src\abstractFactory\SamsungS20.java,abstractFactory.SamsungS20,details/0,price,1
C:\Users\OOPS\Downloads\Software-design-patterns-master\Software-design-patterns-master\src\abstractFactory\SamsungS20.java,abstractFactory.SamsungS20,details/0,name,1
C:\Users\OOPS\Downloads\Software-design-patterns-master\Software-design-patterns-master\src\abstractFactory\SamsungS20.java,abstractFactory.SamsungS20,details/0,brand,1
