file,class,method,constructor,line,cbo,cboModified,fanin,fanout,wmc,rfc,loc,returnsQty,variablesQty,parametersQty,methodsInvokedQty,methodsInvokedLocalQty,methodsInvokedIndirectLocalQty,loopQty,comparisonsQty,tryCatchQty,parenthesizedExpsQty,stringLiteralsQty,numbersQty,assignmentsQty,mathOperationsQty,maxNestedBlocksQty,anonymousClassesQty,innerClassesQty,lambdasQty,uniqueWordsQty,modifiers,logStatementsQty,hasJavaDoc
C:\Users\OOPS\Downloads\Software-design-patterns-master\Software-design-patterns-master\src\factory\Dell.java,factory.Dell,details/0,FALSE,30,1,3,0,3,1,3,3,1,0,0,3,3,1,0,0,0,0,4,0,0,1,0,0,0,0,1,1,0,FALSE
C:\Users\OOPS\Downloads\Software-design-patterns-master\Software-design-patterns-master\src\factory\Dell.java,factory.Dell,brand/0,FALSE,20,0,1,1,0,1,0,3,1,0,0,0,0,0,0,0,0,0,0,0,0,0,0,0,0,0,1,1,0,FALSE
C:\Users\OOPS\Downloads\Software-design-patterns-master\Software-design-patterns-master\src\factory\Dell.java,factory.Dell,name/0,FALSE,25,0,1,1,0,1,0,3,1,0,0,0,0,0,0,0,0,0,0,0,0,0,0,0,0,0,1,1,0,FALSE
C:\Users\OOPS\Downloads\Software-design-patterns-master\Software-design-patterns-master\src\factory\Dell.java,factory.Dell,price/0,FALSE,15,0,1,1,0,1,0,3,1,0,0,0,0,0,0,0,0,0,0,0,0,0,0,0,0,0,1,1,0,FALSE
C:\Users\OOPS\Downloads\Software-design-patterns-master\Software-design-patterns-master\src\abstractFactory\NokiaFactory.java,abstractFactory.NokiaFactory,getSmartPhone/1[java.lang.String],FALSE,6,3,2,0,2,3,1,9,3,0,1,1,0,0,0,0,0,0,2,0,0,0,1,0,0,0,9,1,0,FALSE
C:\Users\OOPS\Downloads\Software-design-patterns-master\Software-design-patterns-master\src\abstractFactory\Main.java,abstractFactory.Main,main/1[java.lang.String[]],FALSE,9,3,3,0,3,1,4,18,0,9,1,4,0,0,0,0,0,0,10,0,9,0,0,0,0,0,15,9,0,FALSE
C:\Users\OOPS\Downloads\Software-design-patterns-master\Software-design-patterns-master\src\abstractFactory\IphoneX.java,abstractFactory.IphoneX,brand/0,FALSE,15,0,1,1,0,1,0,3,1,0,0,0,0,0,0,0,0,0,0,0,0,0,0,0,0,0,1,1,0,FALSE
C:\Users\OOPS\Downloads\Software-design-patterns-master\Software-design-patterns-master\src\abstractFactory\IphoneX.java,abstractFactory.IphoneX,price/0,FALSE,20,0,1,1,0,1,0,3,1,0,0,0,0,0,0,0,0,0,0,0,0,0,0,0,0,0,1,1,0,FALSE
C:\Users\OOPS\Downloads\Software-design-patterns-master\Software-design-patterns-master\src\abstractFactory\IphoneX.java,abstractFactory.IphoneX,name/0,FALSE,10,0,1,1,0,1,0,3,1,0,0,0,0,0,0,0,0,0,0,0,0,0,0,0,0,0,1,1,0,FALSE
C:\Users\OOPS\Downloads\Software-design-patterns-master\Software-design-patterns-master\src\abstractFactory\IphoneX.java,abstractFactory.IphoneX,details/0,FALSE,25,1,3,0,3,1,3,3,1,0,0,3,3,1,0,0,0,0,4,0,0,1,0,0,0,0,1,1,0,FALSE
C:\Users\OOPS\Downloads\Software-design-patterns-master\Software-design-patterns-master\src\abstractFactory\IphoneFactory.java,abstractFactory.IphoneFactory,getSmartPhone/1[java.lang.String],FALSE,6,3,2,0,2,3,1,9,3,0,1,1,0,0,0,0,0,0,2,0,0,0,1,0,0,0,9,1,0,FALSE
C:\Users\OOPS\Downloads\Software-design-patterns-master\Software-design-patterns-master\src\factory\Hp.java,factory.Hp,price/0,FALSE,9,0,1,1,0,1,0,3,1,0,0,0,0,0,0,0,0,0,0,0,0,0,0,0,0,0,1,1,0,FALSE
C:\Users\OOPS\Downloads\Software-design-patterns-master\Software-design-patterns-master\src\factory\Hp.java,factory.Hp,name/0,FALSE,19,0,1,1,0,1,0,3,1,0,0,0,0,0,0,0,0,0,0,0,0,0,0,0,0,0,1,1,0,FALSE
C:\Users\OOPS\Downloads\Software-design-patterns-master\Software-design-patterns-master\src\factory\Hp.java,factory.Hp,brand/0,FALSE,14,0,1,1,0,1,0,3,1,0,0,0,0,0,0,0,0,0,0,0,0,0,0,0,0,0,1,1,0,FALSE
C:\Users\OOPS\Downloads\Software-design-patterns-master\Software-design-patterns-master\src\factory\Hp.java,factory.Hp,details/0,FALSE,24,1,3,0,3,1,3,3,1,0,0,3,3,1,0,0,0,0,4,0,0,1,0,0,0,0,1,1,0,FALSE
C:\Users\OOPS\Downloads\Software-design-patterns-master\Software-design-patterns-master\src\abstractFactory\AbstractFactory.java,abstractFactory.AbstractFactory,getSmartPhone/1[java.lang.String],FALSE,4,1,1,1,0,1,0,1,0,0,1,0,0,0,0,0,0,0,0,0,0,0,0,0,0,0,5,1025,0,FALSE
C:\Users\OOPS\Downloads\Software-design-patterns-master\Software-design-patterns-master\src\abstractFactory\NokiaN95.java,abstractFactory.NokiaN95,brand/0,FALSE,15,0,1,1,0,1,0,3,1,0,0,0,0,0,0,0,0,0,0,0,0,0,0,0,0,0,1,1,0,FALSE
C:\Users\OOPS\Downloads\Software-design-patterns-master\Software-design-patterns-master\src\abstractFactory\NokiaN95.java,abstractFactory.NokiaN95,price/0,FALSE,20,0,1,1,0,1,0,3,1,0,0,0,0,0,0,0,0,0,0,0,0,0,0,0,0,0,1,1,0,FALSE
C:\Users\OOPS\Downloads\Software-design-patterns-master\Software-design-patterns-master\src\abstractFactory\NokiaN95.java,abstractFactory.NokiaN95,name/0,FALSE,10,0,1,1,0,1,0,3,1,0,0,0,0,0,0,0,0,0,0,0,0,0,0,0,0,0,1,1,0,FALSE
C:\Users\OOPS\Downloads\Software-design-patterns-master\Software-design-patterns-master\src\abstractFactory\NokiaN95.java,abstractFactory.NokiaN95,details/0,FALSE,25,1,3,0,3,1,3,3,1,0,0,3,3,1,0,0,0,0,4,0,0,1,0,0,0,0,1,1,0,FALSE
C:\Users\OOPS\Downloads\Software-design-patterns-master\Software-design-patterns-master\src\factory\MacBook.java,factory.MacBook,price/0,FALSE,9,0,1,1,0,1,0,3,1,0,0,0,0,0,0,0,0,0,0,0,0,0,0,0,0,0,1,1,0,FALSE
C:\Users\OOPS\Downloads\Software-design-patterns-master\Software-design-patterns-master\src\factory\MacBook.java,factory.MacBook,name/0,FALSE,19,0,1,1,0,1,0,3,1,0,0,0,0,0,0,0,0,0,0,0,0,0,0,0,0,0,1,1,0,FALSE
C:\Users\OOPS\Downloads\Software-design-patterns-master\Software-design-patterns-master\src\factory\MacBook.java,factory.MacBook,brand/0,FALSE,14,0,1,1,0,1,0,3,1,0,0,0,0,0,0,0,0,0,0,0,0,0,0,0,0,0,1,1,0,FALSE
C:\Users\OOPS\Downloads\Software-design-patterns-master\Software-design-patterns-master\src\factory\MacBook.java,factory.MacBook,details/0,FALSE,24,1,3,0,3,1,3,3,1,0,0,3,3,1,0,0,0,0,4,0,0,1,0,0,0,0,1,1,0,FALSE
C:\Users\OOPS\Downloads\Software-design-patterns-master\Software-design-patterns-master\src\abstractFactory\SamsungFactory.java,abstractFactory.SamsungFactory,getSmartPhone/1[java.lang.String],FALSE,9,3,2,0,2,3,1,9,3,0,1,1,0,0,0,0,0,0,2,0,0,0,1,0,0,0,9,1,0,FALSE
C:\Users\OOPS\Downloads\Software-design-patterns-master\Software-design-patterns-master\src\abstractFactory\NokiaN70.java,abstractFactory.NokiaN70,brand/0,FALSE,15,0,1,1,0,1,0,3,1,0,0,0,0,0,0,0,0,0,0,0,0,0,0,0,0,0,1,1,0,FALSE
C:\Users\OOPS\Downloads\Software-design-patterns-master\Software-design-patterns-master\src\abstractFactory\NokiaN70.java,abstractFactory.NokiaN70,price/0,FALSE,20,0,1,1,0,1,0,3,1,0,0,0,0,0,0,0,0,0,0,0,0,0,0,0,0,0,1,1,0,FALSE
C:\Users\OOPS\Downloads\Software-design-patterns-master\Software-design-patterns-master\src\abstractFactory\NokiaN70.java,abstractFactory.NokiaN70,name/0,FALSE,10,0,1,1,0,1,0,3,1,0,0,0,0,0,0,0,0,0,0,0,0,0,0,0,0,0,1,1,0,FALSE
C:\Users\OOPS\Downloads\Software-design-patterns-master\Software-design-patterns-master\src\abstractFactory\NokiaN70.java,abstractFactory.NokiaN70,details/0,FALSE,25,1,3,0,3,1,3,3,1,0,0,3,3,1,0,0,0,0,4,0,0,1,0,0,0,0,1,1,0,FALSE
C:\Users\OOPS\Downloads\Software-design-patterns-master\Software-design-patterns-master\src\factory\Computer.java,factory.Computer,name/0,FALSE,11,0,0,0,0,1,0,1,0,0,0,0,0,0,0,0,0,0,0,0,0,0,0,0,0,0,1,0,0,FALSE
C:\Users\OOPS\Downloads\Software-design-patterns-master\Software-design-patterns-master\src\factory\Computer.java,factory.Computer,details/0,FALSE,12,0,1,1,0,1,0,1,0,0,0,0,0,0,0,0,0,0,0,0,0,0,0,0,0,0,1,0,0,FALSE
C:\Users\OOPS\Downloads\Software-design-patterns-master\Software-design-patterns-master\src\factory\Computer.java,factory.Computer,price/0,FALSE,9,0,0,0,0,1,0,1,0,0,0,0,0,0,0,0,0,0,0,0,0,0,0,0,0,0,1,0,0,FALSE
C:\Users\OOPS\Downloads\Software-design-patterns-master\Software-design-patterns-master\src\factory\Computer.java,factory.Computer,brand/0,FALSE,10,0,0,0,0,1,0,1,0,0,0,0,0,0,0,0,0,0,0,0,0,0,0,0,0,0,1,0,0,FALSE
C:\Users\OOPS\Downloads\Software-design-patterns-master\Software-design-patterns-master\src\factory\Main.java,factory.Main,main/1[java.lang.String[]],FALSE,10,2,3,0,3,1,3,10,0,4,1,3,0,0,0,0,0,0,4,0,4,0,0,0,0,0,10,9,0,FALSE
C:\Users\OOPS\Downloads\Software-design-patterns-master\Software-design-patterns-master\src\factory\Factory.java,factory.Factory,getComputer/1[java.lang.String],FALSE,9,4,4,1,3,4,1,12,4,0,1,1,0,0,0,0,0,0,3,0,0,0,1,0,0,0,8,1,0,FALSE
C:\Users\OOPS\Downloads\Software-design-patterns-master\Software-design-patterns-master\src\abstractFactory\Iphone12.java,abstractFactory.Iphone12,brand/0,FALSE,15,0,1,1,0,1,0,3,1,0,0,0,0,0,0,0,0,0,0,0,0,0,0,0,0,0,1,1,0,FALSE
C:\Users\OOPS\Downloads\Software-design-patterns-master\Software-design-patterns-master\src\abstractFactory\Iphone12.java,abstractFactory.Iphone12,price/0,FALSE,20,0,1,1,0,1,0,3,1,0,0,0,0,0,0,0,0,0,0,0,0,0,0,0,0,0,1,1,0,FALSE
C:\Users\OOPS\Downloads\Software-design-patterns-master\Software-design-patterns-master\src\abstractFactory\Iphone12.java,abstractFactory.Iphone12,name/0,FALSE,10,0,1,1,0,1,0,3,1,0,0,0,0,0,0,0,0,0,0,0,0,0,0,0,0,0,1,1,0,FALSE
C:\Users\OOPS\Downloads\Software-design-patterns-master\Software-design-patterns-master\src\abstractFactory\Iphone12.java,abstractFactory.Iphone12,details/0,FALSE,25,1,3,0,3,1,3,3,1,0,0,3,3,1,0,0,0,0,4,0,0,1,0,0,0,0,1,1,0,FALSE
C:\Users\OOPS\Downloads\Software-design-patterns-master\Software-design-patterns-master\src\abstractFactory\SamsungS10.java,abstractFactory.SamsungS10,brand/0,FALSE,15,0,1,1,0,1,0,3,1,0,0,0,0,0,0,0,0,0,0,0,0,0,0,0,0,0,1,1,0,FALSE
C:\Users\OOPS\Downloads\Software-design-patterns-master\Software-design-patterns-master\src\abstractFactory\SamsungS10.java,abstractFactory.SamsungS10,price/0,FALSE,20,0,1,1,0,1,0,3,1,0,0,0,0,0,0,0,0,0,0,0,0,0,0,0,0,0,1,1,0,FALSE
C:\Users\OOPS\Downloads\Software-design-patterns-master\Software-design-patterns-master\src\abstractFactory\SamsungS10.java,abstractFactory.SamsungS10,name/0,FALSE,10,0,1,1,0,1,0,3,1,0,0,0,0,0,0,0,0,0,0,0,0,0,0,0,0,0,1,1,0,FALSE
C:\Users\OOPS\Downloads\Software-design-patterns-master\Software-design-patterns-master\src\abstractFactory\SamsungS10.java,abstractFactory.SamsungS10,details/0,FALSE,25,1,3,0,3,1,3,3,1,0,0,3,3,1,0,0,0,0,4,0,0,1,0,0,0,0,1,1,0,FALSE
C:\Users\OOPS\Downloads\Software-design-patterns-master\Software-design-patterns-master\src\abstractFactory\SamsungS20.java,abstractFactory.SamsungS20,brand/0,FALSE,15,0,1,1,0,1,0,3,1,0,0,0,0,0,0,0,0,0,0,0,0,0,0,0,0,0,1,1,0,FALSE
C:\Users\OOPS\Downloads\Software-design-patterns-master\Software-design-patterns-master\src\abstractFactory\SamsungS20.java,abstractFactory.SamsungS20,price/0,FALSE,20,0,1,1,0,1,0,3,1,0,0,0,0,0,0,0,0,0,0,0,0,0,0,0,0,0,1,1,0,FALSE
C:\Users\OOPS\Downloads\Software-design-patterns-master\Software-design-patterns-master\src\abstractFactory\SamsungS20.java,abstractFactory.SamsungS20,name/0,FALSE,10,0,1,1,0,1,0,3,1,0,0,0,0,0,0,0,0,0,0,0,0,0,0,0,0,0,1,1,0,FALSE
C:\Users\OOPS\Downloads\Software-design-patterns-master\Software-design-patterns-master\src\abstractFactory\SamsungS20.java,abstractFactory.SamsungS20,details/0,FALSE,25,1,3,0,3,1,3,3,1,0,0,3,3,1,0,0,0,0,4,0,0,1,0,0,0,0,1,1,0,FALSE
C:\Users\OOPS\Downloads\Software-design-patterns-master\Software-design-patterns-master\src\abstractFactory\Smartphone.java,abstractFactory.Smartphone,brand/0,FALSE,5,0,0,0,0,1,0,1,0,0,0,0,0,0,0,0,0,0,0,0,0,0,0,0,0,0,1,0,0,FALSE
C:\Users\OOPS\Downloads\Software-design-patterns-master\Software-design-patterns-master\src\abstractFactory\Smartphone.java,abstractFactory.Smartphone,price/0,FALSE,6,0,0,0,0,1,0,1,0,0,0,0,0,0,0,0,0,0,0,0,0,0,0,0,0,0,1,0,0,FALSE
C:\Users\OOPS\Downloads\Software-design-patterns-master\Software-design-patterns-master\src\abstractFactory\Smartphone.java,abstractFactory.Smartphone,name/0,FALSE,4,0,0,0,0,1,0,1,0,0,0,0,0,0,0,0,0,0,0,0,0,0,0,0,0,0,1,0,0,FALSE
C:\Users\OOPS\Downloads\Software-design-patterns-master\Software-design-patterns-master\src\abstractFactory\Smartphone.java,abstractFactory.Smartphone,details/0,FALSE,7,0,1,1,0,1,0,1,0,0,0,0,0,0,0,0,0,0,0,0,0,0,0,0,0,0,1,0,0,FALSE
C:\Users\OOPS\Downloads\Software-design-patterns-master\Software-design-patterns-master\src\abstractFactory\FactoryGenerator.java,abstractFactory.FactoryGenerator,getFactory/1[java.lang.String],FALSE,8,4,4,1,3,4,1,12,4,0,1,1,0,0,0,0,0,0,3,0,0,0,1,0,0,0,8,9,0,FALSE
