file,class,method,variable,usage
C:\Users\OOPS\Downloads\Software-design-patterns-master\Software-design-patterns-master\src\abstractFactory\NokiaFactory.java,abstractFactory.NokiaFactory,getSmartPhone/1[java.lang.String],name,2
C:\Users\OOPS\Downloads\Software-design-patterns-master\Software-design-patterns-master\src\abstractFactory\Main.java,abstractFactory.Main,main/1[java.lang.String[]],args,0
C:\Users\OOPS\Downloads\Software-design-patterns-master\Software-design-patterns-master\src\abstractFactory\Main.java,abstractFactory.Main,main/1[java.lang.String[]],nokiaFactory,2
C:\Users\OOPS\Downloads\Software-design-patterns-master\Software-design-patterns-master\src\abstractFactory\Main.java,abstractFactory.Main,main/1[java.lang.String[]],samsungS10,1
C:\Users\OOPS\Downloads\Software-design-patterns-master\Software-design-patterns-master\src\abstractFactory\Main.java,abstractFactory.Main,main/1[java.lang.String[]],nokiaN70,1
C:\Users\OOPS\Downloads\Software-design-patterns-master\Software-design-patterns-master\src\abstractFactory\Main.java,abstractFactory.Main,main/1[java.lang.String[]],nokiaN95,1
C:\Users\OOPS\Downloads\Software-design-patterns-master\Software-design-patterns-master\src\abstractFactory\Main.java,abstractFactory.Main,main/1[java.lang.String[]],iphoneX,1
C:\Users\OOPS\Downloads\Software-design-patterns-master\Software-design-patterns-master\src\abstractFactory\Main.java,abstractFactory.Main,main/1[java.lang.String[]],samsungS20,1
C:\Users\OOPS\Downloads\Software-design-patterns-master\Software-design-patterns-master\src\abstractFactory\Main.java,abstractFactory.Main,main/1[java.lang.String[]],samsungFactory,2
C:\Users\OOPS\Downloads\Software-design-patterns-master\Software-design-patterns-master\src\abstractFactory\Main.java,abstractFactory.Main,main/1[java.lang.String[]],iphone12,1
C:\Users\OOPS\Downloads\Software-design-patterns-master\Software-design-patterns-master\src\abstractFactory\Main.java,abstractFactory.Main,main/1[java.lang.String[]],iphoneFactory,2
C:\Users\OOPS\Downloads\Software-design-patterns-master\Software-design-patterns-master\src\abstractFactory\IphoneFactory.java,abstractFactory.IphoneFactory,getSmartPhone/1[java.lang.String],type,2
C:\Users\OOPS\Downloads\Software-design-patterns-master\Software-design-patterns-master\src\abstractFactory\AbstractFactory.java,abstractFactory.AbstractFactory,getSmartPhone/1[java.lang.String],name,0
C:\Users\OOPS\Downloads\Software-design-patterns-master\Software-design-patterns-master\src\abstractFactory\SamsungFactory.java,abstractFactory.SamsungFactory,getSmartPhone/1[java.lang.String],name,2
C:\Users\OOPS\Downloads\Software-design-patterns-master\Software-design-patterns-master\src\factory\Main.java,factory.Main,main/1[java.lang.String[]],args,0
C:\Users\OOPS\Downloads\Software-design-patterns-master\Software-design-patterns-master\src\factory\Main.java,factory.Main,main/1[java.lang.String[]],factory,3
C:\Users\OOPS\Downloads\Software-design-patterns-master\Software-design-patterns-master\src\factory\Main.java,factory.Main,main/1[java.lang.String[]],macbook,1
C:\Users\OOPS\Downloads\Software-design-patterns-master\Software-design-patterns-master\src\factory\Main.java,factory.Main,main/1[java.lang.String[]],hp,1
C:\Users\OOPS\Downloads\Software-design-patterns-master\Software-design-patterns-master\src\factory\Main.java,factory.Main,main/1[java.lang.String[]],dell,1
C:\Users\OOPS\Downloads\Software-design-patterns-master\Software-design-patterns-master\src\factory\Factory.java,factory.Factory,getComputer/1[java.lang.String],type,3
C:\Users\OOPS\Downloads\Software-design-patterns-master\Software-design-patterns-master\src\abstractFactory\FactoryGenerator.java,abstractFactory.FactoryGenerator,getFactory/1[java.lang.String],type,3
