file,class,method,variable,usage
/home/x1/Desktop/ass/ass16/Book-Store-Project-main/project/project/src/main/java/com/example/project/controller/RegisterController.java,com.example.project.controller.RegisterController,"register/2[com.example.project.model.User,com.example.project.controller.ModelMap]",userService,1
/home/x1/Desktop/ass/ass16/Book-Store-Project-main/project/project/src/main/java/com/example/project/controller/LoginController.java,com.example.project.controller.LoginController,"login/3[com.example.project.model.Login,com.example.project.controller.BindingResult,com.example.project.controller.ModelMap]",userService,1
/home/x1/Desktop/ass/ass16/Book-Store-Project-main/project/project/src/main/java/com/example/project/model/User.java,com.example.project.model.User,getPhone/0,phone,1
/home/x1/Desktop/ass/ass16/Book-Store-Project-main/project/project/src/main/java/com/example/project/model/User.java,com.example.project.model.User,setPassword/1[java.lang.String],password,3
/home/x1/Desktop/ass/ass16/Book-Store-Project-main/project/project/src/main/java/com/example/project/model/User.java,com.example.project.model.User,setPhone/1[java.lang.String],phone,3
/home/x1/Desktop/ass/ass16/Book-Store-Project-main/project/project/src/main/java/com/example/project/model/User.java,com.example.project.model.User,setAddress/1[java.lang.String],address,3
/home/x1/Desktop/ass/ass16/Book-Store-Project-main/project/project/src/main/java/com/example/project/model/User.java,com.example.project.model.User,getLastname/0,lastname,1
/home/x1/Desktop/ass/ass16/Book-Store-Project-main/project/project/src/main/java/com/example/project/model/User.java,com.example.project.model.User,getFirstname/0,firstname,1
/home/x1/Desktop/ass/ass16/Book-Store-Project-main/project/project/src/main/java/com/example/project/model/User.java,com.example.project.model.User,setLastname/1[java.lang.String],lastname,3
/home/x1/Desktop/ass/ass16/Book-Store-Project-main/project/project/src/main/java/com/example/project/model/User.java,com.example.project.model.User,getEmail/0,email,1
/home/x1/Desktop/ass/ass16/Book-Store-Project-main/project/project/src/main/java/com/example/project/model/User.java,com.example.project.model.User,getUsername/0,username,1
/home/x1/Desktop/ass/ass16/Book-Store-Project-main/project/project/src/main/java/com/example/project/model/User.java,com.example.project.model.User,setEmail/1[java.lang.String],email,3
/home/x1/Desktop/ass/ass16/Book-Store-Project-main/project/project/src/main/java/com/example/project/model/User.java,com.example.project.model.User,setId/1[java.lang.Integer],id,3
/home/x1/Desktop/ass/ass16/Book-Store-Project-main/project/project/src/main/java/com/example/project/model/User.java,com.example.project.model.User,getPassword/0,password,1
/home/x1/Desktop/ass/ass16/Book-Store-Project-main/project/project/src/main/java/com/example/project/model/User.java,com.example.project.model.User,getAddress/0,address,1
/home/x1/Desktop/ass/ass16/Book-Store-Project-main/project/project/src/main/java/com/example/project/model/User.java,com.example.project.model.User,getId/0,id,1
/home/x1/Desktop/ass/ass16/Book-Store-Project-main/project/project/src/main/java/com/example/project/model/User.java,com.example.project.model.User,setUsername/1[java.lang.String],username,3
/home/x1/Desktop/ass/ass16/Book-Store-Project-main/project/project/src/main/java/com/example/project/model/User.java,com.example.project.model.User,setFirstname/1[java.lang.String],firstname,3
/home/x1/Desktop/ass/ass16/Book-Store-Project-main/project/project/src/main/java/com/example/project/service/UserServiceImpl.java,com.example.project.service.UserServiceImpl,validateUser/1[com.example.project.model.Login],userRepository,1
/home/x1/Desktop/ass/ass16/Book-Store-Project-main/project/project/src/main/java/com/example/project/service/UserServiceImpl.java,com.example.project.service.UserServiceImpl,addUser/1[com.example.project.model.User],userRepository,1
/home/x1/Desktop/ass/ass16/Book-Store-Project-main/project/project/src/main/java/com/example/project/model/Login.java,com.example.project.model.Login,setUsername/1[java.lang.String],username,3
/home/x1/Desktop/ass/ass16/Book-Store-Project-main/project/project/src/main/java/com/example/project/model/Login.java,com.example.project.model.Login,setPassword/1[java.lang.String],password,3
/home/x1/Desktop/ass/ass16/Book-Store-Project-main/project/project/src/main/java/com/example/project/model/Login.java,com.example.project.model.Login,getUsername/0,username,1
/home/x1/Desktop/ass/ass16/Book-Store-Project-main/project/project/src/main/java/com/example/project/model/Login.java,com.example.project.model.Login,getPassword/0,password,1
