file,class,method,constructor,line,cbo,cboModified,fanin,fanout,wmc,rfc,loc,returnsQty,variablesQty,parametersQty,methodsInvokedQty,methodsInvokedLocalQty,methodsInvokedIndirectLocalQty,loopQty,comparisonsQty,tryCatchQty,parenthesizedExpsQty,stringLiteralsQty,numbersQty,assignmentsQty,mathOperationsQty,maxNestedBlocksQty,anonymousClassesQty,innerClassesQty,lambdasQty,uniqueWordsQty,modifiers,logStatementsQty,hasJavaDoc
/home/x1/Desktop/ass/ass16/Book-Store-Project-main/project/project/src/main/java/com/example/project/controller/RegisterController.java,com.example.project.controller.RegisterController,"register/2[com.example.project.model.User,com.example.project.controller.ModelMap]",false,23,5,2,0,2,1,3,5,1,0,2,3,0,0,0,0,0,0,4,0,0,0,0,0,0,0,4,1,0,false
/home/x1/Desktop/ass/ass16/Book-Store-Project-main/project/project/src/main/java/com/example/project/controller/RegisterController.java,com.example.project.controller.RegisterController,register/1[com.example.project.model.User],false,18,3,0,0,0,1,0,3,1,0,1,0,0,0,0,0,0,0,3,0,0,0,0,0,0,0,3,1,0,false
/home/x1/Desktop/ass/ass16/Book-Store-Project-main/project/project/src/main/java/com/example/project/ServletInitializer.java,com.example.project.ServletInitializer,configure/1[com.example.project.SpringApplicationBuilder],false,11,2,0,0,0,1,1,3,1,0,1,1,0,0,0,0,0,0,0,0,0,0,0,0,0,0,5,4,0,false
/home/x1/Desktop/ass/ass16/Book-Store-Project-main/project/project/src/main/java/com/example/project/controller/LoginController.java,com.example.project.controller.LoginController,"login/3[com.example.project.model.Login,com.example.project.controller.BindingResult,com.example.project.controller.ModelMap]",false,28,7,5,0,5,5,7,9,1,2,3,7,0,0,0,1,0,0,5,0,3,0,1,0,0,0,10,1,0,false
/home/x1/Desktop/ass/ass16/Book-Store-Project-main/project/project/src/main/java/com/example/project/controller/LoginController.java,com.example.project.controller.LoginController,login/1[com.example.project.controller.ModelMap],false,21,3,1,0,1,1,1,4,1,0,1,1,0,0,0,0,0,0,2,0,0,0,0,0,0,0,5,1,0,false
/home/x1/Desktop/ass/ass16/Book-Store-Project-main/project/project/src/main/java/com/example/project/model/User.java,com.example.project.model.User,getPhone/0,false,71,0,0,0,0,1,0,3,1,0,0,0,0,0,0,0,0,0,0,0,0,0,0,0,0,0,3,1,0,false
/home/x1/Desktop/ass/ass16/Book-Store-Project-main/project/project/src/main/java/com/example/project/model/User.java,com.example.project.model.User,setPassword/1[java.lang.String],false,43,0,0,0,0,1,0,3,0,0,1,0,0,0,0,0,0,0,0,0,1,0,0,0,0,0,3,1,0,false
/home/x1/Desktop/ass/ass16/Book-Store-Project-main/project/project/src/main/java/com/example/project/model/User.java,com.example.project.model.User,setPhone/1[java.lang.String],false,75,0,0,0,0,1,0,3,0,0,1,0,0,0,0,0,0,0,0,0,1,0,0,0,0,0,3,1,0,false
/home/x1/Desktop/ass/ass16/Book-Store-Project-main/project/project/src/main/java/com/example/project/model/User.java,com.example.project.model.User,setAddress/1[java.lang.String],false,23,0,0,0,0,1,0,3,0,0,1,0,0,0,0,0,0,0,0,0,1,0,0,0,0,0,3,1,0,false
/home/x1/Desktop/ass/ass16/Book-Store-Project-main/project/project/src/main/java/com/example/project/model/User.java,com.example.project.model.User,getLastname/0,false,55,0,0,0,0,1,0,3,1,0,0,0,0,0,0,0,0,0,0,0,0,0,0,0,0,0,3,1,0,false
/home/x1/Desktop/ass/ass16/Book-Store-Project-main/project/project/src/main/java/com/example/project/model/User.java,com.example.project.model.User,getFirstname/0,false,47,0,0,0,0,1,0,3,1,0,0,0,0,0,0,0,0,0,0,0,0,0,0,0,0,0,3,1,0,false
/home/x1/Desktop/ass/ass16/Book-Store-Project-main/project/project/src/main/java/com/example/project/model/User.java,com.example.project.model.User,setLastname/1[java.lang.String],false,59,0,0,0,0,1,0,3,0,0,1,0,0,0,0,0,0,0,0,0,1,0,0,0,0,0,3,1,0,false
/home/x1/Desktop/ass/ass16/Book-Store-Project-main/project/project/src/main/java/com/example/project/model/User.java,com.example.project.model.User,getEmail/0,false,63,0,0,0,0,1,0,3,1,0,0,0,0,0,0,0,0,0,0,0,0,0,0,0,0,0,3,1,0,false
/home/x1/Desktop/ass/ass16/Book-Store-Project-main/project/project/src/main/java/com/example/project/model/User.java,com.example.project.model.User,getUsername/0,false,31,0,2,2,0,1,0,3,1,0,0,0,0,0,0,0,0,0,0,0,0,0,0,0,0,0,3,1,0,false
/home/x1/Desktop/ass/ass16/Book-Store-Project-main/project/project/src/main/java/com/example/project/model/User.java,com.example.project.model.User,setEmail/1[java.lang.String],false,67,0,0,0,0,1,0,3,0,0,1,0,0,0,0,0,0,0,0,0,1,0,0,0,0,0,3,1,0,false
/home/x1/Desktop/ass/ass16/Book-Store-Project-main/project/project/src/main/java/com/example/project/model/User.java,com.example.project.model.User,User/0,true,79,0,0,0,0,1,0,2,0,0,0,0,0,0,0,0,0,0,0,0,0,0,0,0,0,0,1,1,0,false
/home/x1/Desktop/ass/ass16/Book-Store-Project-main/project/project/src/main/java/com/example/project/model/User.java,com.example.project.model.User,setId/1[java.lang.Integer],false,29,0,0,0,0,1,0,3,0,0,1,0,0,0,0,0,0,0,0,0,1,0,0,0,0,0,4,1,0,false
/home/x1/Desktop/ass/ass16/Book-Store-Project-main/project/project/src/main/java/com/example/project/model/User.java,com.example.project.model.User,getPassword/0,false,39,0,1,1,0,1,0,3,1,0,0,0,0,0,0,0,0,0,0,0,0,0,0,0,0,0,3,1,0,false
/home/x1/Desktop/ass/ass16/Book-Store-Project-main/project/project/src/main/java/com/example/project/model/User.java,com.example.project.model.User,getAddress/0,false,21,0,0,0,0,1,0,3,1,0,0,0,0,0,0,0,0,0,0,0,0,0,0,0,0,0,3,1,0,false
/home/x1/Desktop/ass/ass16/Book-Store-Project-main/project/project/src/main/java/com/example/project/model/User.java,com.example.project.model.User,getId/0,false,27,0,0,0,0,1,0,3,1,0,0,0,0,0,0,0,0,0,0,0,0,0,0,0,0,0,4,1,0,false
/home/x1/Desktop/ass/ass16/Book-Store-Project-main/project/project/src/main/java/com/example/project/model/User.java,com.example.project.model.User,setUsername/1[java.lang.String],false,35,0,0,0,0,1,0,3,0,0,1,0,0,0,0,0,0,0,0,0,1,0,0,0,0,0,3,1,0,false
/home/x1/Desktop/ass/ass16/Book-Store-Project-main/project/project/src/main/java/com/example/project/model/User.java,com.example.project.model.User,setFirstname/1[java.lang.String],false,51,0,0,0,0,1,0,3,0,0,1,0,0,0,0,0,0,0,0,0,1,0,0,0,0,0,3,1,0,false
/home/x1/Desktop/ass/ass16/Book-Store-Project-main/project/project/src/main/java/com/example/project/service/UserService.java,com.example.project.service.UserService,validateUser/1[com.example.project.model.Login],false,10,2,1,1,0,1,0,1,0,0,1,0,0,0,0,0,0,0,0,0,0,0,0,0,0,0,4,0,0,false
/home/x1/Desktop/ass/ass16/Book-Store-Project-main/project/project/src/main/java/com/example/project/service/UserService.java,com.example.project.service.UserService,addUser/1[com.example.project.model.User],false,9,1,1,1,0,1,0,1,0,0,1,0,0,0,0,0,0,0,0,0,0,0,0,0,0,0,3,0,0,false
/home/x1/Desktop/ass/ass16/Book-Store-Project-main/project/project/src/test/java/com/example/project/ProjectApplicationTests.java,com.example.project.ProjectApplicationTests,contextLoads/0,false,10,1,0,0,0,1,0,2,0,0,0,0,0,0,0,0,0,0,0,0,0,0,0,0,0,0,2,0,0,false
/home/x1/Desktop/ass/ass16/Book-Store-Project-main/project/project/src/main/java/com/example/project/controller/HomeController.java,com.example.project.controller.HomeController,"homepage/1[java.util.Map<java.lang.String,java.lang.Object>]",false,12,1,0,0,0,1,0,3,1,0,1,0,0,0,0,0,0,0,2,0,0,0,0,0,0,0,2,1,0,false
/home/x1/Desktop/ass/ass16/Book-Store-Project-main/project/project/src/main/java/com/example/project/ProjectApplication.java,com.example.project.ProjectApplication,main/1[java.lang.String[]],false,9,1,0,0,0,1,1,3,0,0,1,1,0,0,0,0,0,0,0,0,0,0,0,0,0,0,2,9,0,false
/home/x1/Desktop/ass/ass16/Book-Store-Project-main/project/project/src/main/java/com/example/project/repository/ProjectRepository.java,com.example.project.repository.ProjectRepository,findByUsername/1[java.lang.String],false,8,1,1,1,0,1,0,1,0,0,1,0,0,0,0,0,0,0,0,0,0,0,0,0,0,0,5,0,0,false
/home/x1/Desktop/ass/ass16/Book-Store-Project-main/project/project/src/main/java/com/example/project/Configuration.java,com.example.project.Configuration,addResourceHandlers/1[com.example.project.ResourceHandlerRegistry],false,13,1,0,0,0,1,2,3,0,0,1,2,0,0,0,0,0,0,2,0,0,0,0,0,0,0,13,1,0,false
/home/x1/Desktop/ass/ass16/Book-Store-Project-main/project/project/src/main/java/com/example/project/Configuration.java,com.example.project.Configuration,viewResolver/0,false,19,3,0,0,0,1,3,7,1,1,0,3,0,0,0,0,0,0,2,1,1,0,0,0,0,0,13,1,0,false
/home/x1/Desktop/ass/ass16/Book-Store-Project-main/project/project/src/main/java/com/example/project/service/UserServiceImpl.java,com.example.project.service.UserServiceImpl,validateUser/1[com.example.project.model.Login],false,20,3,2,0,2,1,2,3,1,0,1,2,0,0,0,0,0,0,0,0,0,0,0,0,0,0,4,1,0,false
/home/x1/Desktop/ass/ass16/Book-Store-Project-main/project/project/src/main/java/com/example/project/service/UserServiceImpl.java,com.example.project.service.UserServiceImpl,addUser/1[com.example.project.model.User],false,16,1,0,0,0,1,1,3,0,0,1,1,0,0,0,0,0,0,0,0,0,0,0,0,0,0,3,1,0,false
/home/x1/Desktop/ass/ass16/Book-Store-Project-main/project/project/src/main/java/com/example/project/model/Login.java,com.example.project.model.Login,setUsername/1[java.lang.String],false,9,0,0,0,0,1,0,3,0,0,1,0,0,0,0,0,0,0,0,0,1,0,0,0,0,0,3,1,0,false
/home/x1/Desktop/ass/ass16/Book-Store-Project-main/project/project/src/main/java/com/example/project/model/Login.java,com.example.project.model.Login,setPassword/1[java.lang.String],false,13,0,0,0,0,1,0,3,0,0,1,0,0,0,0,0,0,0,0,0,1,0,0,0,0,0,3,1,0,false
/home/x1/Desktop/ass/ass16/Book-Store-Project-main/project/project/src/main/java/com/example/project/model/Login.java,com.example.project.model.Login,getUsername/0,false,7,0,2,2,0,1,0,3,1,0,0,0,0,0,0,0,0,0,0,0,0,0,0,0,0,0,3,1,0,false
/home/x1/Desktop/ass/ass16/Book-Store-Project-main/project/project/src/main/java/com/example/project/model/Login.java,com.example.project.model.Login,getPassword/0,false,11,0,1,1,0,1,0,3,1,0,0,0,0,0,0,0,0,0,0,0,0,0,0,0,0,0,3,1,0,false
/home/x1/Desktop/ass/ass16/Book-Store-Project-main/project/project/src/main/java/com/example/project/model/Login.java,com.example.project.model.Login,Login/0,true,15,0,1,1,0,1,0,2,0,0,0,0,0,0,0,0,0,0,0,0,0,0,0,0,0,0,1,1,0,false
