file,class,method,variable,usage
/home/x1/Desktop/ass/ass16/Book-Store-Project-main/project/project/src/main/java/com/example/project/controller/RegisterController.java,com.example.project.controller.RegisterController,"register/2[com.example.project.model.User,com.example.project.controller.ModelMap]",model,1
/home/x1/Desktop/ass/ass16/Book-Store-Project-main/project/project/src/main/java/com/example/project/controller/RegisterController.java,com.example.project.controller.RegisterController,"register/2[com.example.project.model.User,com.example.project.controller.ModelMap]",user,2
/home/x1/Desktop/ass/ass16/Book-Store-Project-main/project/project/src/main/java/com/example/project/controller/RegisterController.java,com.example.project.controller.RegisterController,register/1[com.example.project.model.User],user,0
/home/x1/Desktop/ass/ass16/Book-Store-Project-main/project/project/src/main/java/com/example/project/ServletInitializer.java,com.example.project.ServletInitializer,configure/1[com.example.project.SpringApplicationBuilder],application,1
/home/x1/Desktop/ass/ass16/Book-Store-Project-main/project/project/src/main/java/com/example/project/controller/LoginController.java,com.example.project.controller.LoginController,"login/3[com.example.project.model.Login,com.example.project.controller.BindingResult,com.example.project.controller.ModelMap]",bindingResult,0
/home/x1/Desktop/ass/ass16/Book-Store-Project-main/project/project/src/main/java/com/example/project/controller/LoginController.java,com.example.project.controller.LoginController,"login/3[com.example.project.model.Login,com.example.project.controller.BindingResult,com.example.project.controller.ModelMap]",model,1
/home/x1/Desktop/ass/ass16/Book-Store-Project-main/project/project/src/main/java/com/example/project/controller/LoginController.java,com.example.project.controller.LoginController,"login/3[com.example.project.model.Login,com.example.project.controller.BindingResult,com.example.project.controller.ModelMap]",login,3
/home/x1/Desktop/ass/ass16/Book-Store-Project-main/project/project/src/main/java/com/example/project/controller/LoginController.java,com.example.project.controller.LoginController,"login/3[com.example.project.model.Login,com.example.project.controller.BindingResult,com.example.project.controller.ModelMap]",isValidUser,2
/home/x1/Desktop/ass/ass16/Book-Store-Project-main/project/project/src/main/java/com/example/project/controller/LoginController.java,com.example.project.controller.LoginController,"login/3[com.example.project.model.Login,com.example.project.controller.BindingResult,com.example.project.controller.ModelMap]",user,4
/home/x1/Desktop/ass/ass16/Book-Store-Project-main/project/project/src/main/java/com/example/project/controller/LoginController.java,com.example.project.controller.LoginController,login/1[com.example.project.controller.ModelMap],model,1
/home/x1/Desktop/ass/ass16/Book-Store-Project-main/project/project/src/main/java/com/example/project/model/User.java,com.example.project.model.User,setPassword/1[java.lang.String],password,2
/home/x1/Desktop/ass/ass16/Book-Store-Project-main/project/project/src/main/java/com/example/project/model/User.java,com.example.project.model.User,setPhone/1[java.lang.String],phone,2
/home/x1/Desktop/ass/ass16/Book-Store-Project-main/project/project/src/main/java/com/example/project/model/User.java,com.example.project.model.User,setAddress/1[java.lang.String],address,2
/home/x1/Desktop/ass/ass16/Book-Store-Project-main/project/project/src/main/java/com/example/project/model/User.java,com.example.project.model.User,setLastname/1[java.lang.String],lastname,2
/home/x1/Desktop/ass/ass16/Book-Store-Project-main/project/project/src/main/java/com/example/project/model/User.java,com.example.project.model.User,setEmail/1[java.lang.String],email,2
/home/x1/Desktop/ass/ass16/Book-Store-Project-main/project/project/src/main/java/com/example/project/model/User.java,com.example.project.model.User,setId/1[java.lang.Integer],id,2
/home/x1/Desktop/ass/ass16/Book-Store-Project-main/project/project/src/main/java/com/example/project/model/User.java,com.example.project.model.User,setUsername/1[java.lang.String],username,2
/home/x1/Desktop/ass/ass16/Book-Store-Project-main/project/project/src/main/java/com/example/project/model/User.java,com.example.project.model.User,setFirstname/1[java.lang.String],firstname,2
/home/x1/Desktop/ass/ass16/Book-Store-Project-main/project/project/src/main/java/com/example/project/service/UserService.java,com.example.project.service.UserService,validateUser/1[com.example.project.model.Login],login,0
/home/x1/Desktop/ass/ass16/Book-Store-Project-main/project/project/src/main/java/com/example/project/service/UserService.java,com.example.project.service.UserService,addUser/1[com.example.project.model.User],user,0
/home/x1/Desktop/ass/ass16/Book-Store-Project-main/project/project/src/main/java/com/example/project/controller/HomeController.java,com.example.project.controller.HomeController,"homepage/1[java.util.Map<java.lang.String,java.lang.Object>]",model,0
/home/x1/Desktop/ass/ass16/Book-Store-Project-main/project/project/src/main/java/com/example/project/ProjectApplication.java,com.example.project.ProjectApplication,main/1[java.lang.String[]],args,1
/home/x1/Desktop/ass/ass16/Book-Store-Project-main/project/project/src/main/java/com/example/project/repository/ProjectRepository.java,com.example.project.repository.ProjectRepository,findByUsername/1[java.lang.String],username,0
/home/x1/Desktop/ass/ass16/Book-Store-Project-main/project/project/src/main/java/com/example/project/Configuration.java,com.example.project.Configuration,addResourceHandlers/1[com.example.project.ResourceHandlerRegistry],registry,1
/home/x1/Desktop/ass/ass16/Book-Store-Project-main/project/project/src/main/java/com/example/project/Configuration.java,com.example.project.Configuration,viewResolver/0,bean,4
/home/x1/Desktop/ass/ass16/Book-Store-Project-main/project/project/src/main/java/com/example/project/service/UserServiceImpl.java,com.example.project.service.UserServiceImpl,validateUser/1[com.example.project.model.Login],login,1
/home/x1/Desktop/ass/ass16/Book-Store-Project-main/project/project/src/main/java/com/example/project/service/UserServiceImpl.java,com.example.project.service.UserServiceImpl,addUser/1[com.example.project.model.User],user,1
/home/x1/Desktop/ass/ass16/Book-Store-Project-main/project/project/src/main/java/com/example/project/model/Login.java,com.example.project.model.Login,setUsername/1[java.lang.String],username,2
/home/x1/Desktop/ass/ass16/Book-Store-Project-main/project/project/src/main/java/com/example/project/model/Login.java,com.example.project.model.Login,setPassword/1[java.lang.String],password,2
