file,class,method,constructor,line,cbo,cboModified,fanin,fanout,wmc,rfc,loc,returnsQty,variablesQty,parametersQty,methodsInvokedQty,methodsInvokedLocalQty,methodsInvokedIndirectLocalQty,loopQty,comparisonsQty,tryCatchQty,parenthesizedExpsQty,stringLiteralsQty,numbersQty,assignmentsQty,mathOperationsQty,maxNestedBlocksQty,anonymousClassesQty,innerClassesQty,lambdasQty,uniqueWordsQty,modifiers,logStatementsQty,hasJavaDoc
/home/x1/Desktop/ass/ass16/Simple_ATM-Machine-main/ATM-Machine-master/ATM/Account.java,Account,setPinNumber/1[int],false,39,0,0,0,0,1,0,4,1,0,1,0,0,0,0,0,0,0,0,0,1,0,0,0,0,0,4,1,0,false
/home/x1/Desktop/ass/ass16/Simple_ATM-Machine-main/ATM-Machine-master/ATM/Account.java,Account,calcSavingWithdraw/1[double],false,61,0,1,1,0,1,0,4,1,0,1,0,0,0,0,0,0,1,0,0,1,1,0,0,0,0,6,1,0,false
/home/x1/Desktop/ass/ass16/Simple_ATM-Machine-main/ATM-Machine-master/ATM/Account.java,Account,calcSavingDeposit/1[double],false,71,0,1,1,0,1,0,4,1,0,1,0,0,0,0,0,0,1,0,0,1,1,0,0,0,0,6,1,0,false
/home/x1/Desktop/ass/ass16/Simple_ATM-Machine-main/ATM-Machine-master/ATM/Account.java,Account,getSavingBalance/0,false,52,0,1,1,0,1,0,3,1,0,0,0,0,0,0,0,0,0,0,0,0,0,0,0,0,0,4,1,0,false
/home/x1/Desktop/ass/ass16/Simple_ATM-Machine-main/ATM-Machine-master/ATM/Account.java,Account,getCheckingBalance/0,false,48,0,1,1,0,1,0,3,1,0,0,0,0,0,0,0,0,0,0,0,0,0,0,0,0,0,4,1,0,false
/home/x1/Desktop/ass/ass16/Simple_ATM-Machine-main/ATM-Machine-master/ATM/Account.java,Account,getTransferInput/1[java.lang.String],false,171,1,4,2,2,15,9,67,2,5,1,9,2,1,1,0,1,4,23,10,7,10,5,0,0,0,37,1,0,false
/home/x1/Desktop/ass/ass16/Simple_ATM-Machine-main/ATM-Machine-master/ATM/Account.java,Account,Account/0,true,15,0,0,0,0,1,0,2,0,0,0,0,0,0,0,0,0,0,0,0,0,0,0,0,0,0,1,1,0,false
/home/x1/Desktop/ass/ass16/Simple_ATM-Machine-main/ATM-Machine-master/ATM/Account.java,Account,getCustomerNumber/0,false,35,0,0,0,0,1,0,3,1,0,0,0,0,0,0,0,0,0,0,0,0,0,0,0,0,0,4,1,0,false
/home/x1/Desktop/ass/ass16/Simple_ATM-Machine-main/ATM-Machine-master/ATM/Account.java,Account,calcCheckingWithdraw/1[double],false,56,0,1,1,0,1,0,4,1,0,1,0,0,0,0,0,0,1,0,0,1,1,0,0,0,0,6,1,0,false
/home/x1/Desktop/ass/ass16/Simple_ATM-Machine-main/ATM-Machine-master/ATM/Account.java,Account,calcCheckTransfer/1[double],false,76,0,1,1,0,1,0,4,0,0,1,0,0,0,0,0,0,0,0,0,2,2,0,0,0,0,7,1,0,false
/home/x1/Desktop/ass/ass16/Simple_ATM-Machine-main/ATM-Machine-master/ATM/Account.java,Account,"Account/4[int,int,double,double]",true,23,0,1,1,0,1,0,6,0,0,4,0,0,0,0,0,0,0,0,0,4,0,0,0,0,0,7,1,0,false
/home/x1/Desktop/ass/ass16/Simple_ATM-Machine-main/ATM-Machine-master/ATM/Account.java,Account,getCheckingDepositInput/0,false,128,1,2,1,1,5,6,22,0,2,0,6,1,1,1,0,1,1,5,2,3,3,3,0,0,0,23,1,0,false
/home/x1/Desktop/ass/ass16/Simple_ATM-Machine-main/ATM-Machine-master/ATM/Account.java,Account,getSavingDepositInput/0,false,149,1,2,1,1,5,6,22,0,2,0,6,1,1,1,0,1,1,5,2,3,3,3,0,0,0,24,1,0,false
/home/x1/Desktop/ass/ass16/Simple_ATM-Machine-main/ATM-Machine-master/ATM/Account.java,Account,getCheckingWithdrawInput/0,false,86,1,2,1,1,5,6,22,0,2,0,6,1,1,1,0,1,1,5,2,3,3,3,0,0,0,23,1,0,false
/home/x1/Desktop/ass/ass16/Simple_ATM-Machine-main/ATM-Machine-master/ATM/Account.java,Account,getPinNumber/0,false,44,0,1,1,0,1,0,3,1,0,0,0,0,0,0,0,0,0,0,0,0,0,0,0,0,0,4,1,0,false
/home/x1/Desktop/ass/ass16/Simple_ATM-Machine-main/ATM-Machine-master/ATM/Account.java,Account,setCustomerNumber/1[int],false,30,0,0,0,0,1,0,4,1,0,1,0,0,0,0,0,0,0,0,0,1,0,0,0,0,0,4,1,0,false
/home/x1/Desktop/ass/ass16/Simple_ATM-Machine-main/ATM-Machine-master/ATM/Account.java,Account,calcSavingTransfer/1[double],false,81,0,1,1,0,1,0,4,0,0,1,0,0,0,0,0,0,0,0,0,2,2,0,0,0,0,7,1,0,false
/home/x1/Desktop/ass/ass16/Simple_ATM-Machine-main/ATM-Machine-master/ATM/Account.java,Account,calcCheckingDeposit/1[double],false,66,0,1,1,0,1,0,4,1,0,1,0,0,0,0,0,0,1,0,0,1,1,0,0,0,0,6,1,0,false
/home/x1/Desktop/ass/ass16/Simple_ATM-Machine-main/ATM-Machine-master/ATM/Account.java,Account,"Account/2[int,int]",true,18,0,1,1,0,1,0,4,0,0,2,0,0,0,0,0,0,0,0,0,2,0,0,0,0,0,4,1,0,false
/home/x1/Desktop/ass/ass16/Simple_ATM-Machine-main/ATM-Machine-master/ATM/Account.java,Account,getsavingWithdrawInput/0,false,107,1,2,1,1,5,6,22,0,2,0,6,1,1,1,0,1,1,5,2,3,3,3,0,0,0,23,1,0,false
/home/x1/Desktop/ass/ass16/Simple_ATM-Machine-main/ATM-Machine-master/ATM/OptionMenu.java,OptionMenu,getLogin/0,false,14,2,4,2,2,7,11,29,0,6,0,11,1,2,2,1,1,0,4,2,9,0,4,0,0,0,29,1,0,false
/home/x1/Desktop/ass/ass16/Simple_ATM-Machine-main/ATM-Machine-master/ATM/OptionMenu.java,OptionMenu,mainMenu/0,false,184,2,4,1,3,5,9,32,0,2,0,9,2,3,1,0,1,0,6,13,4,0,3,0,0,0,20,1,0,false
/home/x1/Desktop/ass/ass16/Simple_ATM-Machine-main/ATM-Machine-master/ATM/OptionMenu.java,OptionMenu,createAccount/0,false,154,2,3,1,2,6,10,30,0,5,0,10,1,3,2,0,1,0,6,1,7,0,4,0,0,0,33,1,0,false
/home/x1/Desktop/ass/ass16/Simple_ATM-Machine-main/ATM-Machine-master/ATM/OptionMenu.java,OptionMenu,getAccountType/1[Account],false,43,2,3,1,2,6,6,30,0,2,1,6,2,1,1,0,1,0,7,3,3,0,3,0,0,0,21,1,0,false
/home/x1/Desktop/ass/ass16/Simple_ATM-Machine-main/ATM-Machine-master/ATM/OptionMenu.java,OptionMenu,getSaving/1[Account],false,116,1,5,1,4,8,9,38,0,2,1,9,0,0,1,0,1,0,11,5,3,1,3,0,0,0,17,1,0,false
/home/x1/Desktop/ass/ass16/Simple_ATM-Machine-main/ATM-Machine-master/ATM/OptionMenu.java,OptionMenu,getChecking/1[Account],false,75,1,5,1,4,8,9,38,0,2,1,9,0,0,1,0,1,0,11,5,3,1,3,0,0,0,17,1,0,false
/home/x1/Desktop/ass/ass16/Simple_ATM-Machine-main/ATM-Machine-master/ATM/ATM.java,ATM,main/1[java.lang.String[]],false,5,2,3,0,3,1,2,5,0,1,1,2,1,1,0,0,0,0,0,0,1,0,0,0,0,0,9,9,0,false
/home/x1/Desktop/ass/ass16/Simple_ATM-Machine-main/ATM-Machine-master/ATM/ATM.java,ATM,introduction/0,false,11,0,1,1,0,1,1,3,0,0,0,1,0,0,0,0,0,0,1,0,0,0,0,0,0,0,7,9,0,false
