file,class,type,cbo,cboModified,fanin,fanout,wmc,dit,noc,rfc,lcom,lcom*,tcc,lcc,totalMethodsQty,staticMethodsQty,publicMethodsQty,privateMethodsQty,protectedMethodsQty,defaultMethodsQty,visibleMethodsQty,abstractMethodsQty,finalMethodsQty,synchronizedMethodsQty,totalFieldsQty,staticFieldsQty,publicFieldsQty,privateFieldsQty,protectedFieldsQty,defaultFieldsQty,finalFieldsQty,synchronizedFieldsQty,nosi,loc,returnQty,loopQty,comparisonsQty,tryCatchQty,parenthesizedExpsQty,stringLiteralsQty,numbersQty,assignmentsQty,mathOperationsQty,variablesQty,maxNestedBlocksQty,anonymousClassesQty,innerClassesQty,lambdasQty,uniqueWordsQty,modifiers,logStatementsQty
C:\Users\OOPS\Downloads\java-jwt-master\lib\src\main\java\com\auth0\jwt\impl\HeaderDeserializer.java,com.auth0.jwt.impl.HeaderDeserializer$Anonymous1,anonymous,0,0,0,0,0,1,0,0,0,0,-1,-1,0,0,0,0,0,0,0,0,0,0,0,0,0,0,0,0,0,0,0,2,0,0,0,0,0,0,0,0,0,0,0,0,0,0,0,-1,0
C:\Users\OOPS\Downloads\java-jwt-master\lib\src\test\java\com\auth0\jwt\algorithms\RSAAlgorithmTest.java,com.auth0.jwt.algorithms.RSAAlgorithmTest,class,14,14,0,14,44,1,0,43,0,0.75284094,0,0,44,0,44,0,0,0,44,0,0,0,8,7,1,7,0,0,7,0,143,400,0,0,0,0,0,136,25,147,0,147,0,0,0,0,519,1,0
C:\Users\OOPS\Downloads\java-jwt-master\lib\src\test\java\com\auth0\jwt\impl\JsonNodeClaimTest.java,com.auth0.jwt.impl.JsonNodeClaimTest,class,16,17,1,16,47,1,0,64,0,0.6524823,0,0,47,0,46,1,0,0,46,0,0,0,3,0,1,2,0,0,0,0,8,351,1,0,0,0,2,61,28,106,2,106,0,0,0,0,87,1,0
C:\Users\OOPS\Downloads\java-jwt-master\lib\src\test\java\com\auth0\jwt\ConcurrentVerifyTest.java,com.auth0.jwt.ConcurrentVerifyTest$VerifyTask,innerclass,3,3,0,3,3,1,0,4,0,0,0,0,2,0,1,0,0,1,2,0,0,0,3,0,0,3,0,0,3,0,0,22,1,0,0,1,0,0,0,5,0,4,1,0,0,0,16,10,0
C:\Users\OOPS\Downloads\java-jwt-master\lib\src\test\java\com\auth0\jwt\algorithms\NoneAlgorithmTest.java,com.auth0.jwt.algorithms.NoneAlgorithmTest,class,7,7,0,7,5,1,0,12,4,0.4,0,0,5,0,5,0,0,0,5,0,0,0,1,0,1,0,0,0,0,0,9,32,0,0,0,0,0,6,0,9,0,9,0,0,0,0,57,1,0
C:\Users\OOPS\Downloads\java-jwt-master\lib\src\test\java\com\auth0\jwt\JWTVerifierTest.java,com.auth0.jwt.JWTVerifierTest,class,18,18,0,18,94,1,0,87,4092,0.94836956,0,0,92,0,92,0,0,0,92,0,0,0,4,0,1,3,0,0,3,0,149,703,0,0,0,2,0,362,72,221,0,221,1,0,0,37,187,1,0
C:\Users\OOPS\Downloads\java-jwt-master\lib\src\test\java\com\auth0\jwt\impl\BasicHeaderTest.java,com.auth0.jwt.impl.BasicHeaderTest,class,10,10,0,10,13,1,0,20,0,0.42307693,0,0,13,0,13,0,0,0,13,0,0,0,2,0,1,1,0,0,0,0,0,82,0,0,0,0,0,21,0,19,0,19,0,0,0,0,46,1,0
C:\Users\OOPS\Downloads\java-jwt-master\lib\src\main\java\com\auth0\jwt\algorithms\CryptoHelper.java,com.auth0.jwt.algorithms.CryptoHelper,class,2,10,8,2,8,1,0,17,22,0.625,0,0,8,0,0,0,0,8,8,0,0,0,1,1,0,1,0,0,1,0,6,46,8,0,0,0,0,0,1,6,0,6,0,0,0,0,78,0,0
C:\Users\OOPS\Downloads\java-jwt-master\lib\src\main\java\com\auth0\jwt\algorithms\RSAAlgorithm.java,com.auth0.jwt.algorithms.RSAAlgorithm$Anonymous1,anonymous,0,0,0,0,3,1,0,0,3,0,0,0,3,0,3,0,0,0,3,0,0,0,0,0,0,0,0,0,0,0,0,11,3,0,0,0,0,0,0,0,0,0,0,0,0,0,13,-1,0
C:\Users\OOPS\Downloads\java-jwt-master\lib\src\main\java\com\auth0\jwt\impl\PayloadDeserializer.java,com.auth0.jwt.impl.PayloadDeserializer,class,10,13,3,10,20,2,0,19,9,0.5,0,0,6,0,1,1,0,4,5,0,0,0,1,0,0,1,0,0,1,0,3,62,8,1,4,1,1,3,1,14,0,14,2,1,0,0,71,0,0
C:\Users\OOPS\Downloads\java-jwt-master\lib\src\main\java\com\auth0\jwt\TokenUtils.java,com.auth0.jwt.TokenUtils,class,1,4,3,1,4,1,0,3,0,0,NaN,NaN,1,1,0,0,0,1,1,0,0,0,0,0,0,0,0,0,0,0,1,12,1,0,2,0,0,4,4,2,0,1,1,0,0,0,28,1024,0
C:\Users\OOPS\Downloads\java-jwt-master\lib\src\main\java\com\auth0\jwt\exceptions\TokenExpiredException.java,com.auth0.jwt.exceptions.TokenExpiredException,class,1,3,2,1,2,5,0,0,0,0.5,0,0,2,0,2,0,0,0,2,0,0,0,2,1,0,2,0,0,2,0,0,11,1,0,0,0,0,0,1,2,0,2,0,0,0,0,26,1,0
C:\Users\OOPS\Downloads\java-jwt-master\lib\src\main\java\com\auth0\jwt\algorithms\Algorithm.java,com.auth0.jwt.algorithms.Algorithm,class,9,32,23,9,45,1,4,16,520,0.92424244,0,0,33,25,31,0,1,1,33,2,0,0,2,0,0,2,0,0,2,0,20,116,30,0,0,0,0,25,8,16,2,15,0,0,0,0,133,1025,0
C:\Users\OOPS\Downloads\java-jwt-master\lib\src\test\java\com\auth0\jwt\interfaces\VerificationTest.java,com.auth0.jwt.interfaces.VerificationTest$VerificationImplForTest,innerclass,5,5,0,5,23,1,0,1,251,0.9130435,0,0,23,0,23,0,0,0,23,0,0,0,1,0,0,1,0,0,1,0,0,74,23,0,0,0,0,1,0,1,0,1,0,0,0,0,48,8,0
C:\Users\OOPS\Downloads\java-jwt-master\lib\src\main\java\com\auth0\jwt\interfaces\JWTVerifier.java,com.auth0.jwt.interfaces.JWTVerifier,interface,1,3,2,1,2,1,0,0,1,0,0,0,2,0,0,0,0,2,2,0,0,0,0,0,0,0,0,0,0,0,0,4,0,0,0,0,0,0,0,0,0,0,0,0,0,0,27,1,0
C:\Users\OOPS\Downloads\java-jwt-master\lib\src\main\java\com\auth0\jwt\exceptions\SignatureVerificationException.java,com.auth0.jwt.exceptions.SignatureVerificationException,class,2,11,9,2,2,5,0,0,1,0,0,0,2,0,2,0,0,0,2,0,0,0,0,0,0,0,0,0,0,0,0,8,0,0,0,0,0,1,0,0,1,0,0,0,0,0,22,1,0
C:\Users\OOPS\Downloads\java-jwt-master\lib\src\main\java\com\auth0\jwt\impl\PayloadImpl.java,com.auth0.jwt.impl.PayloadImpl,class,5,7,2,5,20,1,0,9,53,0.82857144,0,0,14,0,12,0,0,2,14,0,0,0,10,1,0,10,0,0,10,0,9,66,13,1,5,0,3,0,2,11,1,11,1,0,0,0,58,0,0
C:\Users\OOPS\Downloads\java-jwt-master\lib\src\test\java\com\auth0\jwt\impl\PayloadSerializerTest.java,com.auth0.jwt.impl.PayloadSerializerTest,class,11,12,1,11,26,1,0,21,0,0.03846154,0,0,26,0,25,1,0,0,25,0,0,0,4,0,0,4,0,0,0,0,9,192,1,0,0,0,0,79,17,41,2,41,0,0,0,0,76,1,0
C:\Users\OOPS\Downloads\java-jwt-master\lib\src\main\java\com\auth0\jwt\impl\JsonNodeClaim.java,com.auth0.jwt.impl.JsonNodeClaim$Anonymous1,anonymous,0,0,0,0,0,1,0,0,0,0,-1,-1,0,0,0,0,0,0,0,0,0,0,0,0,0,0,0,0,0,0,0,2,0,0,0,0,0,0,0,0,0,0,0,0,0,0,0,-1,0
C:\Users\OOPS\Downloads\java-jwt-master\lib\src\main\java\com\auth0\jwt\interfaces\Claim.java,com.auth0.jwt.interfaces.Claim,interface,2,28,26,2,14,1,0,2,78,0,0,0,13,0,0,0,0,13,13,0,0,0,0,0,0,0,0,0,0,0,0,18,1,0,1,0,0,0,0,1,0,1,0,0,0,0,72,1,0
C:\Users\OOPS\Downloads\java-jwt-master\lib\src\main\java\com\auth0\jwt\exceptions\JWTDecodeException.java,com.auth0.jwt.exceptions.JWTDecodeException,class,1,14,13,1,2,5,0,0,1,0,0,0,2,0,2,0,0,0,2,0,0,0,0,0,0,0,0,0,0,0,0,8,0,0,0,0,0,0,0,0,0,0,0,0,0,0,27,1,0
C:\Users\OOPS\Downloads\java-jwt-master\lib\src\main\java\com\auth0\jwt\HeaderParams.java,com.auth0.jwt.HeaderParams,class,0,0,0,0,1,1,0,0,0,0,-1,-1,1,0,0,1,0,0,0,0,0,0,4,4,4,0,0,0,0,0,0,8,0,0,0,0,0,4,0,4,0,4,0,0,0,0,40,17,0
C:\Users\OOPS\Downloads\java-jwt-master\lib\src\test\java\com\auth0\jwt\TokenUtilsTest.java,com.auth0.jwt.TokenUtilsTest,class,5,5,0,5,4,1,0,9,4,0.5,0,0,4,0,4,0,0,0,4,0,0,0,1,0,1,0,0,0,0,0,4,33,0,0,0,0,0,11,8,7,0,7,0,0,0,0,34,1,0
C:\Users\OOPS\Downloads\java-jwt-master\lib\src\main\java\com\auth0\jwt\impl\ClaimsHolder.java,com.auth0.jwt.impl.ClaimsHolder,class,0,4,4,0,3,1,2,0,0,0,0,0,2,0,0,0,1,1,2,0,0,0,1,0,0,1,0,0,0,0,0,9,1,0,1,0,0,0,0,1,0,1,0,0,0,0,15,1025,0
C:\Users\OOPS\Downloads\java-jwt-master\lib\src\main\java\com\auth0\jwt\exceptions\SignatureGenerationException.java,com.auth0.jwt.exceptions.SignatureGenerationException,class,2,9,7,2,1,5,0,0,0,0,NaN,NaN,1,0,1,0,0,0,1,0,0,0,0,0,0,0,0,0,0,0,0,5,0,0,0,0,0,1,0,0,1,0,0,0,0,0,25,1,0
C:\Users\OOPS\Downloads\java-jwt-master\lib\src\main\java\com\auth0\jwt\impl\PayloadDeserializer.java,com.auth0.jwt.impl.PayloadDeserializer$Anonymous1,anonymous,0,0,0,0,0,1,0,0,0,0,-1,-1,0,0,0,0,0,0,0,0,0,0,0,0,0,0,0,0,0,0,0,2,0,0,0,0,0,0,0,0,0,0,0,0,0,0,0,-1,0
C:\Users\OOPS\Downloads\java-jwt-master\lib\src\main\java\com\auth0\jwt\JWTCreator.java,com.auth0.jwt.JWTCreator,class,10,14,4,10,5,1,0,10,1,0.5333333,0,0,3,1,0,2,0,1,2,0,0,0,5,2,0,5,0,0,5,0,4,266,2,0,0,1,1,3,0,9,0,9,1,0,1,0,55,17,0
C:\Users\OOPS\Downloads\java-jwt-master\lib\src\test\java\com\auth0\jwt\JWTTest.java,com.auth0.jwt.JWTTest,class,15,15,0,15,38,1,0,56,655,0.9444444,0,0,38,0,38,0,0,0,38,0,0,0,9,8,1,8,0,0,8,0,147,299,0,0,0,0,0,155,26,121,3,121,0,0,0,0,304,1,0
C:\Users\OOPS\Downloads\java-jwt-master\lib\src\main\java\com\auth0\jwt\JWTCreator.java,com.auth0.jwt.JWTCreator$Builder,innerclass,4,4,0,4,65,1,0,25,573,0.8857143,0,0,35,4,27,7,0,1,28,0,0,0,2,0,0,2,0,0,2,0,10,231,44,5,20,0,1,9,0,7,3,7,2,0,0,0,146,9,0
C:\Users\OOPS\Downloads\java-jwt-master\lib\src\test\java\com\auth0\jwt\algorithms\AlgorithmTest.java,com.auth0.jwt.algorithms.AlgorithmTest,class,12,12,0,12,56,1,0,50,988,0.5714286,0,0,56,0,56,0,0,0,56,0,0,0,1,0,1,0,0,0,0,0,55,404,0,0,0,0,0,92,9,87,0,87,0,0,0,0,76,1,0
C:\Users\OOPS\Downloads\java-jwt-master\lib\src\test\java\com\auth0\jwt\interfaces\PayloadTest.java,com.auth0.jwt.interfaces.PayloadTest$PayloadImplForTest,innerclass,2,2,0,2,10,1,0,0,33,0.6,0,0,10,0,9,0,0,1,10,0,0,0,1,0,0,1,0,0,1,0,0,33,9,0,0,0,0,0,0,1,0,1,0,0,0,0,20,8,0
C:\Users\OOPS\Downloads\java-jwt-master\lib\src\main\java\com\auth0\jwt\exceptions\JWTCreationException.java,com.auth0.jwt.exceptions.JWTCreationException,class,0,2,2,0,1,4,1,0,0,0,NaN,NaN,1,0,1,0,0,0,1,0,0,0,0,0,0,0,0,0,0,0,0,5,0,0,0,0,0,0,0,0,0,0,0,0,0,0,17,1,0
C:\Users\OOPS\Downloads\java-jwt-master\lib\src\main\java\com\auth0\jwt\algorithms\RSAAlgorithm.java,com.auth0.jwt.algorithms.RSAAlgorithm,class,10,13,3,10,17,2,0,13,0,0.2857143,0,0,7,1,4,0,0,3,7,0,0,0,2,0,0,2,0,0,2,0,1,75,4,0,6,3,0,5,0,7,0,7,2,1,0,0,57,0,0
C:\Users\OOPS\Downloads\java-jwt-master\lib\src\main\java\com\auth0\jwt\impl\HeaderDeserializer.java,com.auth0.jwt.impl.HeaderDeserializer,class,9,12,3,9,7,2,0,6,0,0.25,0,0,4,0,1,1,0,2,3,0,0,0,1,0,0,1,0,0,1,0,0,30,3,0,2,0,0,1,0,7,0,7,1,1,0,0,49,0,0
C:\Users\OOPS\Downloads\java-jwt-master\lib\src\main\java\com\auth0\jwt\exceptions\IncorrectClaimException.java,com.auth0.jwt.exceptions.IncorrectClaimException,class,2,5,3,2,3,6,0,0,0,0.33333334,0,0,3,0,3,0,0,0,3,0,0,0,2,0,0,2,0,0,2,0,0,15,2,0,0,0,0,0,0,2,0,2,0,0,0,0,39,1,0
C:\Users\OOPS\Downloads\java-jwt-master\lib\src\main\java\com\auth0\jwt\impl\HeaderClaimsHolder.java,com.auth0.jwt.impl.HeaderClaimsHolder,class,1,3,2,1,1,2,0,0,0,0,NaN,NaN,1,0,1,0,0,0,1,0,0,0,0,0,0,0,0,0,0,0,0,5,0,0,0,0,0,0,0,0,0,0,0,0,0,0,10,17,0
C:\Users\OOPS\Downloads\java-jwt-master\lib\src\test\java\com\auth0\jwt\impl\PayloadDeserializerTest.java,com.auth0.jwt.impl.PayloadDeserializerTest,class,20,20,0,20,18,1,0,46,0,0.41666666,0,0,18,0,18,0,0,0,18,0,0,0,2,0,1,1,0,0,0,0,0,168,0,0,0,0,0,71,22,58,9,58,0,0,0,0,95,1,0
C:\Users\OOPS\Downloads\java-jwt-master\lib\src\test\java\com\auth0\jwt\algorithms\ECDSABouncyCastleProviderTests.java,com.auth0.jwt.algorithms.ECDSABouncyCastleProviderTests,class,18,18,0,18,77,1,0,61,355,0.86824316,0,0,74,2,74,0,0,0,74,0,0,0,16,15,1,15,0,0,15,0,296,722,0,3,0,0,0,234,116,292,13,249,1,0,0,0,242,1,0
C:\Users\OOPS\Downloads\java-jwt-master\lib\src\test\java\com\auth0\jwt\JWTCreatorTest.java,com.auth0.jwt.JWTCreatorTest,class,17,17,0,17,58,1,0,79,1539,0.9137931,0,0,58,0,58,0,0,0,58,0,0,0,3,2,1,2,0,0,2,0,226,518,0,0,0,0,0,341,123,157,2,157,0,0,0,0,161,1,0
C:\Users\OOPS\Downloads\java-jwt-master\lib\src\main\java\com\auth0\jwt\impl\ClaimsSerializer.java,com.auth0.jwt.impl.ClaimsSerializer,class,6,10,4,6,15,2,0,22,28,0,0,0,8,5,2,5,1,0,3,0,0,0,0,0,0,0,0,0,0,0,7,55,2,3,0,0,0,0,1,1,1,1,1,0,0,0,73,1,0
C:\Users\OOPS\Downloads\java-jwt-master\lib\src\test\java\com\auth0\jwt\UserPojo.java,com.auth0.jwt.UserPojo,class,1,5,4,1,12,1,0,2,0,0.42857143,0,0,7,0,7,0,0,0,7,0,0,0,2,0,0,2,0,0,0,0,0,28,5,0,6,0,1,1,0,5,0,3,1,0,0,0,16,1,0
C:\Users\OOPS\Downloads\java-jwt-master\lib\src\test\java\com\auth0\jwt\interfaces\PayloadTest.java,com.auth0.jwt.interfaces.PayloadTest,class,3,3,0,3,2,1,0,7,1,0,0,0,2,0,2,0,0,0,2,0,0,0,0,0,0,0,0,0,0,0,0,48,0,0,0,0,0,0,1,3,0,3,0,0,1,0,20,1,0
C:\Users\OOPS\Downloads\java-jwt-master\lib\src\main\java\com\auth0\jwt\impl\JsonNodeClaim.java,com.auth0.jwt.impl.JsonNodeClaim,class,8,14,6,8,58,1,0,26,0,0.3529412,0,0,17,2,14,1,0,2,16,0,0,0,2,0,0,2,0,0,2,0,3,115,24,2,1,4,0,7,3,12,4,11,2,1,0,0,70,0,0
C:\Users\OOPS\Downloads\java-jwt-master\lib\src\main\java\com\auth0\jwt\exceptions\MissingClaimException.java,com.auth0.jwt.exceptions.MissingClaimException,class,1,3,2,1,2,6,0,1,0,0,0,0,2,0,2,0,0,0,2,0,0,0,1,0,0,1,0,0,1,0,1,10,1,0,0,0,0,1,0,1,0,1,0,0,0,0,30,1,0
C:\Users\OOPS\Downloads\java-jwt-master\lib\src\main\java\com\auth0\jwt\JWT.java,com.auth0.jwt.JWT,class,8,16,8,8,5,1,0,2,8,0.6,0,0,5,3,5,0,0,0,5,0,0,0,1,0,0,1,0,0,1,0,2,18,4,0,0,0,0,1,0,1,0,1,0,0,0,0,79,1,0
C:\Users\OOPS\Downloads\java-jwt-master\lib\src\main\java\com\auth0\jwt\JWTVerifier.java,com.auth0.jwt.JWTVerifier$BaseVerification,innerclass,12,12,0,12,69,1,0,54,701,0.9230769,0,0,39,0,26,12,0,1,27,0,0,0,6,0,0,6,0,0,3,0,11,268,42,2,11,0,22,8,3,23,0,61,3,1,0,21,140,9,0
C:\Users\OOPS\Downloads\java-jwt-master\lib\src\main\java\com\auth0\jwt\interfaces\Verification.java,com.auth0.jwt.interfaces.Verification,interface,4,14,10,4,26,1,0,3,300,0,0,0,25,0,0,0,0,25,25,0,0,0,0,0,0,0,0,0,0,0,1,31,2,0,1,0,0,0,0,0,0,0,0,0,0,0,140,1,0
C:\Users\OOPS\Downloads\java-jwt-master\lib\src\main\java\com\auth0\jwt\interfaces\DecodedJWT.java,com.auth0.jwt.interfaces.DecodedJWT,interface,2,21,19,2,4,1,0,0,6,0,0,0,4,0,0,0,0,4,4,0,0,0,0,0,0,0,0,0,0,0,0,6,0,0,0,0,0,0,0,0,0,0,0,0,0,0,35,1,0
C:\Users\OOPS\Downloads\java-jwt-master\lib\src\main\java\com\auth0\jwt\impl\PayloadSerializer.java,com.auth0.jwt.impl.PayloadSerializer,class,4,7,3,4,12,3,0,13,3,0,0,0,3,0,1,1,1,0,2,0,0,0,0,0,0,0,0,0,0,0,1,45,0,2,1,0,0,0,3,3,0,2,4,0,0,0,45,1,0
C:\Users\OOPS\Downloads\java-jwt-master\lib\src\main\java\com\auth0\jwt\interfaces\ECDSAKeyProvider.java,com.auth0.jwt.interfaces.ECDSAKeyProvider,interface,1,7,6,1,0,1,0,0,0,0,-1,-1,0,0,0,0,0,0,0,0,0,0,0,0,0,0,0,0,0,0,0,2,0,0,0,0,0,0,0,0,0,0,0,0,0,0,11,1,0
C:\Users\OOPS\Downloads\java-jwt-master\lib\src\test\java\com\auth0\jwt\impl\HeaderDeserializerTest.java,com.auth0.jwt.impl.HeaderDeserializerTest,class,19,19,0,19,6,1,0,29,0,0.5,0,0,6,0,6,0,0,0,6,0,0,0,3,0,1,2,0,0,0,0,0,58,0,0,0,0,0,30,0,20,1,20,0,0,0,0,62,1,0
C:\Users\OOPS\Downloads\java-jwt-master\lib\src\test\java\com\auth0\jwt\JWTDecoderTest.java,com.auth0.jwt.JWTDecoderTest,class,11,12,1,11,42,1,0,71,819,0.8333333,0,0,42,2,39,3,0,0,39,0,0,0,1,0,1,0,0,0,0,0,51,292,3,0,0,0,0,113,25,68,3,68,0,0,0,0,142,1,0
C:\Users\OOPS\Downloads\java-jwt-master\lib\src\main\java\com\auth0\jwt\impl\JWTParser.java,com.auth0.jwt.impl.JWTParser,class,10,17,7,10,12,1,0,12,24,0.75,0,0,8,3,3,3,0,2,5,0,0,0,2,0,0,2,0,0,2,0,7,53,5,0,2,2,0,1,0,5,0,5,1,0,0,0,46,1,0
C:\Users\OOPS\Downloads\java-jwt-master\lib\src\test\java\com\auth0\jwt\impl\PayloadImplTest.java,com.auth0.jwt.impl.PayloadImplTest,class,12,12,0,12,21,1,0,35,0,0.6666666,0,0,21,0,21,0,0,0,21,0,0,0,6,0,1,5,0,0,3,0,8,125,0,0,0,0,0,25,2,22,0,22,0,0,0,0,59,1,0
C:\Users\OOPS\Downloads\java-jwt-master\lib\src\main\java\com\auth0\jwt\algorithms\HMACAlgorithm.java,com.auth0.jwt.algorithms.HMACAlgorithm,class,7,11,4,7,13,2,0,12,0,0.2857143,0,0,7,1,3,0,0,4,7,0,0,0,2,0,0,2,0,0,2,0,3,52,3,0,2,3,0,2,0,4,0,4,2,0,0,0,49,0,0
C:\Users\OOPS\Downloads\java-jwt-master\lib\src\main\java\com\auth0\jwt\JWTVerifier.java,com.auth0.jwt.JWTVerifier$BaseVerification$Anonymous1,anonymous,2,2,0,2,2,1,0,1,1,0,0,0,2,0,2,0,0,0,2,0,0,0,0,0,0,0,0,0,0,0,0,8,2,0,0,0,0,0,0,0,0,0,0,0,0,0,10,-1,0
C:\Users\OOPS\Downloads\java-jwt-master\lib\src\test\java\com\auth0\jwt\impl\PayloadClaimsHolderTest.java,com.auth0.jwt.impl.PayloadClaimsHolderTest,class,3,3,0,3,2,1,0,7,1,0,0,0,2,0,2,0,0,0,2,0,0,0,0,0,0,0,0,0,0,0,0,17,0,0,0,0,0,4,0,3,0,3,0,0,0,0,17,1,0
C:\Users\OOPS\Downloads\java-jwt-master\lib\src\test\java\com\auth0\jwt\PemUtils.java,com.auth0.jwt.PemUtils,class,4,11,7,4,11,1,0,14,10,0,0,0,5,5,2,3,0,0,2,0,0,0,0,0,0,0,0,0,0,0,7,50,5,0,0,2,0,5,0,13,0,11,1,0,0,0,51,1,0
C:\Users\OOPS\Downloads\java-jwt-master\lib\src\main\java\com\auth0\jwt\impl\BasicHeader.java,com.auth0.jwt.impl.BasicHeader,class,5,7,2,5,8,1,0,2,7,0.73469394,0,0,7,0,5,0,0,2,7,0,0,0,7,1,0,7,0,0,7,0,2,35,6,0,1,0,0,0,1,7,0,7,0,0,0,0,31,0,0
C:\Users\OOPS\Downloads\java-jwt-master\lib\src\main\java\com\auth0\jwt\JWTVerifier.java,com.auth0.jwt.JWTVerifier,class,14,23,9,14,9,1,0,12,3,0.5555556,0,0,6,1,2,2,0,2,4,0,0,0,3,0,0,2,0,1,3,0,2,307,3,1,0,0,0,2,0,7,0,7,2,0,1,0,85,17,0
C:\Users\OOPS\Downloads\java-jwt-master\lib\src\main\java\com\auth0\jwt\impl\PayloadClaimsHolder.java,com.auth0.jwt.impl.PayloadClaimsHolder,class,1,5,4,1,1,2,0,0,0,0,NaN,NaN,1,0,1,0,0,0,1,0,0,0,0,0,0,0,0,0,0,0,0,5,0,0,0,0,0,0,0,0,0,0,0,0,0,0,10,17,0
C:\Users\OOPS\Downloads\java-jwt-master\lib\src\main\java\com\auth0\jwt\interfaces\KeyProvider.java,com.auth0.jwt.interfaces.KeyProvider,interface,2,10,8,2,3,1,0,0,3,0,0,0,3,0,0,0,0,3,3,0,0,0,0,0,0,0,0,0,0,0,0,5,0,0,0,0,0,0,0,0,0,0,0,0,0,0,56,0,0
C:\Users\OOPS\Downloads\java-jwt-master\lib\src\main\java\com\auth0\jwt\exceptions\InvalidClaimException.java,com.auth0.jwt.exceptions.InvalidClaimException,class,1,3,2,1,1,5,2,0,0,0,NaN,NaN,1,0,1,0,0,0,1,0,0,0,0,0,0,0,0,0,0,0,0,5,0,0,0,0,0,0,0,0,0,0,0,0,0,0,18,1,0
C:\Users\OOPS\Downloads\java-jwt-master\lib\src\test\java\com\auth0\jwt\interfaces\ClaimTest.java,com.auth0.jwt.interfaces.ClaimTest$ClaimImplForTest,innerclass,2,2,0,2,13,1,0,0,76,0.84615386,0,0,13,0,12,0,0,1,13,0,0,0,1,0,0,1,0,0,1,0,0,42,12,0,0,0,0,0,0,1,0,1,0,0,0,0,35,8,0
C:\Users\OOPS\Downloads\java-jwt-master\lib\src\test\java\com\auth0\jwt\algorithms\HMACAlgorithmTest.java,com.auth0.jwt.algorithms.HMACAlgorithmTest,class,12,12,0,12,24,1,0,36,124,0.775,0,0,24,0,24,0,0,0,24,0,0,0,5,4,1,4,0,0,4,0,60,195,0,0,0,0,0,70,12,71,0,70,0,0,0,0,120,1,0
C:\Users\OOPS\Downloads\java-jwt-master\lib\src\main\java\com\auth0\jwt\exceptions\JWTVerificationException.java,com.auth0.jwt.exceptions.JWTVerificationException,class,0,5,5,0,2,4,5,0,1,0,0,0,2,0,2,0,0,0,2,0,0,0,0,0,0,0,0,0,0,0,0,8,0,0,0,0,0,0,0,0,0,0,0,0,0,0,17,1,0
C:\Users\OOPS\Downloads\java-jwt-master\lib\src\test\java\com\auth0\jwt\JsonMatcher.java,com.auth0.jwt.JsonMatcher,class,4,7,3,4,30,2,0,23,21,0.6363637,0,0,11,3,4,6,1,0,5,0,0,0,3,0,0,3,0,0,3,0,0,120,13,3,6,0,0,20,2,20,5,14,2,0,0,0,49,1,0
C:\Users\OOPS\Downloads\java-jwt-master\lib\src\main\java\com\auth0\jwt\algorithms\ECDSAAlgorithm.java,com.auth0.jwt.algorithms.ECDSAAlgorithm,class,11,16,5,11,45,2,0,24,18,0.5833333,0,0,12,1,4,2,0,6,10,0,0,0,3,0,0,3,0,0,3,0,17,202,9,2,13,3,2,16,55,51,27,37,2,1,0,0,119,0,0
C:\Users\OOPS\Downloads\java-jwt-master\lib\src\main\java\com\auth0\jwt\interfaces\RSAKeyProvider.java,com.auth0.jwt.interfaces.RSAKeyProvider,interface,1,6,5,1,0,1,0,0,0,0,-1,-1,0,0,0,0,0,0,0,0,0,0,0,0,0,0,0,0,0,0,0,2,0,0,0,0,0,0,0,0,0,0,0,0,0,0,7,1,0
C:\Users\OOPS\Downloads\java-jwt-master\lib\src\main\java\com\auth0\jwt\impl\ExpectedCheckHolder.java,com.auth0.jwt.impl.ExpectedCheckHolder,interface,2,4,2,2,2,1,0,0,1,0,0,0,2,0,0,0,0,2,2,0,0,0,0,0,0,0,0,0,0,0,0,4,0,0,0,0,0,0,0,0,0,0,0,0,0,0,35,1,0
C:\Users\OOPS\Downloads\java-jwt-master\lib\src\main\java\com\auth0\jwt\interfaces\JWTPartsParser.java,com.auth0.jwt.interfaces.JWTPartsParser,interface,2,3,1,2,2,1,0,0,1,0,0,0,2,0,0,0,0,2,2,0,0,0,0,0,0,0,0,0,0,0,0,4,0,0,0,0,0,0,0,0,0,0,0,0,0,0,36,1,0
C:\Users\OOPS\Downloads\java-jwt-master\lib\src\test\java\com\auth0\jwt\algorithms\ECDSAAlgorithmTest.java,com.auth0.jwt.algorithms.ECDSAAlgorithmTest,class,18,20,2,18,102,1,0,76,152,0.87777776,0,0,85,4,81,0,0,4,85,0,0,0,18,17,1,17,0,0,17,0,372,948,2,5,0,0,6,273,191,400,36,337,2,0,0,0,286,1,0
C:\Users\OOPS\Downloads\java-jwt-master\lib\src\main\java\com\auth0\jwt\interfaces\Header.java,com.auth0.jwt.interfaces.Header,interface,1,13,12,1,5,1,0,0,10,0,0,0,5,0,0,0,0,5,5,0,0,0,0,0,0,0,0,0,0,0,0,7,0,0,0,0,0,0,0,0,0,0,0,0,0,0,42,1,0
C:\Users\OOPS\Downloads\java-jwt-master\lib\src\main\java\com\auth0\jwt\JWTDecoder.java,com.auth0.jwt.JWTDecoder,class,7,9,2,7,25,1,0,23,47,0.73913044,0,0,23,0,21,0,0,2,23,0,0,0,4,1,0,4,0,0,4,0,4,89,21,0,0,1,0,4,9,6,0,6,1,0,0,0,70,16,0
C:\Users\OOPS\Downloads\java-jwt-master\lib\src\main\java\com\auth0\jwt\impl\HeaderSerializer.java,com.auth0.jwt.impl.HeaderSerializer,class,2,3,1,2,1,3,0,0,0,0,NaN,NaN,1,0,1,0,0,0,1,0,0,0,0,0,0,0,0,0,0,0,0,5,0,0,0,0,0,0,0,0,0,0,0,0,0,0,8,1,0
C:\Users\OOPS\Downloads\java-jwt-master\lib\src\test\java\com\auth0\jwt\interfaces\VerificationTest.java,com.auth0.jwt.interfaces.VerificationTest,class,3,3,0,3,3,1,0,7,3,0,0,0,3,0,3,0,0,0,3,0,0,0,0,0,0,0,0,0,0,0,2,92,0,0,0,0,3,7,1,4,0,4,0,0,1,0,27,1,0
C:\Users\OOPS\Downloads\java-jwt-master\lib\src\main\java\com\auth0\jwt\RegisteredClaims.java,com.auth0.jwt.RegisteredClaims,class,0,0,0,0,1,1,0,0,0,0,-1,-1,1,0,0,1,0,0,0,0,0,0,7,7,7,0,0,0,0,0,0,11,0,0,0,0,0,7,0,7,0,7,0,0,0,0,65,17,0
C:\Users\OOPS\Downloads\java-jwt-master\lib\src\main\java\com\auth0\jwt\algorithms\NoneAlgorithm.java,com.auth0.jwt.algorithms.NoneAlgorithm,class,4,6,2,4,6,2,0,3,6,0,0,0,4,0,3,0,0,1,4,0,0,0,0,0,0,0,0,0,0,0,1,22,2,0,0,1,0,2,3,1,0,1,2,0,0,0,20,0,0
C:\Users\OOPS\Downloads\java-jwt-master\lib\src\main\java\com\auth0\jwt\exceptions\AlgorithmMismatchException.java,com.auth0.jwt.exceptions.AlgorithmMismatchException,class,1,3,2,1,1,5,0,0,0,0,NaN,NaN,1,0,1,0,0,0,1,0,0,0,0,0,0,0,0,0,0,0,0,5,0,0,0,0,0,0,0,0,0,0,0,0,0,0,19,1,0
C:\Users\OOPS\Downloads\java-jwt-master\lib\src\test\java\com\auth0\jwt\ConcurrentVerifyTest.java,com.auth0.jwt.ConcurrentVerifyTest,class,12,13,1,12,12,1,0,20,54,0.8888889,0,0,12,2,11,1,0,0,11,0,0,0,9,8,1,8,0,0,7,0,26,102,0,0,0,0,0,32,5,41,1,41,0,0,1,0,274,1,0
C:\Users\OOPS\Downloads\java-jwt-master\lib\src\test\java\com\auth0\jwt\impl\JWTParserTest.java,com.auth0.jwt.impl.JWTParserTest,class,10,10,0,10,11,1,0,21,0,0.3181818,0,0,11,0,11,0,0,0,11,0,0,0,2,0,1,1,0,0,0,0,3,68,0,0,0,0,0,14,0,14,0,14,0,0,0,0,56,1,0
C:\Users\OOPS\Downloads\java-jwt-master\lib\src\main\java\com\auth0\jwt\algorithms\ECDSAAlgorithm.java,com.auth0.jwt.algorithms.ECDSAAlgorithm$Anonymous1,anonymous,0,0,0,0,3,1,0,0,3,0,0,0,3,0,3,0,0,0,3,0,0,0,0,0,0,0,0,0,0,0,0,11,3,0,0,0,0,0,0,0,0,0,0,0,0,0,12,-1,0
C:\Users\OOPS\Downloads\java-jwt-master\lib\src\test\java\com\auth0\jwt\interfaces\ClaimTest.java,com.auth0.jwt.interfaces.ClaimTest,class,3,3,0,3,2,1,0,5,1,0,0,0,2,0,2,0,0,0,2,0,0,0,0,0,0,0,0,0,0,0,0,53,0,0,0,0,0,0,1,3,0,3,0,0,1,0,19,1,0
C:\Users\OOPS\Downloads\java-jwt-master\lib\src\main\java\com\auth0\jwt\interfaces\Payload.java,com.auth0.jwt.interfaces.Payload,interface,2,18,16,2,15,1,0,4,66,0,0,0,12,0,0,0,0,12,12,0,0,0,0,0,0,0,0,0,0,0,0,20,3,0,3,0,0,0,0,0,0,0,0,0,0,0,56,1,0
C:\Users\OOPS\Downloads\java-jwt-master\lib\src\test\java\com\auth0\jwt\algorithms\CryptoTestHelper.java,com.auth0.jwt.algorithms.CryptoTestHelper,class,2,6,4,2,5,1,0,18,3,0.6666667,0,0,3,3,3,0,0,0,3,0,0,0,1,1,0,1,0,0,1,0,3,19,1,0,0,0,0,3,3,5,2,5,1,0,0,0,29,1025,0
