file,class,type,cbo,cboModified,fanin,fanout,wmc,dit,noc,rfc,lcom,lcom*,tcc,lcc,totalMethodsQty,staticMethodsQty,publicMethodsQty,privateMethodsQty,protectedMethodsQty,defaultMethodsQty,visibleMethodsQty,abstractMethodsQty,finalMethodsQty,synchronizedMethodsQty,totalFieldsQty,staticFieldsQty,publicFieldsQty,privateFieldsQty,protectedFieldsQty,defaultFieldsQty,finalFieldsQty,synchronizedFieldsQty,nosi,loc,returnQty,loopQty,comparisonsQty,tryCatchQty,parenthesizedExpsQty,stringLiteralsQty,numbersQty,assignmentsQty,mathOperationsQty,variablesQty,maxNestedBlocksQty,anonymousClassesQty,innerClassesQty,lambdasQty,uniqueWordsQty,modifiers,logStatementsQty
C:\Users\OOPS\Downloads\Pizzademic-PH-master\Pizzademic-PH-master\src\controller\OrderServlet.java,controller.OrderServlet,class,6,7,1,6,3,2,0,8,1,1,0,0,2,0,0,0,2,0,2,0,0,0,1,1,0,1,0,0,1,0,4,25,0,0,0,1,0,9,1,10,0,10,1,0,0,0,34,1,0
C:\Users\OOPS\Downloads\Pizzademic-PH-master\Pizzademic-PH-master\src\controller\ProcessPaymentServlet.java,controller.ProcessPaymentServlet,class,7,8,1,7,4,2,0,23,1,1,0,0,2,0,0,0,2,0,2,0,0,0,1,1,0,1,0,0,1,0,4,40,0,0,0,1,0,17,1,7,0,7,2,0,0,0,33,1,0
C:\Users\OOPS\Downloads\Pizzademic-PH-master\Pizzademic-PH-master\src\model\pizza\FourCheese.java,model.pizza.FourCheese,class,7,9,2,7,13,2,0,10,26,0.7777778,0.1388889,0.30555555,9,0,9,0,0,0,9,0,0,0,5,0,0,5,0,0,0,0,1,58,7,1,1,2,0,5,1,10,0,9,3,0,0,0,49,1,0
C:\Users\OOPS\Downloads\Pizzademic-PH-master\Pizzademic-PH-master\src\model\iterator\bean\PizzaBean.java,model.iterator.bean.PizzaBean,class,0,1,1,0,4,1,0,0,0,0.5,0.5,1,4,0,4,0,0,0,4,0,0,0,3,0,0,3,0,0,0,0,0,20,3,0,0,0,0,0,0,3,0,3,0,0,0,0,7,1,0
C:\Users\OOPS\Downloads\Pizzademic-PH-master\Pizzademic-PH-master\src\model\upgrade\Upgrade.java,model.upgrade.Upgrade,class,1,13,12,1,4,1,3,0,6,0,0,0,4,0,4,0,0,0,4,4,0,0,0,0,0,0,0,0,0,0,0,6,0,0,0,0,0,0,0,0,0,0,0,0,0,0,7,1025,0
C:\Users\OOPS\Downloads\Pizzademic-PH-master\Pizzademic-PH-master\src\model\iterator\pizzas\PizzademicPHPizzas.java,model.iterator.pizzas.PizzademicPHPizzas,class,5,6,1,5,7,1,0,10,0,0,1,1,3,0,3,0,0,0,3,0,0,0,1,0,0,0,0,1,0,0,1,36,1,1,1,2,0,3,0,9,0,8,3,0,0,0,42,1,0
C:\Users\OOPS\Downloads\Pizzademic-PH-master\Pizzademic-PH-master\src\utility\Wrapper.java,utility.Wrapper,class,1,5,4,1,1,1,0,0,0,0,NaN,NaN,1,0,1,0,0,0,1,0,0,0,0,0,0,0,0,0,0,0,0,5,1,0,0,0,0,1,0,0,0,0,0,0,0,0,6,1,0
C:\Users\OOPS\Downloads\Pizzademic-PH-master\Pizzademic-PH-master\src\model\builder\PizzaBuilder.java,model.builder.PizzaBuilder,class,18,21,3,18,53,1,0,50,543,0.8854701,0.13360325,0.6356275,39,0,39,0,0,0,39,0,0,0,15,0,0,15,0,0,0,0,9,333,19,2,3,6,1,47,41,82,18,64,3,1,0,0,176,1,0
C:\Users\OOPS\Downloads\Pizzademic-PH-master\Pizzademic-PH-master\src\utility\DBOps.java,utility.DBOps,interface,0,8,8,0,0,1,0,0,0,NaN,-1,-1,0,0,0,0,0,0,0,0,0,0,8,0,0,0,0,8,0,0,0,10,0,0,0,0,0,37,0,8,5,8,0,0,0,0,66,1,0
C:\Users\OOPS\Downloads\Pizzademic-PH-master\Pizzademic-PH-master\src\utility\UpgradePizzaFactory.java,utility.UpgradePizzaFactory,class,6,7,1,6,4,1,0,4,1,0.5,0,0,2,0,2,0,0,0,3,0,0,0,1,1,0,1,0,0,1,0,0,20,3,0,0,1,0,4,0,1,1,1,1,0,0,0,19,1,0
C:\Users\OOPS\Downloads\Pizzademic-PH-master\Pizzademic-PH-master\src\model\iterator\iterator\PizzaIterator.java,model.iterator.iterator.PizzaIterator,interface,0,1,1,0,1,1,0,0,0,0,NaN,NaN,1,0,1,0,0,0,1,0,0,0,0,0,0,0,0,0,0,0,0,3,0,0,0,0,0,0,0,0,0,0,0,0,0,0,3,1,0
C:\Users\OOPS\Downloads\Pizzademic-PH-master\Pizzademic-PH-master\src\model\pizza\Tropicale.java,model.pizza.Tropicale,class,7,9,2,7,13,2,0,10,26,0.7777778,0.1388889,0.30555555,9,0,9,0,0,0,9,0,0,0,5,0,0,5,0,0,0,0,1,58,7,1,1,2,0,5,1,10,0,9,3,0,0,0,48,1,0
C:\Users\OOPS\Downloads\Pizzademic-PH-master\Pizzademic-PH-master\src\model\upgrade\PepperoniUpgrade.java,model.upgrade.PepperoniUpgrade,class,4,6,2,4,9,2,0,9,4,0.6,0.3,0.6,5,0,5,0,0,0,5,0,0,0,3,0,0,3,0,0,0,0,1,43,4,1,1,2,0,4,1,8,0,7,3,0,0,0,38,1,0
C:\Users\OOPS\Downloads\Pizzademic-PH-master\Pizzademic-PH-master\src\controller\SeeAllProductsServlet.java,controller.SeeAllProductsServlet,class,6,7,1,6,2,2,0,4,1,1,0,0,2,0,0,0,2,0,2,0,0,0,1,1,0,1,0,0,1,0,1,11,0,0,0,0,0,1,1,2,0,2,0,0,0,0,22,1,0
C:\Users\OOPS\Downloads\Pizzademic-PH-master\Pizzademic-PH-master\src\model\pizza\PizzademicPizza.java,model.pizza.PizzademicPizza,class,4,12,8,4,2,1,3,0,1,0,0,0,2,0,2,0,0,0,2,1,0,0,0,0,0,0,0,0,0,0,0,6,1,0,0,0,0,0,0,0,0,0,0,0,0,0,7,1025,0
C:\Users\OOPS\Downloads\Pizzademic-PH-master\Pizzademic-PH-master\src\utility\PizzaFactory.java,utility.PizzaFactory,class,6,7,1,6,4,1,0,4,1,0.5,0,0,2,0,2,0,0,0,3,0,0,0,1,1,0,1,0,0,1,0,0,20,3,0,0,1,0,4,0,1,1,1,1,0,0,0,18,1,0
C:\Users\OOPS\Downloads\Pizzademic-PH-master\Pizzademic-PH-master\src\utility\AbstractFactory.java,utility.AbstractFactory,interface,2,4,2,2,2,1,0,0,1,0,0,0,2,0,0,0,0,2,2,0,0,0,0,0,0,0,0,0,0,0,0,4,0,0,0,0,0,0,0,0,0,0,0,0,0,0,8,1,0
C:\Users\OOPS\Downloads\Pizzademic-PH-master\Pizzademic-PH-master\src\utility\Packing.java,utility.Packing,interface,0,6,6,0,1,1,0,0,0,0,NaN,NaN,1,0,1,0,0,0,1,0,0,0,0,0,0,0,0,0,0,0,0,3,0,0,0,0,0,0,0,0,0,0,0,0,0,0,2,1,0
C:\Users\OOPS\Downloads\Pizzademic-PH-master\Pizzademic-PH-master\src\utility\PizzaPromoBuilder.java,utility.PizzaPromoBuilder,class,0,0,0,0,0,1,0,0,0,0,-1,-1,0,0,0,0,0,0,0,0,0,0,0,0,0,0,0,0,0,0,0,2,0,0,0,0,0,0,0,0,0,0,0,0,0,0,3,1,0
C:\Users\OOPS\Downloads\Pizzademic-PH-master\Pizzademic-PH-master\src\controller\ProcessPizzaServlet.java,controller.ProcessPizzaServlet,class,10,11,1,10,3,2,0,10,1,1,0,0,2,0,0,0,2,0,2,0,0,0,1,1,0,1,0,0,1,0,0,22,0,0,0,1,0,5,1,6,1,6,1,0,0,0,30,1,0
C:\Users\OOPS\Downloads\Pizzademic-PH-master\Pizzademic-PH-master\src\model\pizza\Pepperoni.java,model.pizza.Pepperoni,class,7,9,2,7,13,2,0,10,26,0.7777778,0.1388889,0.30555555,9,0,9,0,0,0,9,0,0,0,5,0,0,5,0,0,0,0,1,58,7,1,1,2,0,5,1,10,0,9,3,0,0,0,48,1,0
C:\Users\OOPS\Downloads\Pizzademic-PH-master\Pizzademic-PH-master\src\model\builder\PizzaBuilder.java,model.builder.PizzaBuilder$Anonymous1,anonymous,1,1,0,1,1,1,0,0,0,0,NaN,NaN,1,0,0,0,1,0,1,0,0,0,0,0,0,0,0,0,0,0,0,5,1,0,0,0,0,0,0,0,0,0,0,0,0,0,3,-1,0
C:\Users\OOPS\Downloads\Pizzademic-PH-master\Pizzademic-PH-master\src\utility\SingletonDB.java,utility.SingletonDB,class,2,12,10,2,9,1,0,8,0,0.25,1,1,4,3,2,2,0,0,2,0,0,0,1,1,0,1,0,0,0,0,3,45,2,0,1,2,3,2,0,15,0,9,2,0,0,0,46,1,0
C:\Users\OOPS\Downloads\Pizzademic-PH-master\Pizzademic-PH-master\src\model\upgrade\TropicaleUpgrade.java,model.upgrade.TropicaleUpgrade,class,4,6,2,4,9,2,0,9,4,0.6,0.3,0.6,5,0,5,0,0,0,5,0,0,0,3,0,0,3,0,0,0,0,1,43,4,1,1,2,0,4,1,8,0,7,3,0,0,0,38,1,0
C:\Users\OOPS\Downloads\Pizzademic-PH-master\Pizzademic-PH-master\src\model\builder\Facade.java,model.builder.Facade,interface,1,2,1,1,1,1,0,0,0,0,NaN,NaN,1,0,1,0,0,0,1,0,0,0,0,0,0,0,0,0,0,0,0,3,0,0,0,0,0,0,0,0,0,0,0,0,0,0,5,1,0
C:\Users\OOPS\Downloads\Pizzademic-PH-master\Pizzademic-PH-master\src\model\item\PizzaProduct.java,model.item.PizzaProduct,interface,2,4,2,2,7,1,0,0,21,0,0,0,7,0,7,0,0,0,7,2,0,0,0,0,0,0,0,0,0,0,0,9,0,0,0,0,0,0,0,0,0,0,0,0,0,0,14,1,0
C:\Users\OOPS\Downloads\Pizzademic-PH-master\Pizzademic-PH-master\src\model\upgrade\FourCheeseUpgrade.java,model.upgrade.FourCheeseUpgrade,class,4,6,2,4,9,2,0,9,4,0.6,0.3,0.6,5,0,5,0,0,0,5,0,0,0,3,0,0,3,0,0,0,0,1,43,4,1,1,2,0,4,1,8,0,7,3,0,0,0,39,1,0
