file,class,method,variable,usage
C:\Users\OOPS\Downloads\Pizzademic-PH-master\Pizzademic-PH-master\src\model\pizza\FourCheese.java,model.pizza.FourCheese,viewDescription/0,pizzaDescription,1
C:\Users\OOPS\Downloads\Pizzademic-PH-master\Pizzademic-PH-master\src\model\pizza\FourCheese.java,model.pizza.FourCheese,viewFlavor/0,pizzaFlavor,1
C:\Users\OOPS\Downloads\Pizzademic-PH-master\Pizzademic-PH-master\src\model\pizza\FourCheese.java,model.pizza.FourCheese,FourCheese/0,quantity,1
C:\Users\OOPS\Downloads\Pizzademic-PH-master\Pizzademic-PH-master\src\model\pizza\FourCheese.java,model.pizza.FourCheese,FourCheese/0,pizzaDescription,1
C:\Users\OOPS\Downloads\Pizzademic-PH-master\Pizzademic-PH-master\src\model\pizza\FourCheese.java,model.pizza.FourCheese,FourCheese/0,pizzaPrice,1
C:\Users\OOPS\Downloads\Pizzademic-PH-master\Pizzademic-PH-master\src\model\pizza\FourCheese.java,model.pizza.FourCheese,FourCheese/0,pizzaFlavor,1
C:\Users\OOPS\Downloads\Pizzademic-PH-master\Pizzademic-PH-master\src\model\pizza\FourCheese.java,model.pizza.FourCheese,viewQuantity/0,quantity,1
C:\Users\OOPS\Downloads\Pizzademic-PH-master\Pizzademic-PH-master\src\model\pizza\FourCheese.java,model.pizza.FourCheese,getUpgrade/0,upgrade,1
C:\Users\OOPS\Downloads\Pizzademic-PH-master\Pizzademic-PH-master\src\model\pizza\FourCheese.java,model.pizza.FourCheese,setUpgrade/1[model.upgrade.Upgrade],upgrade,3
C:\Users\OOPS\Downloads\Pizzademic-PH-master\Pizzademic-PH-master\src\model\pizza\FourCheese.java,model.pizza.FourCheese,viewPrice/0,pizzaPrice,1
C:\Users\OOPS\Downloads\Pizzademic-PH-master\Pizzademic-PH-master\src\model\iterator\bean\PizzaBean.java,model.iterator.bean.PizzaBean,getPizzaDescription/0,pizzaDescription,1
C:\Users\OOPS\Downloads\Pizzademic-PH-master\Pizzademic-PH-master\src\model\iterator\bean\PizzaBean.java,model.iterator.bean.PizzaBean,getPizzaName/0,pizzaName,1
C:\Users\OOPS\Downloads\Pizzademic-PH-master\Pizzademic-PH-master\src\model\iterator\bean\PizzaBean.java,model.iterator.bean.PizzaBean,getPizzaPhoto/0,pizzaPhoto,1
C:\Users\OOPS\Downloads\Pizzademic-PH-master\Pizzademic-PH-master\src\model\iterator\bean\PizzaBean.java,model.iterator.bean.PizzaBean,"PizzaBean/3[java.lang.String,java.lang.String,java.lang.String]",pizzaPhoto,3
C:\Users\OOPS\Downloads\Pizzademic-PH-master\Pizzademic-PH-master\src\model\iterator\bean\PizzaBean.java,model.iterator.bean.PizzaBean,"PizzaBean/3[java.lang.String,java.lang.String,java.lang.String]",pizzaDescription,3
C:\Users\OOPS\Downloads\Pizzademic-PH-master\Pizzademic-PH-master\src\model\iterator\bean\PizzaBean.java,model.iterator.bean.PizzaBean,"PizzaBean/3[java.lang.String,java.lang.String,java.lang.String]",pizzaName,3
C:\Users\OOPS\Downloads\Pizzademic-PH-master\Pizzademic-PH-master\src\model\iterator\pizzas\PizzademicPHPizzas.java,model.iterator.pizzas.PizzademicPHPizzas,"addPizza/3[java.lang.String,java.lang.String,java.lang.String]",pizzas,1
C:\Users\OOPS\Downloads\Pizzademic-PH-master\Pizzademic-PH-master\src\model\iterator\pizzas\PizzademicPHPizzas.java,model.iterator.pizzas.PizzademicPHPizzas,createPizzaIterator/0,pizzas,1
C:\Users\OOPS\Downloads\Pizzademic-PH-master\Pizzademic-PH-master\src\model\iterator\pizzas\PizzademicPHPizzas.java,model.iterator.pizzas.PizzademicPHPizzas,PizzademicPHPizzas/0,pizzas,1
C:\Users\OOPS\Downloads\Pizzademic-PH-master\Pizzademic-PH-master\src\model\builder\PizzaBuilder.java,model.builder.PizzaBuilder,getTotalUpgradePrice/0,totalUpgradePrice,1
C:\Users\OOPS\Downloads\Pizzademic-PH-master\Pizzademic-PH-master\src\model\builder\PizzaBuilder.java,model.builder.PizzaBuilder,getPizzaFlavor/0,pizzaFlavor,1
C:\Users\OOPS\Downloads\Pizzademic-PH-master\Pizzademic-PH-master\src\model\builder\PizzaBuilder.java,model.builder.PizzaBuilder,setUpgradePrice/1[java.lang.Double],upgradePrice,3
C:\Users\OOPS\Downloads\Pizzademic-PH-master\Pizzademic-PH-master\src\model\builder\PizzaBuilder.java,model.builder.PizzaBuilder,setUpgradeQuantity/1[int],upgradeQuantity,1
C:\Users\OOPS\Downloads\Pizzademic-PH-master\Pizzademic-PH-master\src\model\builder\PizzaBuilder.java,model.builder.PizzaBuilder,setHouseSt/1[java.lang.String],houseSt,3
C:\Users\OOPS\Downloads\Pizzademic-PH-master\Pizzademic-PH-master\src\model\builder\PizzaBuilder.java,model.builder.PizzaBuilder,setUserEmail/1[java.lang.String],userEmail,3
C:\Users\OOPS\Downloads\Pizzademic-PH-master\Pizzademic-PH-master\src\model\builder\PizzaBuilder.java,model.builder.PizzaBuilder,setTotalUpgradePrice/1[java.lang.Double],totalUpgradePrice,3
C:\Users\OOPS\Downloads\Pizzademic-PH-master\Pizzademic-PH-master\src\model\builder\PizzaBuilder.java,model.builder.PizzaBuilder,process/1[model.builder.ServletContext],userEmail,1
C:\Users\OOPS\Downloads\Pizzademic-PH-master\Pizzademic-PH-master\src\model\builder\PizzaBuilder.java,model.builder.PizzaBuilder,setPacking/1[java.lang.String],packing,3
C:\Users\OOPS\Downloads\Pizzademic-PH-master\Pizzademic-PH-master\src\model\builder\PizzaBuilder.java,model.builder.PizzaBuilder,addToTransactions/0,zipCode,1
C:\Users\OOPS\Downloads\Pizzademic-PH-master\Pizzademic-PH-master\src\model\builder\PizzaBuilder.java,model.builder.PizzaBuilder,addToTransactions/0,quantity,1
C:\Users\OOPS\Downloads\Pizzademic-PH-master\Pizzademic-PH-master\src\model\builder\PizzaBuilder.java,model.builder.PizzaBuilder,addToTransactions/0,city,1
C:\Users\OOPS\Downloads\Pizzademic-PH-master\Pizzademic-PH-master\src\model\builder\PizzaBuilder.java,model.builder.PizzaBuilder,addToTransactions/0,totalPrice,1
C:\Users\OOPS\Downloads\Pizzademic-PH-master\Pizzademic-PH-master\src\model\builder\PizzaBuilder.java,model.builder.PizzaBuilder,addToTransactions/0,name,1
C:\Users\OOPS\Downloads\Pizzademic-PH-master\Pizzademic-PH-master\src\model\builder\PizzaBuilder.java,model.builder.PizzaBuilder,addToTransactions/0,houseSt,1
C:\Users\OOPS\Downloads\Pizzademic-PH-master\Pizzademic-PH-master\src\model\builder\PizzaBuilder.java,model.builder.PizzaBuilder,addToTransactions/0,upgradeQuantity,1
C:\Users\OOPS\Downloads\Pizzademic-PH-master\Pizzademic-PH-master\src\model\builder\PizzaBuilder.java,model.builder.PizzaBuilder,addToTransactions/0,brgy,1
C:\Users\OOPS\Downloads\Pizzademic-PH-master\Pizzademic-PH-master\src\model\builder\PizzaBuilder.java,model.builder.PizzaBuilder,addToTransactions/0,packing,1
C:\Users\OOPS\Downloads\Pizzademic-PH-master\Pizzademic-PH-master\src\model\builder\PizzaBuilder.java,model.builder.PizzaBuilder,addToTransactions/0,pizzaFlavor,1
C:\Users\OOPS\Downloads\Pizzademic-PH-master\Pizzademic-PH-master\src\model\builder\PizzaBuilder.java,model.builder.PizzaBuilder,getBrgy/0,brgy,1
C:\Users\OOPS\Downloads\Pizzademic-PH-master\Pizzademic-PH-master\src\model\builder\PizzaBuilder.java,model.builder.PizzaBuilder,getHouseSt/0,houseSt,1
C:\Users\OOPS\Downloads\Pizzademic-PH-master\Pizzademic-PH-master\src\model\builder\PizzaBuilder.java,model.builder.PizzaBuilder,getCost/0,upgradePrice,1
C:\Users\OOPS\Downloads\Pizzademic-PH-master\Pizzademic-PH-master\src\model\builder\PizzaBuilder.java,model.builder.PizzaBuilder,getCost/0,quantity,1
C:\Users\OOPS\Downloads\Pizzademic-PH-master\Pizzademic-PH-master\src\model\builder\PizzaBuilder.java,model.builder.PizzaBuilder,getCost/0,totalPrice,3
C:\Users\OOPS\Downloads\Pizzademic-PH-master\Pizzademic-PH-master\src\model\builder\PizzaBuilder.java,model.builder.PizzaBuilder,getCost/0,upgradeQuantity,2
C:\Users\OOPS\Downloads\Pizzademic-PH-master\Pizzademic-PH-master\src\model\builder\PizzaBuilder.java,model.builder.PizzaBuilder,getCost/0,totalUpgradePrice,2
C:\Users\OOPS\Downloads\Pizzademic-PH-master\Pizzademic-PH-master\src\model\builder\PizzaBuilder.java,model.builder.PizzaBuilder,getCost/0,productPrice,1
C:\Users\OOPS\Downloads\Pizzademic-PH-master\Pizzademic-PH-master\src\model\builder\PizzaBuilder.java,model.builder.PizzaBuilder,getName/0,name,1
C:\Users\OOPS\Downloads\Pizzademic-PH-master\Pizzademic-PH-master\src\model\builder\PizzaBuilder.java,model.builder.PizzaBuilder,getUserEmail/0,userEmail,1
C:\Users\OOPS\Downloads\Pizzademic-PH-master\Pizzademic-PH-master\src\model\builder\PizzaBuilder.java,model.builder.PizzaBuilder,getProductPrice/0,productPrice,1
C:\Users\OOPS\Downloads\Pizzademic-PH-master\Pizzademic-PH-master\src\model\builder\PizzaBuilder.java,model.builder.PizzaBuilder,getUpgradePrice/0,upgradePrice,1
C:\Users\OOPS\Downloads\Pizzademic-PH-master\Pizzademic-PH-master\src\model\builder\PizzaBuilder.java,model.builder.PizzaBuilder,setZipCode/1[java.lang.String],zipCode,3
C:\Users\OOPS\Downloads\Pizzademic-PH-master\Pizzademic-PH-master\src\model\builder\PizzaBuilder.java,model.builder.PizzaBuilder,getCity/0,city,1
C:\Users\OOPS\Downloads\Pizzademic-PH-master\Pizzademic-PH-master\src\model\builder\PizzaBuilder.java,model.builder.PizzaBuilder,getTotalPrice/0,totalPrice,1
C:\Users\OOPS\Downloads\Pizzademic-PH-master\Pizzademic-PH-master\src\model\builder\PizzaBuilder.java,model.builder.PizzaBuilder,getPacking/0,packing,1
C:\Users\OOPS\Downloads\Pizzademic-PH-master\Pizzademic-PH-master\src\model\builder\PizzaBuilder.java,model.builder.PizzaBuilder,setCity/1[java.lang.String],city,3
C:\Users\OOPS\Downloads\Pizzademic-PH-master\Pizzademic-PH-master\src\model\builder\PizzaBuilder.java,model.builder.PizzaBuilder,getUpgradeQuantity/0,upgradeQuantity,1
C:\Users\OOPS\Downloads\Pizzademic-PH-master\Pizzademic-PH-master\src\model\builder\PizzaBuilder.java,model.builder.PizzaBuilder,setProductPrice/1[java.lang.Double],productPrice,3
C:\Users\OOPS\Downloads\Pizzademic-PH-master\Pizzademic-PH-master\src\model\builder\PizzaBuilder.java,model.builder.PizzaBuilder,setName/1[java.lang.String],name,3
C:\Users\OOPS\Downloads\Pizzademic-PH-master\Pizzademic-PH-master\src\model\builder\PizzaBuilder.java,model.builder.PizzaBuilder,luhnTest/0,creditCardNum,1
C:\Users\OOPS\Downloads\Pizzademic-PH-master\Pizzademic-PH-master\src\model\builder\PizzaBuilder.java,model.builder.PizzaBuilder,getCreditCardNum/0,creditCardNum,1
C:\Users\OOPS\Downloads\Pizzademic-PH-master\Pizzademic-PH-master\src\model\builder\PizzaBuilder.java,model.builder.PizzaBuilder,getZipCode/0,zipCode,1
C:\Users\OOPS\Downloads\Pizzademic-PH-master\Pizzademic-PH-master\src\model\builder\PizzaBuilder.java,model.builder.PizzaBuilder,getQuantity/0,quantity,1
C:\Users\OOPS\Downloads\Pizzademic-PH-master\Pizzademic-PH-master\src\model\builder\PizzaBuilder.java,model.builder.PizzaBuilder,"PizzaBuilder/6[java.lang.String,int,int,java.lang.Double,java.lang.Double,java.lang.String]",upgradePrice,3
C:\Users\OOPS\Downloads\Pizzademic-PH-master\Pizzademic-PH-master\src\model\builder\PizzaBuilder.java,model.builder.PizzaBuilder,"PizzaBuilder/6[java.lang.String,int,int,java.lang.Double,java.lang.Double,java.lang.String]",quantity,5
C:\Users\OOPS\Downloads\Pizzademic-PH-master\Pizzademic-PH-master\src\model\builder\PizzaBuilder.java,model.builder.PizzaBuilder,"PizzaBuilder/6[java.lang.String,int,int,java.lang.Double,java.lang.Double,java.lang.String]",upgradeQuantity,3
C:\Users\OOPS\Downloads\Pizzademic-PH-master\Pizzademic-PH-master\src\model\builder\PizzaBuilder.java,model.builder.PizzaBuilder,"PizzaBuilder/6[java.lang.String,int,int,java.lang.Double,java.lang.Double,java.lang.String]",packing,3
C:\Users\OOPS\Downloads\Pizzademic-PH-master\Pizzademic-PH-master\src\model\builder\PizzaBuilder.java,model.builder.PizzaBuilder,"PizzaBuilder/6[java.lang.String,int,int,java.lang.Double,java.lang.Double,java.lang.String]",productPrice,3
C:\Users\OOPS\Downloads\Pizzademic-PH-master\Pizzademic-PH-master\src\model\builder\PizzaBuilder.java,model.builder.PizzaBuilder,"PizzaBuilder/6[java.lang.String,int,int,java.lang.Double,java.lang.Double,java.lang.String]",pizzaFlavor,1
C:\Users\OOPS\Downloads\Pizzademic-PH-master\Pizzademic-PH-master\src\model\builder\PizzaBuilder.java,model.builder.PizzaBuilder,setCreditCardNum/1[java.lang.String],creditCardNum,3
C:\Users\OOPS\Downloads\Pizzademic-PH-master\Pizzademic-PH-master\src\model\builder\PizzaBuilder.java,model.builder.PizzaBuilder,generate/0,zipCode,1
C:\Users\OOPS\Downloads\Pizzademic-PH-master\Pizzademic-PH-master\src\model\builder\PizzaBuilder.java,model.builder.PizzaBuilder,generate/0,quantity,1
C:\Users\OOPS\Downloads\Pizzademic-PH-master\Pizzademic-PH-master\src\model\builder\PizzaBuilder.java,model.builder.PizzaBuilder,generate/0,totalPrice,1
C:\Users\OOPS\Downloads\Pizzademic-PH-master\Pizzademic-PH-master\src\model\builder\PizzaBuilder.java,model.builder.PizzaBuilder,generate/0,city,1
C:\Users\OOPS\Downloads\Pizzademic-PH-master\Pizzademic-PH-master\src\model\builder\PizzaBuilder.java,model.builder.PizzaBuilder,generate/0,name,1
C:\Users\OOPS\Downloads\Pizzademic-PH-master\Pizzademic-PH-master\src\model\builder\PizzaBuilder.java,model.builder.PizzaBuilder,generate/0,houseSt,1
C:\Users\OOPS\Downloads\Pizzademic-PH-master\Pizzademic-PH-master\src\model\builder\PizzaBuilder.java,model.builder.PizzaBuilder,generate/0,upgradeQuantity,1
C:\Users\OOPS\Downloads\Pizzademic-PH-master\Pizzademic-PH-master\src\model\builder\PizzaBuilder.java,model.builder.PizzaBuilder,generate/0,totalUpgradePrice,1
C:\Users\OOPS\Downloads\Pizzademic-PH-master\Pizzademic-PH-master\src\model\builder\PizzaBuilder.java,model.builder.PizzaBuilder,generate/0,packing,1
C:\Users\OOPS\Downloads\Pizzademic-PH-master\Pizzademic-PH-master\src\model\builder\PizzaBuilder.java,model.builder.PizzaBuilder,generate/0,brgy,1
C:\Users\OOPS\Downloads\Pizzademic-PH-master\Pizzademic-PH-master\src\model\builder\PizzaBuilder.java,model.builder.PizzaBuilder,generate/0,pizzaFlavor,1
C:\Users\OOPS\Downloads\Pizzademic-PH-master\Pizzademic-PH-master\src\model\builder\PizzaBuilder.java,model.builder.PizzaBuilder,setBrgy/1[java.lang.String],brgy,3
C:\Users\OOPS\Downloads\Pizzademic-PH-master\Pizzademic-PH-master\src\model\builder\PizzaBuilder.java,model.builder.PizzaBuilder,setPizzaFlavor/1[java.lang.String],pizzaFlavor,3
C:\Users\OOPS\Downloads\Pizzademic-PH-master\Pizzademic-PH-master\src\model\builder\PizzaBuilder.java,model.builder.PizzaBuilder,setQuantity/1[int],quantity,3
C:\Users\OOPS\Downloads\Pizzademic-PH-master\Pizzademic-PH-master\src\model\builder\PizzaBuilder.java,model.builder.PizzaBuilder,updateProductTable/0,quantity,1
C:\Users\OOPS\Downloads\Pizzademic-PH-master\Pizzademic-PH-master\src\model\builder\PizzaBuilder.java,model.builder.PizzaBuilder,updateProductTable/0,pizzaFlavor,2
C:\Users\OOPS\Downloads\Pizzademic-PH-master\Pizzademic-PH-master\src\model\builder\PizzaBuilder.java,model.builder.PizzaBuilder,setTotalPrice/1[java.lang.Double],totalPrice,3
C:\Users\OOPS\Downloads\Pizzademic-PH-master\Pizzademic-PH-master\src\utility\UpgradePizzaFactory.java,utility.UpgradePizzaFactory,getUpgrade/1[java.lang.String],upgrade_prototypes,1
C:\Users\OOPS\Downloads\Pizzademic-PH-master\Pizzademic-PH-master\src\model\pizza\Tropicale.java,model.pizza.Tropicale,viewFlavor/0,pizzaFlavor,1
C:\Users\OOPS\Downloads\Pizzademic-PH-master\Pizzademic-PH-master\src\model\pizza\Tropicale.java,model.pizza.Tropicale,Tropicale/0,quantity,1
C:\Users\OOPS\Downloads\Pizzademic-PH-master\Pizzademic-PH-master\src\model\pizza\Tropicale.java,model.pizza.Tropicale,Tropicale/0,pizzaDescription,1
C:\Users\OOPS\Downloads\Pizzademic-PH-master\Pizzademic-PH-master\src\model\pizza\Tropicale.java,model.pizza.Tropicale,Tropicale/0,pizzaPrice,1
C:\Users\OOPS\Downloads\Pizzademic-PH-master\Pizzademic-PH-master\src\model\pizza\Tropicale.java,model.pizza.Tropicale,Tropicale/0,pizzaFlavor,1
C:\Users\OOPS\Downloads\Pizzademic-PH-master\Pizzademic-PH-master\src\model\pizza\Tropicale.java,model.pizza.Tropicale,viewDescription/0,pizzaDescription,1
C:\Users\OOPS\Downloads\Pizzademic-PH-master\Pizzademic-PH-master\src\model\pizza\Tropicale.java,model.pizza.Tropicale,getUpgrade/0,upgrade,1
C:\Users\OOPS\Downloads\Pizzademic-PH-master\Pizzademic-PH-master\src\model\pizza\Tropicale.java,model.pizza.Tropicale,setUpgrade/1[model.upgrade.Upgrade],upgrade,3
C:\Users\OOPS\Downloads\Pizzademic-PH-master\Pizzademic-PH-master\src\model\pizza\Tropicale.java,model.pizza.Tropicale,viewQuantity/0,quantity,1
C:\Users\OOPS\Downloads\Pizzademic-PH-master\Pizzademic-PH-master\src\model\pizza\Tropicale.java,model.pizza.Tropicale,viewPrice/0,pizzaPrice,1
C:\Users\OOPS\Downloads\Pizzademic-PH-master\Pizzademic-PH-master\src\model\upgrade\PepperoniUpgrade.java,model.upgrade.PepperoniUpgrade,viewUpgradeType/0,upgradeType,1
C:\Users\OOPS\Downloads\Pizzademic-PH-master\Pizzademic-PH-master\src\model\upgrade\PepperoniUpgrade.java,model.upgrade.PepperoniUpgrade,PepperoniUpgrade/0,upgradePrice,1
C:\Users\OOPS\Downloads\Pizzademic-PH-master\Pizzademic-PH-master\src\model\upgrade\PepperoniUpgrade.java,model.upgrade.PepperoniUpgrade,PepperoniUpgrade/0,upgradeType,1
C:\Users\OOPS\Downloads\Pizzademic-PH-master\Pizzademic-PH-master\src\model\upgrade\PepperoniUpgrade.java,model.upgrade.PepperoniUpgrade,PepperoniUpgrade/0,upgradeDetails,1
C:\Users\OOPS\Downloads\Pizzademic-PH-master\Pizzademic-PH-master\src\model\upgrade\PepperoniUpgrade.java,model.upgrade.PepperoniUpgrade,viewUpgradePrice/0,upgradePrice,1
C:\Users\OOPS\Downloads\Pizzademic-PH-master\Pizzademic-PH-master\src\model\upgrade\PepperoniUpgrade.java,model.upgrade.PepperoniUpgrade,viewUpgradeDetails/0,upgradeDetails,1
C:\Users\OOPS\Downloads\Pizzademic-PH-master\Pizzademic-PH-master\src\utility\PizzaFactory.java,utility.PizzaFactory,getPizza/1[java.lang.String],pizza_prototypes,1
C:\Users\OOPS\Downloads\Pizzademic-PH-master\Pizzademic-PH-master\src\model\pizza\Pepperoni.java,model.pizza.Pepperoni,viewFlavor/0,pizzaFlavor,1
C:\Users\OOPS\Downloads\Pizzademic-PH-master\Pizzademic-PH-master\src\model\pizza\Pepperoni.java,model.pizza.Pepperoni,viewDescription/0,pizzaDescription,1
C:\Users\OOPS\Downloads\Pizzademic-PH-master\Pizzademic-PH-master\src\model\pizza\Pepperoni.java,model.pizza.Pepperoni,getUpgrade/0,upgrade,1
C:\Users\OOPS\Downloads\Pizzademic-PH-master\Pizzademic-PH-master\src\model\pizza\Pepperoni.java,model.pizza.Pepperoni,setUpgrade/1[model.upgrade.Upgrade],upgrade,3
C:\Users\OOPS\Downloads\Pizzademic-PH-master\Pizzademic-PH-master\src\model\pizza\Pepperoni.java,model.pizza.Pepperoni,viewQuantity/0,quantity,1
C:\Users\OOPS\Downloads\Pizzademic-PH-master\Pizzademic-PH-master\src\model\pizza\Pepperoni.java,model.pizza.Pepperoni,viewPrice/0,pizzaPrice,1
C:\Users\OOPS\Downloads\Pizzademic-PH-master\Pizzademic-PH-master\src\model\pizza\Pepperoni.java,model.pizza.Pepperoni,Pepperoni/0,quantity,1
C:\Users\OOPS\Downloads\Pizzademic-PH-master\Pizzademic-PH-master\src\model\pizza\Pepperoni.java,model.pizza.Pepperoni,Pepperoni/0,pizzaDescription,1
C:\Users\OOPS\Downloads\Pizzademic-PH-master\Pizzademic-PH-master\src\model\pizza\Pepperoni.java,model.pizza.Pepperoni,Pepperoni/0,pizzaPrice,1
C:\Users\OOPS\Downloads\Pizzademic-PH-master\Pizzademic-PH-master\src\model\pizza\Pepperoni.java,model.pizza.Pepperoni,Pepperoni/0,pizzaFlavor,1
C:\Users\OOPS\Downloads\Pizzademic-PH-master\Pizzademic-PH-master\src\utility\SingletonDB.java,utility.SingletonDB,instantiate/0,connection,2
C:\Users\OOPS\Downloads\Pizzademic-PH-master\Pizzademic-PH-master\src\utility\SingletonDB.java,utility.SingletonDB,getConnection/0,connection,2
C:\Users\OOPS\Downloads\Pizzademic-PH-master\Pizzademic-PH-master\src\model\upgrade\TropicaleUpgrade.java,model.upgrade.TropicaleUpgrade,viewUpgradeType/0,upgradeType,1
C:\Users\OOPS\Downloads\Pizzademic-PH-master\Pizzademic-PH-master\src\model\upgrade\TropicaleUpgrade.java,model.upgrade.TropicaleUpgrade,TropicaleUpgrade/0,upgradePrice,1
C:\Users\OOPS\Downloads\Pizzademic-PH-master\Pizzademic-PH-master\src\model\upgrade\TropicaleUpgrade.java,model.upgrade.TropicaleUpgrade,TropicaleUpgrade/0,upgradeType,1
C:\Users\OOPS\Downloads\Pizzademic-PH-master\Pizzademic-PH-master\src\model\upgrade\TropicaleUpgrade.java,model.upgrade.TropicaleUpgrade,TropicaleUpgrade/0,upgradeDetails,1
C:\Users\OOPS\Downloads\Pizzademic-PH-master\Pizzademic-PH-master\src\model\upgrade\TropicaleUpgrade.java,model.upgrade.TropicaleUpgrade,viewUpgradePrice/0,upgradePrice,1
C:\Users\OOPS\Downloads\Pizzademic-PH-master\Pizzademic-PH-master\src\model\upgrade\TropicaleUpgrade.java,model.upgrade.TropicaleUpgrade,viewUpgradeDetails/0,upgradeDetails,1
C:\Users\OOPS\Downloads\Pizzademic-PH-master\Pizzademic-PH-master\src\model\upgrade\FourCheeseUpgrade.java,model.upgrade.FourCheeseUpgrade,viewUpgradeType/0,upgradeType,1
C:\Users\OOPS\Downloads\Pizzademic-PH-master\Pizzademic-PH-master\src\model\upgrade\FourCheeseUpgrade.java,model.upgrade.FourCheeseUpgrade,viewUpgradePrice/0,upgradePrice,1
C:\Users\OOPS\Downloads\Pizzademic-PH-master\Pizzademic-PH-master\src\model\upgrade\FourCheeseUpgrade.java,model.upgrade.FourCheeseUpgrade,FourCheeseUpgrade/0,upgradePrice,1
C:\Users\OOPS\Downloads\Pizzademic-PH-master\Pizzademic-PH-master\src\model\upgrade\FourCheeseUpgrade.java,model.upgrade.FourCheeseUpgrade,FourCheeseUpgrade/0,upgradeType,1
C:\Users\OOPS\Downloads\Pizzademic-PH-master\Pizzademic-PH-master\src\model\upgrade\FourCheeseUpgrade.java,model.upgrade.FourCheeseUpgrade,FourCheeseUpgrade/0,upgradeDetails,1
C:\Users\OOPS\Downloads\Pizzademic-PH-master\Pizzademic-PH-master\src\model\upgrade\FourCheeseUpgrade.java,model.upgrade.FourCheeseUpgrade,viewUpgradeDetails/0,upgradeDetails,1
