file,class,method,constructor,line,cbo,cboModified,fanin,fanout,wmc,rfc,loc,returnsQty,variablesQty,parametersQty,methodsInvokedQty,methodsInvokedLocalQty,methodsInvokedIndirectLocalQty,loopQty,comparisonsQty,tryCatchQty,parenthesizedExpsQty,stringLiteralsQty,numbersQty,assignmentsQty,mathOperationsQty,maxNestedBlocksQty,anonymousClassesQty,innerClassesQty,lambdasQty,uniqueWordsQty,modifiers,logStatementsQty,hasJavaDoc
C:\Users\OOPS\Downloads\Pizzademic-PH-master\Pizzademic-PH-master\src\controller\OrderServlet.java,controller.OrderServlet,"doPost/2[controller.HttpServletRequest,controller.HttpServletResponse]",FALSE,20,4,2,1,1,2,7,19,0,9,2,7,0,0,0,0,1,0,9,0,9,0,1,0,0,0,25,4,0,FALSE
C:\Users\OOPS\Downloads\Pizzademic-PH-master\Pizzademic-PH-master\src\controller\OrderServlet.java,controller.OrderServlet,"doGet/2[controller.HttpServletRequest,controller.HttpServletResponse]",FALSE,16,3,1,0,1,1,1,3,0,0,2,1,1,1,0,0,0,0,0,0,0,0,0,0,0,0,10,4,0,FALSE
C:\Users\OOPS\Downloads\Pizzademic-PH-master\Pizzademic-PH-master\src\controller\ProcessPaymentServlet.java,controller.ProcessPaymentServlet,"doPost/2[controller.HttpServletRequest,controller.HttpServletResponse]",FALSE,21,5,16,1,15,3,22,34,0,6,2,22,0,0,0,0,1,0,17,0,6,0,2,0,0,0,23,4,0,FALSE
C:\Users\OOPS\Downloads\Pizzademic-PH-master\Pizzademic-PH-master\src\controller\ProcessPaymentServlet.java,controller.ProcessPaymentServlet,"doGet/2[controller.HttpServletRequest,controller.HttpServletResponse]",FALSE,17,3,1,0,1,1,1,3,0,0,2,1,1,1,0,0,0,0,0,0,0,0,0,0,0,0,10,4,0,FALSE
C:\Users\OOPS\Downloads\Pizzademic-PH-master\Pizzademic-PH-master\src\model\pizza\FourCheese.java,model.pizza.FourCheese,viewDescription/0,FALSE,45,0,0,0,0,1,0,3,1,0,0,0,0,0,0,0,0,0,0,0,0,0,0,0,0,0,3,1,0,FALSE
C:\Users\OOPS\Downloads\Pizzademic-PH-master\Pizzademic-PH-master\src\model\pizza\FourCheese.java,model.pizza.FourCheese,viewFlavor/0,FALSE,34,0,0,0,0,1,0,3,1,0,0,0,0,0,0,0,0,0,0,0,0,0,0,0,0,0,3,1,0,FALSE
C:\Users\OOPS\Downloads\Pizzademic-PH-master\Pizzademic-PH-master\src\model\pizza\FourCheese.java,model.pizza.FourCheese,clone/0,FALSE,91,2,1,0,1,1,0,3,1,0,0,0,0,0,0,0,0,0,0,0,0,0,0,0,0,0,5,1,0,FALSE
C:\Users\OOPS\Downloads\Pizzademic-PH-master\Pizzademic-PH-master\src\model\pizza\FourCheese.java,model.pizza.FourCheese,FourCheese/0,TRUE,55,1,3,2,1,5,10,27,0,4,0,10,0,0,1,1,2,0,5,1,9,0,3,0,0,0,34,1,0,FALSE
C:\Users\OOPS\Downloads\Pizzademic-PH-master\Pizzademic-PH-master\src\model\pizza\FourCheese.java,model.pizza.FourCheese,viewQuantity/0,FALSE,50,0,0,0,0,1,0,3,1,0,0,0,0,0,0,0,0,0,0,0,0,0,0,0,0,0,3,1,0,FALSE
C:\Users\OOPS\Downloads\Pizzademic-PH-master\Pizzademic-PH-master\src\model\pizza\FourCheese.java,model.pizza.FourCheese,getUpgrade/0,FALSE,24,1,0,0,0,1,0,3,1,0,0,0,0,0,0,0,0,0,0,0,0,0,0,0,0,0,3,1,0,FALSE
C:\Users\OOPS\Downloads\Pizzademic-PH-master\Pizzademic-PH-master\src\model\pizza\FourCheese.java,model.pizza.FourCheese,setUpgrade/1[model.upgrade.Upgrade],FALSE,29,1,0,0,0,1,0,3,0,0,1,0,0,0,0,0,0,0,0,0,1,0,0,0,0,0,3,1,0,FALSE
C:\Users\OOPS\Downloads\Pizzademic-PH-master\Pizzademic-PH-master\src\model\pizza\FourCheese.java,model.pizza.FourCheese,viewPrice/0,FALSE,39,0,0,0,0,1,0,3,1,0,0,0,0,0,0,0,0,0,0,0,0,0,0,0,0,0,4,1,0,FALSE
C:\Users\OOPS\Downloads\Pizzademic-PH-master\Pizzademic-PH-master\src\model\pizza\FourCheese.java,model.pizza.FourCheese,packing/0,FALSE,96,2,1,0,1,1,0,3,1,0,0,0,0,0,0,0,0,0,0,0,0,0,0,0,0,0,3,1,0,FALSE
C:\Users\OOPS\Downloads\Pizzademic-PH-master\Pizzademic-PH-master\src\model\iterator\bean\PizzaBean.java,model.iterator.bean.PizzaBean,getPizzaDescription/0,FALSE,25,0,0,0,0,1,0,3,1,0,0,0,0,0,0,0,0,0,0,0,0,0,0,0,0,0,4,1,0,FALSE
C:\Users\OOPS\Downloads\Pizzademic-PH-master\Pizzademic-PH-master\src\model\iterator\bean\PizzaBean.java,model.iterator.bean.PizzaBean,getPizzaName/0,FALSE,17,0,0,0,0,1,0,3,1,0,0,0,0,0,0,0,0,0,0,0,0,0,0,0,0,0,4,1,0,FALSE
C:\Users\OOPS\Downloads\Pizzademic-PH-master\Pizzademic-PH-master\src\model\iterator\bean\PizzaBean.java,model.iterator.bean.PizzaBean,getPizzaPhoto/0,FALSE,21,0,0,0,0,1,0,3,1,0,0,0,0,0,0,0,0,0,0,0,0,0,0,0,0,0,4,1,0,FALSE
C:\Users\OOPS\Downloads\Pizzademic-PH-master\Pizzademic-PH-master\src\model\iterator\bean\PizzaBean.java,model.iterator.bean.PizzaBean,"PizzaBean/3[java.lang.String,java.lang.String,java.lang.String]",TRUE,10,0,1,1,0,1,0,6,0,0,3,0,0,0,0,0,0,0,0,0,3,0,0,0,0,0,6,1,0,FALSE
C:\Users\OOPS\Downloads\Pizzademic-PH-master\Pizzademic-PH-master\src\model\upgrade\Upgrade.java,model.upgrade.Upgrade,viewUpgradeDetails/0,FALSE,9,0,0,0,0,1,0,1,0,0,0,0,0,0,0,0,0,0,0,0,0,0,0,0,0,0,3,1025,0,FALSE
C:\Users\OOPS\Downloads\Pizzademic-PH-master\Pizzademic-PH-master\src\model\upgrade\Upgrade.java,model.upgrade.Upgrade,clone/0,FALSE,5,1,1,1,0,1,0,1,0,0,0,0,0,0,0,0,0,0,0,0,0,0,0,0,0,0,2,1025,0,FALSE
C:\Users\OOPS\Downloads\Pizzademic-PH-master\Pizzademic-PH-master\src\model\upgrade\Upgrade.java,model.upgrade.Upgrade,viewUpgradeType/0,FALSE,7,0,0,0,0,1,0,1,0,0,0,0,0,0,0,0,0,0,0,0,0,0,0,0,0,0,3,1025,0,FALSE
C:\Users\OOPS\Downloads\Pizzademic-PH-master\Pizzademic-PH-master\src\model\upgrade\Upgrade.java,model.upgrade.Upgrade,viewUpgradePrice/0,FALSE,8,0,0,0,0,1,0,1,0,0,0,0,0,0,0,0,0,0,0,0,0,0,0,0,0,0,4,1025,0,FALSE
C:\Users\OOPS\Downloads\Pizzademic-PH-master\Pizzademic-PH-master\src\model\iterator\pizzas\PizzademicPHPizzas.java,model.iterator.pizzas.PizzademicPHPizzas,"addPizza/3[java.lang.String,java.lang.String,java.lang.String]",FALSE,52,1,2,1,1,1,1,4,0,1,3,1,0,0,0,0,0,0,0,0,1,0,0,0,0,0,7,1,0,FALSE
C:\Users\OOPS\Downloads\Pizzademic-PH-master\Pizzademic-PH-master\src\model\iterator\pizzas\PizzademicPHPizzas.java,model.iterator.pizzas.PizzademicPHPizzas,createPizzaIterator/0,FALSE,59,0,0,0,0,1,1,3,1,0,0,1,0,0,0,0,0,0,0,0,0,0,0,0,0,0,3,1,0,FALSE
C:\Users\OOPS\Downloads\Pizzademic-PH-master\Pizzademic-PH-master\src\model\iterator\pizzas\PizzademicPHPizzas.java,model.iterator.pizzas.PizzademicPHPizzas,PizzademicPHPizzas/0,TRUE,19,3,2,0,2,5,8,26,0,6,0,8,1,1,1,1,2,0,3,0,8,0,3,0,0,0,35,1,0,FALSE
C:\Users\OOPS\Downloads\Pizzademic-PH-master\Pizzademic-PH-master\src\utility\Wrapper.java,utility.Wrapper,pack/0,FALSE,6,0,0,0,0,1,0,3,1,0,0,0,0,0,0,0,0,0,1,0,0,0,0,0,0,0,4,1,0,FALSE
C:\Users\OOPS\Downloads\Pizzademic-PH-master\Pizzademic-PH-master\src\model\builder\PizzaBuilder.java,model.builder.PizzaBuilder,"sendMail/2[java.lang.String,model.builder.ServletContext]",FALSE,417,11,1,1,0,2,16,45,0,15,2,16,0,0,0,0,1,0,18,0,15,1,1,1,0,0,44,1,0,FALSE
C:\Users\OOPS\Downloads\Pizzademic-PH-master\Pizzademic-PH-master\src\model\builder\PizzaBuilder.java,model.builder.PizzaBuilder,getTotalUpgradePrice/0,FALSE,96,0,0,0,0,1,0,3,1,0,0,0,0,0,0,0,0,0,0,0,0,0,0,0,0,0,6,1,0,FALSE
C:\Users\OOPS\Downloads\Pizzademic-PH-master\Pizzademic-PH-master\src\model\builder\PizzaBuilder.java,model.builder.PizzaBuilder,getPizzaFlavor/0,FALSE,130,0,0,0,0,1,0,3,1,0,0,0,0,0,0,0,0,0,0,0,0,0,0,0,0,0,4,1,0,FALSE
C:\Users\OOPS\Downloads\Pizzademic-PH-master\Pizzademic-PH-master\src\model\builder\PizzaBuilder.java,model.builder.PizzaBuilder,setUpgradePrice/1[java.lang.Double],FALSE,190,0,0,0,0,1,0,3,0,0,1,0,0,0,0,0,0,0,0,0,1,0,0,0,0,0,5,1,0,FALSE
C:\Users\OOPS\Downloads\Pizzademic-PH-master\Pizzademic-PH-master\src\model\builder\PizzaBuilder.java,model.builder.PizzaBuilder,setUpgradeQuantity/1[int],FALSE,142,0,1,1,0,1,0,3,0,0,1,0,0,0,0,0,0,0,0,0,1,0,0,0,0,0,4,1,0,FALSE
C:\Users\OOPS\Downloads\Pizzademic-PH-master\Pizzademic-PH-master\src\model\builder\PizzaBuilder.java,model.builder.PizzaBuilder,setHouseSt/1[java.lang.String],FALSE,60,0,1,1,0,1,0,3,0,0,1,0,0,0,0,0,0,0,0,0,1,0,0,0,0,0,4,1,0,FALSE
C:\Users\OOPS\Downloads\Pizzademic-PH-master\Pizzademic-PH-master\src\model\builder\PizzaBuilder.java,model.builder.PizzaBuilder,setUserEmail/1[java.lang.String],FALSE,92,0,1,1,0,1,0,3,0,0,1,0,0,0,0,0,0,0,0,0,1,0,0,0,0,0,4,1,0,FALSE
C:\Users\OOPS\Downloads\Pizzademic-PH-master\Pizzademic-PH-master\src\model\builder\PizzaBuilder.java,model.builder.PizzaBuilder,setTotalUpgradePrice/1[java.lang.Double],FALSE,100,0,1,1,0,1,0,3,0,0,1,0,0,0,0,0,0,0,0,0,1,0,0,0,0,0,6,1,0,FALSE
C:\Users\OOPS\Downloads\Pizzademic-PH-master\Pizzademic-PH-master\src\model\builder\PizzaBuilder.java,model.builder.PizzaBuilder,process/1[model.builder.ServletContext],FALSE,305,2,6,1,5,2,6,14,2,0,1,6,5,1,0,0,0,0,2,0,0,0,1,0,0,0,21,1,0,FALSE
C:\Users\OOPS\Downloads\Pizzademic-PH-master\Pizzademic-PH-master\src\model\builder\PizzaBuilder.java,model.builder.PizzaBuilder,setPacking/1[java.lang.String],FALSE,108,0,1,1,0,1,0,3,0,0,1,0,0,0,0,0,0,0,0,0,1,0,0,0,0,0,3,1,0,FALSE
C:\Users\OOPS\Downloads\Pizzademic-PH-master\Pizzademic-PH-master\src\model\builder\PizzaBuilder.java,model.builder.PizzaBuilder,addToTransactions/0,FALSE,227,1,2,1,1,3,9,28,0,3,0,9,0,0,0,0,2,0,3,10,3,1,2,0,0,0,28,1,0,FALSE
C:\Users\OOPS\Downloads\Pizzademic-PH-master\Pizzademic-PH-master\src\model\builder\PizzaBuilder.java,model.builder.PizzaBuilder,getBrgy/0,FALSE,64,0,0,0,0,1,0,3,1,0,0,0,0,0,0,0,0,0,0,0,0,0,0,0,0,0,3,1,0,FALSE
C:\Users\OOPS\Downloads\Pizzademic-PH-master\Pizzademic-PH-master\src\model\builder\PizzaBuilder.java,model.builder.PizzaBuilder,getHouseSt/0,FALSE,56,0,0,0,0,1,0,3,1,0,0,0,0,0,0,0,0,0,0,0,0,0,0,0,0,0,4,1,0,FALSE
C:\Users\OOPS\Downloads\Pizzademic-PH-master\Pizzademic-PH-master\src\model\builder\PizzaBuilder.java,model.builder.PizzaBuilder,getCost/0,FALSE,194,0,1,1,0,2,0,12,1,1,0,0,0,0,0,1,0,0,0,2,5,3,1,0,0,0,5,1,0,FALSE
C:\Users\OOPS\Downloads\Pizzademic-PH-master\Pizzademic-PH-master\src\model\builder\PizzaBuilder.java,model.builder.PizzaBuilder,getName/0,FALSE,154,0,0,0,0,1,0,3,1,0,0,0,0,0,0,0,0,0,0,0,0,0,0,0,0,0,3,1,0,FALSE
C:\Users\OOPS\Downloads\Pizzademic-PH-master\Pizzademic-PH-master\src\model\builder\PizzaBuilder.java,model.builder.PizzaBuilder,getUserEmail/0,FALSE,88,0,0,0,0,1,0,3,1,0,0,0,0,0,0,0,0,0,0,0,0,0,0,0,0,0,4,1,0,FALSE
C:\Users\OOPS\Downloads\Pizzademic-PH-master\Pizzademic-PH-master\src\model\builder\PizzaBuilder.java,model.builder.PizzaBuilder,PizzaBuilder/0,TRUE,112,0,1,1,0,1,0,2,0,0,0,0,0,0,0,0,0,0,0,0,0,0,0,0,0,0,2,1,0,FALSE
C:\Users\OOPS\Downloads\Pizzademic-PH-master\Pizzademic-PH-master\src\model\builder\PizzaBuilder.java,model.builder.PizzaBuilder,getProductPrice/0,FALSE,178,0,0,0,0,1,0,3,1,0,0,0,0,0,0,0,0,0,0,0,0,0,0,0,0,0,5,1,0,FALSE
C:\Users\OOPS\Downloads\Pizzademic-PH-master\Pizzademic-PH-master\src\model\builder\PizzaBuilder.java,model.builder.PizzaBuilder,getUpgradePrice/0,FALSE,186,0,0,0,0,1,0,3,1,0,0,0,0,0,0,0,0,0,0,0,0,0,0,0,0,0,5,1,0,FALSE
C:\Users\OOPS\Downloads\Pizzademic-PH-master\Pizzademic-PH-master\src\model\builder\PizzaBuilder.java,model.builder.PizzaBuilder,setZipCode/1[java.lang.String],FALSE,84,0,1,1,0,1,0,3,0,0,1,0,0,0,0,0,0,0,0,0,1,0,0,0,0,0,4,1,0,FALSE
C:\Users\OOPS\Downloads\Pizzademic-PH-master\Pizzademic-PH-master\src\model\builder\PizzaBuilder.java,model.builder.PizzaBuilder,getCity/0,FALSE,72,0,0,0,0,1,0,3,1,0,0,0,0,0,0,0,0,0,0,0,0,0,0,0,0,0,3,1,0,FALSE
C:\Users\OOPS\Downloads\Pizzademic-PH-master\Pizzademic-PH-master\src\model\builder\PizzaBuilder.java,model.builder.PizzaBuilder,getTotalPrice/0,FALSE,146,0,0,0,0,1,0,3,1,0,0,0,0,0,0,0,0,0,0,0,0,0,0,0,0,0,5,1,0,FALSE
C:\Users\OOPS\Downloads\Pizzademic-PH-master\Pizzademic-PH-master\src\model\builder\PizzaBuilder.java,model.builder.PizzaBuilder,getPacking/0,FALSE,104,0,0,0,0,1,0,3,1,0,0,0,0,0,0,0,0,0,0,0,0,0,0,0,0,0,2,1,0,FALSE
C:\Users\OOPS\Downloads\Pizzademic-PH-master\Pizzademic-PH-master\src\model\builder\PizzaBuilder.java,model.builder.PizzaBuilder,setCity/1[java.lang.String],FALSE,76,0,1,1,0,1,0,3,0,0,1,0,0,0,0,0,0,0,0,0,1,0,0,0,0,0,3,1,0,FALSE
C:\Users\OOPS\Downloads\Pizzademic-PH-master\Pizzademic-PH-master\src\model\builder\PizzaBuilder.java,model.builder.PizzaBuilder,getUpgradeQuantity/0,FALSE,138,0,0,0,0,1,0,3,1,0,0,0,0,0,0,0,0,0,0,0,0,0,0,0,0,0,4,1,0,FALSE
C:\Users\OOPS\Downloads\Pizzademic-PH-master\Pizzademic-PH-master\src\model\builder\PizzaBuilder.java,model.builder.PizzaBuilder,setProductPrice/1[java.lang.Double],FALSE,182,0,0,0,0,1,0,3,0,0,1,0,0,0,0,0,0,0,0,0,1,0,0,0,0,0,5,1,0,FALSE
C:\Users\OOPS\Downloads\Pizzademic-PH-master\Pizzademic-PH-master\src\model\builder\PizzaBuilder.java,model.builder.PizzaBuilder,setName/1[java.lang.String],FALSE,158,0,1,1,0,1,0,3,0,0,1,0,0,0,0,0,0,0,0,0,1,0,0,0,0,0,3,1,0,FALSE
C:\Users\OOPS\Downloads\Pizzademic-PH-master\Pizzademic-PH-master\src\model\builder\PizzaBuilder.java,model.builder.PizzaBuilder,luhnTest/0,FALSE,208,0,1,1,0,5,5,17,1,5,0,5,0,0,1,2,0,1,0,11,8,4,3,0,0,0,12,1,0,FALSE
C:\Users\OOPS\Downloads\Pizzademic-PH-master\Pizzademic-PH-master\src\model\builder\PizzaBuilder.java,model.builder.PizzaBuilder,getCreditCardNum/0,FALSE,162,0,0,0,0,1,0,3,1,0,0,0,0,0,0,0,0,0,0,0,0,0,0,0,0,0,5,1,0,FALSE
C:\Users\OOPS\Downloads\Pizzademic-PH-master\Pizzademic-PH-master\src\model\builder\PizzaBuilder.java,model.builder.PizzaBuilder,getZipCode/0,FALSE,80,0,0,0,0,1,0,3,1,0,0,0,0,0,0,0,0,0,0,0,0,0,0,0,0,0,4,1,0,FALSE
C:\Users\OOPS\Downloads\Pizzademic-PH-master\Pizzademic-PH-master\src\model\builder\PizzaBuilder.java,model.builder.PizzaBuilder,getQuantity/0,FALSE,170,0,0,0,0,1,0,3,1,0,0,0,0,0,0,0,0,0,0,0,0,0,0,0,0,0,3,1,0,FALSE
C:\Users\OOPS\Downloads\Pizzademic-PH-master\Pizzademic-PH-master\src\model\builder\PizzaBuilder.java,model.builder.PizzaBuilder,"PizzaBuilder/6[java.lang.String,int,int,java.lang.Double,java.lang.Double,java.lang.String]",TRUE,116,1,2,1,1,2,1,12,0,0,6,1,1,1,0,0,0,0,0,0,7,0,1,0,0,0,10,1,0,FALSE
C:\Users\OOPS\Downloads\Pizzademic-PH-master\Pizzademic-PH-master\src\model\builder\PizzaBuilder.java,model.builder.PizzaBuilder,setCreditCardNum/1[java.lang.String],FALSE,166,0,1,1,0,1,0,3,0,0,1,0,0,0,0,0,0,0,0,0,1,0,0,0,0,0,5,1,0,FALSE
C:\Users\OOPS\Downloads\Pizzademic-PH-master\Pizzademic-PH-master\src\model\builder\PizzaBuilder.java,model.builder.PizzaBuilder,generate/0,FALSE,322,4,1,1,0,2,17,65,0,18,0,17,0,0,0,0,1,0,20,13,18,8,1,0,0,0,59,1,0,FALSE
C:\Users\OOPS\Downloads\Pizzademic-PH-master\Pizzademic-PH-master\src\model\builder\PizzaBuilder.java,model.builder.PizzaBuilder,setBrgy/1[java.lang.String],FALSE,68,0,1,1,0,1,0,3,0,0,1,0,0,0,0,0,0,0,0,0,1,0,0,0,0,0,3,1,0,FALSE
C:\Users\OOPS\Downloads\Pizzademic-PH-master\Pizzademic-PH-master\src\model\builder\PizzaBuilder.java,model.builder.PizzaBuilder,setPizzaFlavor/1[java.lang.String],FALSE,134,0,1,1,0,1,0,3,0,0,1,0,0,0,0,0,0,0,0,0,1,0,0,0,0,0,4,1,0,FALSE
C:\Users\OOPS\Downloads\Pizzademic-PH-master\Pizzademic-PH-master\src\model\builder\PizzaBuilder.java,model.builder.PizzaBuilder,setQuantity/1[int],FALSE,174,0,1,1,0,1,0,3,0,0,1,0,0,0,0,0,0,0,0,0,1,0,0,0,0,0,3,1,0,FALSE
C:\Users\OOPS\Downloads\Pizzademic-PH-master\Pizzademic-PH-master\src\model\builder\PizzaBuilder.java,model.builder.PizzaBuilder,updateProductTable/0,FALSE,262,1,2,1,1,4,11,31,0,7,0,11,0,0,1,0,2,0,4,5,11,1,2,0,0,0,35,1,0,FALSE
C:\Users\OOPS\Downloads\Pizzademic-PH-master\Pizzademic-PH-master\src\model\builder\PizzaBuilder.java,model.builder.PizzaBuilder,setTotalPrice/1[java.lang.Double],FALSE,150,0,1,1,0,1,0,3,0,0,1,0,0,0,0,0,0,0,0,0,1,0,0,0,0,0,5,1,0,FALSE
C:\Users\OOPS\Downloads\Pizzademic-PH-master\Pizzademic-PH-master\src\utility\UpgradePizzaFactory.java,utility.UpgradePizzaFactory,getUpgrade/1[java.lang.String],FALSE,20,1,2,1,1,2,3,9,2,0,1,3,0,0,0,0,1,0,1,0,0,1,1,0,0,0,9,1,0,FALSE
C:\Users\OOPS\Downloads\Pizzademic-PH-master\Pizzademic-PH-master\src\utility\UpgradePizzaFactory.java,utility.UpgradePizzaFactory,(initializer 1),FALSE,13,3,6,0,6,1,1,5,0,0,0,1,0,0,0,0,0,0,3,0,0,0,0,0,0,0,5,8,0,FALSE
C:\Users\OOPS\Downloads\Pizzademic-PH-master\Pizzademic-PH-master\src\utility\UpgradePizzaFactory.java,utility.UpgradePizzaFactory,getPizza/1[java.lang.String],FALSE,31,1,0,0,0,1,0,3,1,0,1,0,0,0,0,0,0,0,0,0,0,0,0,0,0,0,6,1,0,FALSE
C:\Users\OOPS\Downloads\Pizzademic-PH-master\Pizzademic-PH-master\src\model\iterator\iterator\PizzaIterator.java,model.iterator.iterator.PizzaIterator,createPizzaIterator/0,FALSE,6,0,0,0,0,1,0,1,0,0,0,0,0,0,0,0,0,0,0,0,0,0,0,0,0,0,3,1,0,FALSE
C:\Users\OOPS\Downloads\Pizzademic-PH-master\Pizzademic-PH-master\src\model\pizza\Tropicale.java,model.pizza.Tropicale,viewFlavor/0,FALSE,34,0,0,0,0,1,0,3,1,0,0,0,0,0,0,0,0,0,0,0,0,0,0,0,0,0,3,1,0,FALSE
C:\Users\OOPS\Downloads\Pizzademic-PH-master\Pizzademic-PH-master\src\model\pizza\Tropicale.java,model.pizza.Tropicale,Tropicale/0,TRUE,53,1,3,2,1,5,10,27,0,4,0,10,0,0,1,1,2,0,5,1,9,0,3,0,0,0,33,1,0,FALSE
C:\Users\OOPS\Downloads\Pizzademic-PH-master\Pizzademic-PH-master\src\model\pizza\Tropicale.java,model.pizza.Tropicale,clone/0,FALSE,90,2,1,0,1,1,0,3,1,0,0,0,0,0,0,0,0,0,0,0,0,0,0,0,0,0,4,1,0,FALSE
C:\Users\OOPS\Downloads\Pizzademic-PH-master\Pizzademic-PH-master\src\model\pizza\Tropicale.java,model.pizza.Tropicale,viewDescription/0,FALSE,44,0,0,0,0,1,0,3,1,0,0,0,0,0,0,0,0,0,0,0,0,0,0,0,0,0,3,1,0,FALSE
C:\Users\OOPS\Downloads\Pizzademic-PH-master\Pizzademic-PH-master\src\model\pizza\Tropicale.java,model.pizza.Tropicale,getUpgrade/0,FALSE,24,1,0,0,0,1,0,3,1,0,0,0,0,0,0,0,0,0,0,0,0,0,0,0,0,0,3,1,0,FALSE
C:\Users\OOPS\Downloads\Pizzademic-PH-master\Pizzademic-PH-master\src\model\pizza\Tropicale.java,model.pizza.Tropicale,setUpgrade/1[model.upgrade.Upgrade],FALSE,29,1,0,0,0,1,0,3,0,0,1,0,0,0,0,0,0,0,0,0,1,0,0,0,0,0,3,1,0,FALSE
C:\Users\OOPS\Downloads\Pizzademic-PH-master\Pizzademic-PH-master\src\model\pizza\Tropicale.java,model.pizza.Tropicale,viewQuantity/0,FALSE,49,0,0,0,0,1,0,3,1,0,0,0,0,0,0,0,0,0,0,0,0,0,0,0,0,0,3,1,0,FALSE
C:\Users\OOPS\Downloads\Pizzademic-PH-master\Pizzademic-PH-master\src\model\pizza\Tropicale.java,model.pizza.Tropicale,viewPrice/0,FALSE,39,0,0,0,0,1,0,3,1,0,0,0,0,0,0,0,0,0,0,0,0,0,0,0,0,0,4,1,0,FALSE
C:\Users\OOPS\Downloads\Pizzademic-PH-master\Pizzademic-PH-master\src\model\pizza\Tropicale.java,model.pizza.Tropicale,packing/0,FALSE,95,2,1,0,1,1,0,3,1,0,0,0,0,0,0,0,0,0,0,0,0,0,0,0,0,0,3,1,0,FALSE
C:\Users\OOPS\Downloads\Pizzademic-PH-master\Pizzademic-PH-master\src\model\upgrade\PepperoniUpgrade.java,model.upgrade.PepperoniUpgrade,viewUpgradeType/0,FALSE,18,0,0,0,0,1,0,3,1,0,0,0,0,0,0,0,0,0,0,0,0,0,0,0,0,0,4,1,0,FALSE
C:\Users\OOPS\Downloads\Pizzademic-PH-master\Pizzademic-PH-master\src\model\upgrade\PepperoniUpgrade.java,model.upgrade.PepperoniUpgrade,PepperoniUpgrade/0,TRUE,32,1,3,2,1,5,9,26,0,4,0,9,0,0,1,1,2,0,4,1,8,0,3,0,0,0,33,1,0,FALSE
C:\Users\OOPS\Downloads\Pizzademic-PH-master\Pizzademic-PH-master\src\model\upgrade\PepperoniUpgrade.java,model.upgrade.PepperoniUpgrade,viewUpgradePrice/0,FALSE,23,0,0,0,0,1,0,3,1,0,0,0,0,0,0,0,0,0,0,0,0,0,0,0,0,0,5,1,0,FALSE
C:\Users\OOPS\Downloads\Pizzademic-PH-master\Pizzademic-PH-master\src\model\upgrade\PepperoniUpgrade.java,model.upgrade.PepperoniUpgrade,clone/0,FALSE,67,2,1,0,1,1,0,3,1,0,0,0,0,0,0,0,0,0,0,0,0,0,0,0,0,0,3,1,0,FALSE
C:\Users\OOPS\Downloads\Pizzademic-PH-master\Pizzademic-PH-master\src\model\upgrade\PepperoniUpgrade.java,model.upgrade.PepperoniUpgrade,viewUpgradeDetails/0,FALSE,28,0,0,0,0,1,0,3,1,0,0,0,0,0,0,0,0,0,0,0,0,0,0,0,0,0,4,1,0,FALSE
C:\Users\OOPS\Downloads\Pizzademic-PH-master\Pizzademic-PH-master\src\controller\SeeAllProductsServlet.java,controller.SeeAllProductsServlet,"doPost/2[controller.HttpServletRequest,controller.HttpServletResponse]",FALSE,20,4,2,1,1,1,3,5,0,1,2,3,0,0,0,0,0,0,1,0,1,0,0,0,0,0,11,4,0,FALSE
C:\Users\OOPS\Downloads\Pizzademic-PH-master\Pizzademic-PH-master\src\controller\SeeAllProductsServlet.java,controller.SeeAllProductsServlet,"doGet/2[controller.HttpServletRequest,controller.HttpServletResponse]",FALSE,16,3,1,0,1,1,1,3,0,0,2,1,1,1,0,0,0,0,0,0,0,0,0,0,0,0,10,4,0,FALSE
C:\Users\OOPS\Downloads\Pizzademic-PH-master\Pizzademic-PH-master\src\model\pizza\PizzademicPizza.java,model.pizza.PizzademicPizza,clone/0,FALSE,8,1,1,1,0,1,0,1,0,0,0,0,0,0,0,0,0,0,0,0,0,0,0,0,0,0,3,1025,0,FALSE
C:\Users\OOPS\Downloads\Pizzademic-PH-master\Pizzademic-PH-master\src\model\pizza\PizzademicPizza.java,model.pizza.PizzademicPizza,packing/0,FALSE,11,2,1,0,1,1,0,3,1,0,0,0,0,0,0,0,0,0,0,0,0,0,0,0,0,0,3,1,0,FALSE
C:\Users\OOPS\Downloads\Pizzademic-PH-master\Pizzademic-PH-master\src\utility\PizzaFactory.java,utility.PizzaFactory,(initializer 1),FALSE,12,3,6,0,6,1,1,5,0,0,0,1,0,0,0,0,0,0,3,0,0,0,0,0,0,0,4,8,0,FALSE
C:\Users\OOPS\Downloads\Pizzademic-PH-master\Pizzademic-PH-master\src\utility\PizzaFactory.java,utility.PizzaFactory,getPizza/1[java.lang.String],FALSE,19,1,2,1,1,2,3,9,2,0,1,3,0,0,0,0,1,0,1,0,0,1,1,0,0,0,10,1,0,FALSE
C:\Users\OOPS\Downloads\Pizzademic-PH-master\Pizzademic-PH-master\src\utility\PizzaFactory.java,utility.PizzaFactory,getUpgrade/1[java.lang.String],FALSE,32,1,0,0,0,1,0,3,1,0,1,0,0,0,0,0,0,0,0,0,0,0,0,0,0,0,4,1,0,FALSE
C:\Users\OOPS\Downloads\Pizzademic-PH-master\Pizzademic-PH-master\src\utility\AbstractFactory.java,utility.AbstractFactory,getPizza/1[java.lang.String],FALSE,8,1,0,0,0,1,0,1,0,0,1,0,0,0,0,0,0,0,0,0,0,0,0,0,0,0,5,0,0,FALSE
C:\Users\OOPS\Downloads\Pizzademic-PH-master\Pizzademic-PH-master\src\utility\AbstractFactory.java,utility.AbstractFactory,getUpgrade/1[java.lang.String],FALSE,9,1,0,0,0,1,0,1,0,0,1,0,0,0,0,0,0,0,0,0,0,0,0,0,0,0,3,0,0,FALSE
C:\Users\OOPS\Downloads\Pizzademic-PH-master\Pizzademic-PH-master\src\utility\Packing.java,utility.Packing,pack/0,FALSE,4,0,0,0,0,1,0,1,0,0,0,0,0,0,0,0,0,0,0,0,0,0,0,0,0,0,1,1,0,FALSE
C:\Users\OOPS\Downloads\Pizzademic-PH-master\Pizzademic-PH-master\src\controller\ProcessPizzaServlet.java,controller.ProcessPizzaServlet,"doGet/2[controller.HttpServletRequest,controller.HttpServletResponse]",FALSE,19,3,1,0,1,1,1,3,0,0,2,1,1,1,0,0,0,0,0,0,0,0,0,0,0,0,10,4,0,FALSE
C:\Users\OOPS\Downloads\Pizzademic-PH-master\Pizzademic-PH-master\src\controller\ProcessPizzaServlet.java,controller.ProcessPizzaServlet,"doPost/2[controller.HttpServletRequest,controller.HttpServletResponse]",FALSE,23,8,6,1,5,2,9,16,0,5,2,9,0,0,0,0,1,0,5,0,5,1,1,0,0,0,21,4,0,FALSE
C:\Users\OOPS\Downloads\Pizzademic-PH-master\Pizzademic-PH-master\src\model\pizza\Pepperoni.java,model.pizza.Pepperoni,viewFlavor/0,FALSE,34,0,0,0,0,1,0,3,1,0,0,0,0,0,0,0,0,0,0,0,0,0,0,0,0,0,3,1,0,FALSE
C:\Users\OOPS\Downloads\Pizzademic-PH-master\Pizzademic-PH-master\src\model\pizza\Pepperoni.java,model.pizza.Pepperoni,clone/0,FALSE,90,2,1,0,1,1,0,3,1,0,0,0,0,0,0,0,0,0,0,0,0,0,0,0,0,0,4,1,0,FALSE
C:\Users\OOPS\Downloads\Pizzademic-PH-master\Pizzademic-PH-master\src\model\pizza\Pepperoni.java,model.pizza.Pepperoni,viewDescription/0,FALSE,44,0,0,0,0,1,0,3,1,0,0,0,0,0,0,0,0,0,0,0,0,0,0,0,0,0,3,1,0,FALSE
C:\Users\OOPS\Downloads\Pizzademic-PH-master\Pizzademic-PH-master\src\model\pizza\Pepperoni.java,model.pizza.Pepperoni,getUpgrade/0,FALSE,24,1,0,0,0,1,0,3,1,0,0,0,0,0,0,0,0,0,0,0,0,0,0,0,0,0,3,1,0,FALSE
C:\Users\OOPS\Downloads\Pizzademic-PH-master\Pizzademic-PH-master\src\model\pizza\Pepperoni.java,model.pizza.Pepperoni,setUpgrade/1[model.upgrade.Upgrade],FALSE,29,1,0,0,0,1,0,3,0,0,1,0,0,0,0,0,0,0,0,0,1,0,0,0,0,0,3,1,0,FALSE
C:\Users\OOPS\Downloads\Pizzademic-PH-master\Pizzademic-PH-master\src\model\pizza\Pepperoni.java,model.pizza.Pepperoni,viewQuantity/0,FALSE,49,0,0,0,0,1,0,3,1,0,0,0,0,0,0,0,0,0,0,0,0,0,0,0,0,0,3,1,0,FALSE
C:\Users\OOPS\Downloads\Pizzademic-PH-master\Pizzademic-PH-master\src\model\pizza\Pepperoni.java,model.pizza.Pepperoni,viewPrice/0,FALSE,39,0,0,0,0,1,0,3,1,0,0,0,0,0,0,0,0,0,0,0,0,0,0,0,0,0,4,1,0,FALSE
C:\Users\OOPS\Downloads\Pizzademic-PH-master\Pizzademic-PH-master\src\model\pizza\Pepperoni.java,model.pizza.Pepperoni,Pepperoni/0,TRUE,53,1,3,2,1,5,10,27,0,4,0,10,0,0,1,1,2,0,5,1,9,0,3,0,0,0,33,1,0,FALSE
C:\Users\OOPS\Downloads\Pizzademic-PH-master\Pizzademic-PH-master\src\model\pizza\Pepperoni.java,model.pizza.Pepperoni,packing/0,FALSE,95,2,1,0,1,1,0,3,1,0,0,0,0,0,0,0,0,0,0,0,0,0,0,0,0,0,3,1,0,FALSE
C:\Users\OOPS\Downloads\Pizzademic-PH-master\Pizzademic-PH-master\src\model\builder\PizzaBuilder.java,model.builder.PizzaBuilder$Anonymous1,getPasswordAuthentication/0,FALSE,435,1,0,0,0,1,0,3,1,0,0,0,0,0,0,0,0,0,0,0,0,0,0,0,0,0,3,4,0,FALSE
C:\Users\OOPS\Downloads\Pizzademic-PH-master\Pizzademic-PH-master\src\utility\SingletonDB.java,utility.SingletonDB,instantiate/0,FALSE,41,1,2,1,1,3,5,24,0,7,0,5,1,1,0,0,1,0,1,0,13,0,2,0,0,0,36,9,0,FALSE
C:\Users\OOPS\Downloads\Pizzademic-PH-master\Pizzademic-PH-master\src\utility\SingletonDB.java,utility.SingletonDB,getConnection/0,FALSE,35,1,10,9,1,2,1,3,1,0,0,1,1,1,0,1,0,2,0,0,0,0,0,0,0,0,6,9,0,FALSE
C:\Users\OOPS\Downloads\Pizzademic-PH-master\Pizzademic-PH-master\src\utility\SingletonDB.java,utility.SingletonDB,getDBConnection/0,FALSE,18,0,2,2,0,3,3,13,1,1,0,3,0,0,0,0,1,1,1,0,2,0,1,0,0,0,18,10,0,FALSE
C:\Users\OOPS\Downloads\Pizzademic-PH-master\Pizzademic-PH-master\src\utility\SingletonDB.java,utility.SingletonDB,SingletonDB/0,TRUE,15,0,0,0,0,1,0,2,0,0,0,0,0,0,0,0,0,0,0,0,0,0,0,0,0,0,3,2,0,FALSE
C:\Users\OOPS\Downloads\Pizzademic-PH-master\Pizzademic-PH-master\src\model\upgrade\TropicaleUpgrade.java,model.upgrade.TropicaleUpgrade,viewUpgradeType/0,FALSE,18,0,0,0,0,1,0,3,1,0,0,0,0,0,0,0,0,0,0,0,0,0,0,0,0,0,4,1,0,FALSE
C:\Users\OOPS\Downloads\Pizzademic-PH-master\Pizzademic-PH-master\src\model\upgrade\TropicaleUpgrade.java,model.upgrade.TropicaleUpgrade,TropicaleUpgrade/0,TRUE,32,1,3,2,1,5,9,26,0,4,0,9,0,0,1,1,2,0,4,1,8,0,3,0,0,0,33,1,0,FALSE
C:\Users\OOPS\Downloads\Pizzademic-PH-master\Pizzademic-PH-master\src\model\upgrade\TropicaleUpgrade.java,model.upgrade.TropicaleUpgrade,viewUpgradePrice/0,FALSE,23,0,0,0,0,1,0,3,1,0,0,0,0,0,0,0,0,0,0,0,0,0,0,0,0,0,5,1,0,FALSE
C:\Users\OOPS\Downloads\Pizzademic-PH-master\Pizzademic-PH-master\src\model\upgrade\TropicaleUpgrade.java,model.upgrade.TropicaleUpgrade,clone/0,FALSE,67,2,1,0,1,1,0,3,1,0,0,0,0,0,0,0,0,0,0,0,0,0,0,0,0,0,3,1,0,FALSE
C:\Users\OOPS\Downloads\Pizzademic-PH-master\Pizzademic-PH-master\src\model\upgrade\TropicaleUpgrade.java,model.upgrade.TropicaleUpgrade,viewUpgradeDetails/0,FALSE,28,0,0,0,0,1,0,3,1,0,0,0,0,0,0,0,0,0,0,0,0,0,0,0,0,0,4,1,0,FALSE
C:\Users\OOPS\Downloads\Pizzademic-PH-master\Pizzademic-PH-master\src\model\builder\Facade.java,model.builder.Facade,process/1[model.builder.ServletContext],FALSE,7,1,0,0,0,1,0,1,0,0,1,0,0,0,0,0,0,0,0,0,0,0,0,0,0,0,4,1,0,FALSE
C:\Users\OOPS\Downloads\Pizzademic-PH-master\Pizzademic-PH-master\src\model\item\PizzaProduct.java,model.item.PizzaProduct,setUpgrade/1[model.upgrade.Upgrade],FALSE,8,1,1,1,0,1,0,1,0,0,1,0,0,0,0,0,0,0,0,0,0,0,0,0,0,0,3,1025,0,FALSE
C:\Users\OOPS\Downloads\Pizzademic-PH-master\Pizzademic-PH-master\src\model\item\PizzaProduct.java,model.item.PizzaProduct,viewDescription/0,FALSE,12,0,0,0,0,1,0,1,0,0,0,0,0,0,0,0,0,0,0,0,0,0,0,0,0,0,2,1,0,FALSE
C:\Users\OOPS\Downloads\Pizzademic-PH-master\Pizzademic-PH-master\src\model\item\PizzaProduct.java,model.item.PizzaProduct,getUpgrade/0,FALSE,9,1,0,0,0,1,0,1,0,0,0,0,0,0,0,0,0,0,0,0,0,0,0,0,0,0,2,1025,0,FALSE
C:\Users\OOPS\Downloads\Pizzademic-PH-master\Pizzademic-PH-master\src\model\item\PizzaProduct.java,model.item.PizzaProduct,viewFlavor/0,FALSE,10,0,0,0,0,1,0,1,0,0,0,0,0,0,0,0,0,0,0,0,0,0,0,0,0,0,2,1,0,FALSE
C:\Users\OOPS\Downloads\Pizzademic-PH-master\Pizzademic-PH-master\src\model\item\PizzaProduct.java,model.item.PizzaProduct,viewQuantity/0,FALSE,13,0,0,0,0,1,0,1,0,0,0,0,0,0,0,0,0,0,0,0,0,0,0,0,0,0,2,1,0,FALSE
C:\Users\OOPS\Downloads\Pizzademic-PH-master\Pizzademic-PH-master\src\model\item\PizzaProduct.java,model.item.PizzaProduct,viewPrice/0,FALSE,11,0,0,0,0,1,0,1,0,0,0,0,0,0,0,0,0,0,0,0,0,0,0,0,0,0,3,1,0,FALSE
C:\Users\OOPS\Downloads\Pizzademic-PH-master\Pizzademic-PH-master\src\model\item\PizzaProduct.java,model.item.PizzaProduct,packing/0,FALSE,15,1,0,0,0,1,0,1,0,0,0,0,0,0,0,0,0,0,0,0,0,0,0,0,0,0,2,1,0,FALSE
C:\Users\OOPS\Downloads\Pizzademic-PH-master\Pizzademic-PH-master\src\model\upgrade\FourCheeseUpgrade.java,model.upgrade.FourCheeseUpgrade,viewUpgradeType/0,FALSE,18,0,0,0,0,1,0,3,1,0,0,0,0,0,0,0,0,0,0,0,0,0,0,0,0,0,4,1,0,FALSE
C:\Users\OOPS\Downloads\Pizzademic-PH-master\Pizzademic-PH-master\src\model\upgrade\FourCheeseUpgrade.java,model.upgrade.FourCheeseUpgrade,viewUpgradePrice/0,FALSE,23,0,0,0,0,1,0,3,1,0,0,0,0,0,0,0,0,0,0,0,0,0,0,0,0,0,5,1,0,FALSE
C:\Users\OOPS\Downloads\Pizzademic-PH-master\Pizzademic-PH-master\src\model\upgrade\FourCheeseUpgrade.java,model.upgrade.FourCheeseUpgrade,FourCheeseUpgrade/0,TRUE,32,1,3,2,1,5,9,26,0,4,0,9,0,0,1,1,2,0,4,1,8,0,3,0,0,0,34,1,0,FALSE
C:\Users\OOPS\Downloads\Pizzademic-PH-master\Pizzademic-PH-master\src\model\upgrade\FourCheeseUpgrade.java,model.upgrade.FourCheeseUpgrade,clone/0,FALSE,67,2,1,0,1,1,0,3,1,0,0,0,0,0,0,0,0,0,0,0,0,0,0,0,0,0,4,1,0,FALSE
C:\Users\OOPS\Downloads\Pizzademic-PH-master\Pizzademic-PH-master\src\model\upgrade\FourCheeseUpgrade.java,model.upgrade.FourCheeseUpgrade,viewUpgradeDetails/0,FALSE,28,0,0,0,0,1,0,3,1,0,0,0,0,0,0,0,0,0,0,0,0,0,0,0,0,0,4,1,0,FALSE
