file,class,method,variable,usage
C:\Users\OOPS\Downloads\Pizzademic-PH-master\Pizzademic-PH-master\src\controller\OrderServlet.java,controller.OrderServlet,"doPost/2[controller.HttpServletRequest,controller.HttpServletResponse]",request,11
C:\Users\OOPS\Downloads\Pizzademic-PH-master\Pizzademic-PH-master\src\controller\OrderServlet.java,controller.OrderServlet,"doPost/2[controller.HttpServletRequest,controller.HttpServletResponse]",upgradePrice,1
C:\Users\OOPS\Downloads\Pizzademic-PH-master\Pizzademic-PH-master\src\controller\OrderServlet.java,controller.OrderServlet,"doPost/2[controller.HttpServletRequest,controller.HttpServletResponse]",pizzaUpgrade,1
C:\Users\OOPS\Downloads\Pizzademic-PH-master\Pizzademic-PH-master\src\controller\OrderServlet.java,controller.OrderServlet,"doPost/2[controller.HttpServletRequest,controller.HttpServletResponse]",npe,1
C:\Users\OOPS\Downloads\Pizzademic-PH-master\Pizzademic-PH-master\src\controller\OrderServlet.java,controller.OrderServlet,"doPost/2[controller.HttpServletRequest,controller.HttpServletResponse]",response,2
C:\Users\OOPS\Downloads\Pizzademic-PH-master\Pizzademic-PH-master\src\controller\OrderServlet.java,controller.OrderServlet,"doPost/2[controller.HttpServletRequest,controller.HttpServletResponse]",packaging,1
C:\Users\OOPS\Downloads\Pizzademic-PH-master\Pizzademic-PH-master\src\controller\OrderServlet.java,controller.OrderServlet,"doPost/2[controller.HttpServletRequest,controller.HttpServletResponse]",pizzaQty,1
C:\Users\OOPS\Downloads\Pizzademic-PH-master\Pizzademic-PH-master\src\controller\OrderServlet.java,controller.OrderServlet,"doPost/2[controller.HttpServletRequest,controller.HttpServletResponse]",mealBuilder,1
C:\Users\OOPS\Downloads\Pizzademic-PH-master\Pizzademic-PH-master\src\controller\OrderServlet.java,controller.OrderServlet,"doPost/2[controller.HttpServletRequest,controller.HttpServletResponse]",pizzaPrice,1
C:\Users\OOPS\Downloads\Pizzademic-PH-master\Pizzademic-PH-master\src\controller\OrderServlet.java,controller.OrderServlet,"doPost/2[controller.HttpServletRequest,controller.HttpServletResponse]",dispatcher,3
C:\Users\OOPS\Downloads\Pizzademic-PH-master\Pizzademic-PH-master\src\controller\OrderServlet.java,controller.OrderServlet,"doPost/2[controller.HttpServletRequest,controller.HttpServletResponse]",pizzaFlavor,1
C:\Users\OOPS\Downloads\Pizzademic-PH-master\Pizzademic-PH-master\src\controller\OrderServlet.java,controller.OrderServlet,"doGet/2[controller.HttpServletRequest,controller.HttpServletResponse]",request,1
C:\Users\OOPS\Downloads\Pizzademic-PH-master\Pizzademic-PH-master\src\controller\OrderServlet.java,controller.OrderServlet,"doGet/2[controller.HttpServletRequest,controller.HttpServletResponse]",response,1
C:\Users\OOPS\Downloads\Pizzademic-PH-master\Pizzademic-PH-master\src\controller\ProcessPaymentServlet.java,controller.ProcessPaymentServlet,"doPost/2[controller.HttpServletRequest,controller.HttpServletResponse]",request,20
C:\Users\OOPS\Downloads\Pizzademic-PH-master\Pizzademic-PH-master\src\controller\ProcessPaymentServlet.java,controller.ProcessPaymentServlet,"doPost/2[controller.HttpServletRequest,controller.HttpServletResponse]",npe,1
C:\Users\OOPS\Downloads\Pizzademic-PH-master\Pizzademic-PH-master\src\controller\ProcessPaymentServlet.java,controller.ProcessPaymentServlet,"doPost/2[controller.HttpServletRequest,controller.HttpServletResponse]",response,3
C:\Users\OOPS\Downloads\Pizzademic-PH-master\Pizzademic-PH-master\src\controller\ProcessPaymentServlet.java,controller.ProcessPaymentServlet,"doPost/2[controller.HttpServletRequest,controller.HttpServletResponse]",confirmTransaction,15
C:\Users\OOPS\Downloads\Pizzademic-PH-master\Pizzademic-PH-master\src\controller\ProcessPaymentServlet.java,controller.ProcessPaymentServlet,"doPost/2[controller.HttpServletRequest,controller.HttpServletResponse]",isValid,1
C:\Users\OOPS\Downloads\Pizzademic-PH-master\Pizzademic-PH-master\src\controller\ProcessPaymentServlet.java,controller.ProcessPaymentServlet,"doPost/2[controller.HttpServletRequest,controller.HttpServletResponse]",context,1
C:\Users\OOPS\Downloads\Pizzademic-PH-master\Pizzademic-PH-master\src\controller\ProcessPaymentServlet.java,controller.ProcessPaymentServlet,"doPost/2[controller.HttpServletRequest,controller.HttpServletResponse]",dispatcher,5
C:\Users\OOPS\Downloads\Pizzademic-PH-master\Pizzademic-PH-master\src\controller\ProcessPaymentServlet.java,controller.ProcessPaymentServlet,"doGet/2[controller.HttpServletRequest,controller.HttpServletResponse]",request,1
C:\Users\OOPS\Downloads\Pizzademic-PH-master\Pizzademic-PH-master\src\controller\ProcessPaymentServlet.java,controller.ProcessPaymentServlet,"doGet/2[controller.HttpServletRequest,controller.HttpServletResponse]",response,1
C:\Users\OOPS\Downloads\Pizzademic-PH-master\Pizzademic-PH-master\src\model\pizza\FourCheese.java,model.pizza.FourCheese,FourCheese/0,sqle,1
C:\Users\OOPS\Downloads\Pizzademic-PH-master\Pizzademic-PH-master\src\model\pizza\FourCheese.java,model.pizza.FourCheese,FourCheese/0,pizza,1
C:\Users\OOPS\Downloads\Pizzademic-PH-master\Pizzademic-PH-master\src\model\pizza\FourCheese.java,model.pizza.FourCheese,FourCheese/0,e,1
C:\Users\OOPS\Downloads\Pizzademic-PH-master\Pizzademic-PH-master\src\model\pizza\FourCheese.java,model.pizza.FourCheese,FourCheese/0,pizzaRecord,6
C:\Users\OOPS\Downloads\Pizzademic-PH-master\Pizzademic-PH-master\src\model\pizza\FourCheese.java,model.pizza.FourCheese,FourCheese/0,connection,3
C:\Users\OOPS\Downloads\Pizzademic-PH-master\Pizzademic-PH-master\src\model\pizza\FourCheese.java,model.pizza.FourCheese,FourCheese/0,pstmnt,2
C:\Users\OOPS\Downloads\Pizzademic-PH-master\Pizzademic-PH-master\src\model\pizza\FourCheese.java,model.pizza.FourCheese,setUpgrade/1[model.upgrade.Upgrade],upgrade,2
C:\Users\OOPS\Downloads\Pizzademic-PH-master\Pizzademic-PH-master\src\model\iterator\bean\PizzaBean.java,model.iterator.bean.PizzaBean,"PizzaBean/3[java.lang.String,java.lang.String,java.lang.String]",pizzaPhoto,2
C:\Users\OOPS\Downloads\Pizzademic-PH-master\Pizzademic-PH-master\src\model\iterator\bean\PizzaBean.java,model.iterator.bean.PizzaBean,"PizzaBean/3[java.lang.String,java.lang.String,java.lang.String]",pizzaDescription,2
C:\Users\OOPS\Downloads\Pizzademic-PH-master\Pizzademic-PH-master\src\model\iterator\bean\PizzaBean.java,model.iterator.bean.PizzaBean,"PizzaBean/3[java.lang.String,java.lang.String,java.lang.String]",pizzaName,2
C:\Users\OOPS\Downloads\Pizzademic-PH-master\Pizzademic-PH-master\src\model\iterator\pizzas\PizzademicPHPizzas.java,model.iterator.pizzas.PizzademicPHPizzas,"addPizza/3[java.lang.String,java.lang.String,java.lang.String]",pizzaPhoto,1
C:\Users\OOPS\Downloads\Pizzademic-PH-master\Pizzademic-PH-master\src\model\iterator\pizzas\PizzademicPHPizzas.java,model.iterator.pizzas.PizzademicPHPizzas,"addPizza/3[java.lang.String,java.lang.String,java.lang.String]",pizzaDesc,1
C:\Users\OOPS\Downloads\Pizzademic-PH-master\Pizzademic-PH-master\src\model\iterator\pizzas\PizzademicPHPizzas.java,model.iterator.pizzas.PizzademicPHPizzas,"addPizza/3[java.lang.String,java.lang.String,java.lang.String]",pizzademicPizzas,1
C:\Users\OOPS\Downloads\Pizzademic-PH-master\Pizzademic-PH-master\src\model\iterator\pizzas\PizzademicPHPizzas.java,model.iterator.pizzas.PizzademicPHPizzas,"addPizza/3[java.lang.String,java.lang.String,java.lang.String]",pizzaName,1
C:\Users\OOPS\Downloads\Pizzademic-PH-master\Pizzademic-PH-master\src\model\iterator\pizzas\PizzademicPHPizzas.java,model.iterator.pizzas.PizzademicPHPizzas,PizzademicPHPizzas/0,sqle,1
C:\Users\OOPS\Downloads\Pizzademic-PH-master\Pizzademic-PH-master\src\model\iterator\pizzas\PizzademicPHPizzas.java,model.iterator.pizzas.PizzademicPHPizzas,PizzademicPHPizzas/0,pizzaPhoto,1
C:\Users\OOPS\Downloads\Pizzademic-PH-master\Pizzademic-PH-master\src\model\iterator\pizzas\PizzademicPHPizzas.java,model.iterator.pizzas.PizzademicPHPizzas,PizzademicPHPizzas/0,pizzaDescription,1
C:\Users\OOPS\Downloads\Pizzademic-PH-master\Pizzademic-PH-master\src\model\iterator\pizzas\PizzademicPHPizzas.java,model.iterator.pizzas.PizzademicPHPizzas,PizzademicPHPizzas/0,e,1
C:\Users\OOPS\Downloads\Pizzademic-PH-master\Pizzademic-PH-master\src\model\iterator\pizzas\PizzademicPHPizzas.java,model.iterator.pizzas.PizzademicPHPizzas,PizzademicPHPizzas/0,connection,3
C:\Users\OOPS\Downloads\Pizzademic-PH-master\Pizzademic-PH-master\src\model\iterator\pizzas\PizzademicPHPizzas.java,model.iterator.pizzas.PizzademicPHPizzas,PizzademicPHPizzas/0,pstmnt,1
C:\Users\OOPS\Downloads\Pizzademic-PH-master\Pizzademic-PH-master\src\model\iterator\pizzas\PizzademicPHPizzas.java,model.iterator.pizzas.PizzademicPHPizzas,PizzademicPHPizzas/0,pizzaRecords,5
C:\Users\OOPS\Downloads\Pizzademic-PH-master\Pizzademic-PH-master\src\model\iterator\pizzas\PizzademicPHPizzas.java,model.iterator.pizzas.PizzademicPHPizzas,PizzademicPHPizzas/0,pizzaFlavor,1
C:\Users\OOPS\Downloads\Pizzademic-PH-master\Pizzademic-PH-master\src\model\builder\PizzaBuilder.java,model.builder.PizzaBuilder,"sendMail/2[java.lang.String,model.builder.ServletContext]",fileName,1
C:\Users\OOPS\Downloads\Pizzademic-PH-master\Pizzademic-PH-master\src\model\builder\PizzaBuilder.java,model.builder.PizzaBuilder,"sendMail/2[java.lang.String,model.builder.ServletContext]",docLocation,2
C:\Users\OOPS\Downloads\Pizzademic-PH-master\Pizzademic-PH-master\src\model\builder\PizzaBuilder.java,model.builder.PizzaBuilder,"sendMail/2[java.lang.String,model.builder.ServletContext]",e,2
C:\Users\OOPS\Downloads\Pizzademic-PH-master\Pizzademic-PH-master\src\model\builder\PizzaBuilder.java,model.builder.PizzaBuilder,"sendMail/2[java.lang.String,model.builder.ServletContext]",session,1
C:\Users\OOPS\Downloads\Pizzademic-PH-master\Pizzademic-PH-master\src\model\builder\PizzaBuilder.java,model.builder.PizzaBuilder,"sendMail/2[java.lang.String,model.builder.ServletContext]",subject,1
C:\Users\OOPS\Downloads\Pizzademic-PH-master\Pizzademic-PH-master\src\model\builder\PizzaBuilder.java,model.builder.PizzaBuilder,"sendMail/2[java.lang.String,model.builder.ServletContext]",messageBodyPart1,2
C:\Users\OOPS\Downloads\Pizzademic-PH-master\Pizzademic-PH-master\src\model\builder\PizzaBuilder.java,model.builder.PizzaBuilder,"sendMail/2[java.lang.String,model.builder.ServletContext]",messageBodyPart2,3
C:\Users\OOPS\Downloads\Pizzademic-PH-master\Pizzademic-PH-master\src\model\builder\PizzaBuilder.java,model.builder.PizzaBuilder,"sendMail/2[java.lang.String,model.builder.ServletContext]",source,1
C:\Users\OOPS\Downloads\Pizzademic-PH-master\Pizzademic-PH-master\src\model\builder\PizzaBuilder.java,model.builder.PizzaBuilder,"sendMail/2[java.lang.String,model.builder.ServletContext]",body,1
C:\Users\OOPS\Downloads\Pizzademic-PH-master\Pizzademic-PH-master\src\model\builder\PizzaBuilder.java,model.builder.PizzaBuilder,"sendMail/2[java.lang.String,model.builder.ServletContext]",message,4
C:\Users\OOPS\Downloads\Pizzademic-PH-master\Pizzademic-PH-master\src\model\builder\PizzaBuilder.java,model.builder.PizzaBuilder,"sendMail/2[java.lang.String,model.builder.ServletContext]",path,1
C:\Users\OOPS\Downloads\Pizzademic-PH-master\Pizzademic-PH-master\src\model\builder\PizzaBuilder.java,model.builder.PizzaBuilder,"sendMail/2[java.lang.String,model.builder.ServletContext]",password,0
C:\Users\OOPS\Downloads\Pizzademic-PH-master\Pizzademic-PH-master\src\model\builder\PizzaBuilder.java,model.builder.PizzaBuilder,"sendMail/2[java.lang.String,model.builder.ServletContext]",sender,0
C:\Users\OOPS\Downloads\Pizzademic-PH-master\Pizzademic-PH-master\src\model\builder\PizzaBuilder.java,model.builder.PizzaBuilder,"sendMail/2[java.lang.String,model.builder.ServletContext]",root,1
C:\Users\OOPS\Downloads\Pizzademic-PH-master\Pizzademic-PH-master\src\model\builder\PizzaBuilder.java,model.builder.PizzaBuilder,"sendMail/2[java.lang.String,model.builder.ServletContext]",multipart,3
C:\Users\OOPS\Downloads\Pizzademic-PH-master\Pizzademic-PH-master\src\model\builder\PizzaBuilder.java,model.builder.PizzaBuilder,"sendMail/2[java.lang.String,model.builder.ServletContext]",context,9
C:\Users\OOPS\Downloads\Pizzademic-PH-master\Pizzademic-PH-master\src\model\builder\PizzaBuilder.java,model.builder.PizzaBuilder,"sendMail/2[java.lang.String,model.builder.ServletContext]",to,1
C:\Users\OOPS\Downloads\Pizzademic-PH-master\Pizzademic-PH-master\src\model\builder\PizzaBuilder.java,model.builder.PizzaBuilder,"sendMail/2[java.lang.String,model.builder.ServletContext]",properties,6
C:\Users\OOPS\Downloads\Pizzademic-PH-master\Pizzademic-PH-master\src\model\builder\PizzaBuilder.java,model.builder.PizzaBuilder,setUpgradePrice/1[java.lang.Double],upgradePrice,2
C:\Users\OOPS\Downloads\Pizzademic-PH-master\Pizzademic-PH-master\src\model\builder\PizzaBuilder.java,model.builder.PizzaBuilder,setUpgradeQuantity/1[int],upgrade,1
C:\Users\OOPS\Downloads\Pizzademic-PH-master\Pizzademic-PH-master\src\model\builder\PizzaBuilder.java,model.builder.PizzaBuilder,setHouseSt/1[java.lang.String],houseSt,2
C:\Users\OOPS\Downloads\Pizzademic-PH-master\Pizzademic-PH-master\src\model\builder\PizzaBuilder.java,model.builder.PizzaBuilder,setUserEmail/1[java.lang.String],userEmail,2
C:\Users\OOPS\Downloads\Pizzademic-PH-master\Pizzademic-PH-master\src\model\builder\PizzaBuilder.java,model.builder.PizzaBuilder,setTotalUpgradePrice/1[java.lang.Double],totalUpgradePrice,2
C:\Users\OOPS\Downloads\Pizzademic-PH-master\Pizzademic-PH-master\src\model\builder\PizzaBuilder.java,model.builder.PizzaBuilder,process/1[model.builder.ServletContext],context,1
C:\Users\OOPS\Downloads\Pizzademic-PH-master\Pizzademic-PH-master\src\model\builder\PizzaBuilder.java,model.builder.PizzaBuilder,setPacking/1[java.lang.String],packing,2
C:\Users\OOPS\Downloads\Pizzademic-PH-master\Pizzademic-PH-master\src\model\builder\PizzaBuilder.java,model.builder.PizzaBuilder,addToTransactions/0,sqle,1
C:\Users\OOPS\Downloads\Pizzademic-PH-master\Pizzademic-PH-master\src\model\builder\PizzaBuilder.java,model.builder.PizzaBuilder,addToTransactions/0,selectPizza,1
C:\Users\OOPS\Downloads\Pizzademic-PH-master\Pizzademic-PH-master\src\model\builder\PizzaBuilder.java,model.builder.PizzaBuilder,addToTransactions/0,e,1
C:\Users\OOPS\Downloads\Pizzademic-PH-master\Pizzademic-PH-master\src\model\builder\PizzaBuilder.java,model.builder.PizzaBuilder,addToTransactions/0,connection,2
C:\Users\OOPS\Downloads\Pizzademic-PH-master\Pizzademic-PH-master\src\model\builder\PizzaBuilder.java,model.builder.PizzaBuilder,addToTransactions/0,pstmnt,11
C:\Users\OOPS\Downloads\Pizzademic-PH-master\Pizzademic-PH-master\src\model\builder\PizzaBuilder.java,model.builder.PizzaBuilder,getCost/0,total,3
C:\Users\OOPS\Downloads\Pizzademic-PH-master\Pizzademic-PH-master\src\model\builder\PizzaBuilder.java,model.builder.PizzaBuilder,setZipCode/1[java.lang.String],zipCode,2
C:\Users\OOPS\Downloads\Pizzademic-PH-master\Pizzademic-PH-master\src\model\builder\PizzaBuilder.java,model.builder.PizzaBuilder,setCity/1[java.lang.String],city,2
C:\Users\OOPS\Downloads\Pizzademic-PH-master\Pizzademic-PH-master\src\model\builder\PizzaBuilder.java,model.builder.PizzaBuilder,setProductPrice/1[java.lang.Double],productPrice,2
C:\Users\OOPS\Downloads\Pizzademic-PH-master\Pizzademic-PH-master\src\model\builder\PizzaBuilder.java,model.builder.PizzaBuilder,setName/1[java.lang.String],name,2
C:\Users\OOPS\Downloads\Pizzademic-PH-master\Pizzademic-PH-master\src\model\builder\PizzaBuilder.java,model.builder.PizzaBuilder,luhnTest/0,i,4
C:\Users\OOPS\Downloads\Pizzademic-PH-master\Pizzademic-PH-master\src\model\builder\PizzaBuilder.java,model.builder.PizzaBuilder,luhnTest/0,reverse,3
C:\Users\OOPS\Downloads\Pizzademic-PH-master\Pizzademic-PH-master\src\model\builder\PizzaBuilder.java,model.builder.PizzaBuilder,luhnTest/0,s1,2
C:\Users\OOPS\Downloads\Pizzademic-PH-master\Pizzademic-PH-master\src\model\builder\PizzaBuilder.java,model.builder.PizzaBuilder,luhnTest/0,s2,3
C:\Users\OOPS\Downloads\Pizzademic-PH-master\Pizzademic-PH-master\src\model\builder\PizzaBuilder.java,model.builder.PizzaBuilder,luhnTest/0,digit,4
C:\Users\OOPS\Downloads\Pizzademic-PH-master\Pizzademic-PH-master\src\model\builder\PizzaBuilder.java,model.builder.PizzaBuilder,"PizzaBuilder/6[java.lang.String,int,int,java.lang.Double,java.lang.Double,java.lang.String]",upgradePrice,2
C:\Users\OOPS\Downloads\Pizzademic-PH-master\Pizzademic-PH-master\src\model\builder\PizzaBuilder.java,model.builder.PizzaBuilder,"PizzaBuilder/6[java.lang.String,int,int,java.lang.Double,java.lang.Double,java.lang.String]",pizza,1
C:\Users\OOPS\Downloads\Pizzademic-PH-master\Pizzademic-PH-master\src\model\builder\PizzaBuilder.java,model.builder.PizzaBuilder,"PizzaBuilder/6[java.lang.String,int,int,java.lang.Double,java.lang.Double,java.lang.String]",quantity,4
C:\Users\OOPS\Downloads\Pizzademic-PH-master\Pizzademic-PH-master\src\model\builder\PizzaBuilder.java,model.builder.PizzaBuilder,"PizzaBuilder/6[java.lang.String,int,int,java.lang.Double,java.lang.Double,java.lang.String]",upgrade,1
C:\Users\OOPS\Downloads\Pizzademic-PH-master\Pizzademic-PH-master\src\model\builder\PizzaBuilder.java,model.builder.PizzaBuilder,"PizzaBuilder/6[java.lang.String,int,int,java.lang.Double,java.lang.Double,java.lang.String]",packing,2
C:\Users\OOPS\Downloads\Pizzademic-PH-master\Pizzademic-PH-master\src\model\builder\PizzaBuilder.java,model.builder.PizzaBuilder,"PizzaBuilder/6[java.lang.String,int,int,java.lang.Double,java.lang.Double,java.lang.String]",productPrice,2
C:\Users\OOPS\Downloads\Pizzademic-PH-master\Pizzademic-PH-master\src\model\builder\PizzaBuilder.java,model.builder.PizzaBuilder,setCreditCardNum/1[java.lang.String],creditCardNum,2
C:\Users\OOPS\Downloads\Pizzademic-PH-master\Pizzademic-PH-master\src\model\builder\PizzaBuilder.java,model.builder.PizzaBuilder,generate/0,document,4
C:\Users\OOPS\Downloads\Pizzademic-PH-master\Pizzademic-PH-master\src\model\builder\PizzaBuilder.java,model.builder.PizzaBuilder,generate/0,messageTitle2,1
C:\Users\OOPS\Downloads\Pizzademic-PH-master\Pizzademic-PH-master\src\model\builder\PizzaBuilder.java,model.builder.PizzaBuilder,generate/0,addressMessage2,1
C:\Users\OOPS\Downloads\Pizzademic-PH-master\Pizzademic-PH-master\src\model\builder\PizzaBuilder.java,model.builder.PizzaBuilder,generate/0,messageTitle1,1
C:\Users\OOPS\Downloads\Pizzademic-PH-master\Pizzademic-PH-master\src\model\builder\PizzaBuilder.java,model.builder.PizzaBuilder,generate/0,addressMessage1,1
C:\Users\OOPS\Downloads\Pizzademic-PH-master\Pizzademic-PH-master\src\model\builder\PizzaBuilder.java,model.builder.PizzaBuilder,generate/0,documentLocation,2
C:\Users\OOPS\Downloads\Pizzademic-PH-master\Pizzademic-PH-master\src\model\builder\PizzaBuilder.java,model.builder.PizzaBuilder,generate/0,path,1
C:\Users\OOPS\Downloads\Pizzademic-PH-master\Pizzademic-PH-master\src\model\builder\PizzaBuilder.java,model.builder.PizzaBuilder,generate/0,filename,1
C:\Users\OOPS\Downloads\Pizzademic-PH-master\Pizzademic-PH-master\src\model\builder\PizzaBuilder.java,model.builder.PizzaBuilder,generate/0,contents,34
C:\Users\OOPS\Downloads\Pizzademic-PH-master\Pizzademic-PH-master\src\model\builder\PizzaBuilder.java,model.builder.PizzaBuilder,generate/0,root,1
C:\Users\OOPS\Downloads\Pizzademic-PH-master\Pizzademic-PH-master\src\model\builder\PizzaBuilder.java,model.builder.PizzaBuilder,generate/0,orderMessage4,1
C:\Users\OOPS\Downloads\Pizzademic-PH-master\Pizzademic-PH-master\src\model\builder\PizzaBuilder.java,model.builder.PizzaBuilder,generate/0,orderMessage3,1
C:\Users\OOPS\Downloads\Pizzademic-PH-master\Pizzademic-PH-master\src\model\builder\PizzaBuilder.java,model.builder.PizzaBuilder,generate/0,orderMessage2,1
C:\Users\OOPS\Downloads\Pizzademic-PH-master\Pizzademic-PH-master\src\model\builder\PizzaBuilder.java,model.builder.PizzaBuilder,generate/0,page,2
C:\Users\OOPS\Downloads\Pizzademic-PH-master\Pizzademic-PH-master\src\model\builder\PizzaBuilder.java,model.builder.PizzaBuilder,generate/0,orderMessage1,1
C:\Users\OOPS\Downloads\Pizzademic-PH-master\Pizzademic-PH-master\src\model\builder\PizzaBuilder.java,model.builder.PizzaBuilder,generate/0,totalPriceMessage,1
C:\Users\OOPS\Downloads\Pizzademic-PH-master\Pizzademic-PH-master\src\model\builder\PizzaBuilder.java,model.builder.PizzaBuilder,generate/0,ioe,1
C:\Users\OOPS\Downloads\Pizzademic-PH-master\Pizzademic-PH-master\src\model\builder\PizzaBuilder.java,model.builder.PizzaBuilder,generate/0,orderMessage5,1
C:\Users\OOPS\Downloads\Pizzademic-PH-master\Pizzademic-PH-master\src\model\builder\PizzaBuilder.java,model.builder.PizzaBuilder,generate/0,font,5
C:\Users\OOPS\Downloads\Pizzademic-PH-master\Pizzademic-PH-master\src\model\builder\PizzaBuilder.java,model.builder.PizzaBuilder,setBrgy/1[java.lang.String],brgy,2
C:\Users\OOPS\Downloads\Pizzademic-PH-master\Pizzademic-PH-master\src\model\builder\PizzaBuilder.java,model.builder.PizzaBuilder,setPizzaFlavor/1[java.lang.String],pizzaFlavor,2
C:\Users\OOPS\Downloads\Pizzademic-PH-master\Pizzademic-PH-master\src\model\builder\PizzaBuilder.java,model.builder.PizzaBuilder,setQuantity/1[int],quantity,2
C:\Users\OOPS\Downloads\Pizzademic-PH-master\Pizzademic-PH-master\src\model\builder\PizzaBuilder.java,model.builder.PizzaBuilder,updateProductTable/0,updatePizzaQuantity,1
C:\Users\OOPS\Downloads\Pizzademic-PH-master\Pizzademic-PH-master\src\model\builder\PizzaBuilder.java,model.builder.PizzaBuilder,updateProductTable/0,sqle,1
C:\Users\OOPS\Downloads\Pizzademic-PH-master\Pizzademic-PH-master\src\model\builder\PizzaBuilder.java,model.builder.PizzaBuilder,updateProductTable/0,selectPizza,1
C:\Users\OOPS\Downloads\Pizzademic-PH-master\Pizzademic-PH-master\src\model\builder\PizzaBuilder.java,model.builder.PizzaBuilder,updateProductTable/0,e,1
C:\Users\OOPS\Downloads\Pizzademic-PH-master\Pizzademic-PH-master\src\model\builder\PizzaBuilder.java,model.builder.PizzaBuilder,updateProductTable/0,pizzaRecord,3
C:\Users\OOPS\Downloads\Pizzademic-PH-master\Pizzademic-PH-master\src\model\builder\PizzaBuilder.java,model.builder.PizzaBuilder,updateProductTable/0,currentStock,2
C:\Users\OOPS\Downloads\Pizzademic-PH-master\Pizzademic-PH-master\src\model\builder\PizzaBuilder.java,model.builder.PizzaBuilder,updateProductTable/0,connection,3
C:\Users\OOPS\Downloads\Pizzademic-PH-master\Pizzademic-PH-master\src\model\builder\PizzaBuilder.java,model.builder.PizzaBuilder,updateProductTable/0,pstmnt,6
C:\Users\OOPS\Downloads\Pizzademic-PH-master\Pizzademic-PH-master\src\model\builder\PizzaBuilder.java,model.builder.PizzaBuilder,updateProductTable/0,updatedStock,2
C:\Users\OOPS\Downloads\Pizzademic-PH-master\Pizzademic-PH-master\src\model\builder\PizzaBuilder.java,model.builder.PizzaBuilder,setTotalPrice/1[java.lang.Double],totalPrice,2
C:\Users\OOPS\Downloads\Pizzademic-PH-master\Pizzademic-PH-master\src\utility\UpgradePizzaFactory.java,utility.UpgradePizzaFactory,getUpgrade/1[java.lang.String],ex,0
C:\Users\OOPS\Downloads\Pizzademic-PH-master\Pizzademic-PH-master\src\utility\UpgradePizzaFactory.java,utility.UpgradePizzaFactory,getUpgrade/1[java.lang.String],pizzaFlavor,2
C:\Users\OOPS\Downloads\Pizzademic-PH-master\Pizzademic-PH-master\src\utility\UpgradePizzaFactory.java,utility.UpgradePizzaFactory,getPizza/1[java.lang.String],pizzaFlavor,0
C:\Users\OOPS\Downloads\Pizzademic-PH-master\Pizzademic-PH-master\src\model\pizza\Tropicale.java,model.pizza.Tropicale,Tropicale/0,sqle,1
C:\Users\OOPS\Downloads\Pizzademic-PH-master\Pizzademic-PH-master\src\model\pizza\Tropicale.java,model.pizza.Tropicale,Tropicale/0,pizza,1
C:\Users\OOPS\Downloads\Pizzademic-PH-master\Pizzademic-PH-master\src\model\pizza\Tropicale.java,model.pizza.Tropicale,Tropicale/0,e,1
C:\Users\OOPS\Downloads\Pizzademic-PH-master\Pizzademic-PH-master\src\model\pizza\Tropicale.java,model.pizza.Tropicale,Tropicale/0,pizzaRecord,6
C:\Users\OOPS\Downloads\Pizzademic-PH-master\Pizzademic-PH-master\src\model\pizza\Tropicale.java,model.pizza.Tropicale,Tropicale/0,connection,3
C:\Users\OOPS\Downloads\Pizzademic-PH-master\Pizzademic-PH-master\src\model\pizza\Tropicale.java,model.pizza.Tropicale,Tropicale/0,pstmnt,2
C:\Users\OOPS\Downloads\Pizzademic-PH-master\Pizzademic-PH-master\src\model\pizza\Tropicale.java,model.pizza.Tropicale,setUpgrade/1[model.upgrade.Upgrade],upgrade,2
C:\Users\OOPS\Downloads\Pizzademic-PH-master\Pizzademic-PH-master\src\model\upgrade\PepperoniUpgrade.java,model.upgrade.PepperoniUpgrade,PepperoniUpgrade/0,pizzaUpgrade,1
C:\Users\OOPS\Downloads\Pizzademic-PH-master\Pizzademic-PH-master\src\model\upgrade\PepperoniUpgrade.java,model.upgrade.PepperoniUpgrade,PepperoniUpgrade/0,sqle,1
C:\Users\OOPS\Downloads\Pizzademic-PH-master\Pizzademic-PH-master\src\model\upgrade\PepperoniUpgrade.java,model.upgrade.PepperoniUpgrade,PepperoniUpgrade/0,e,1
C:\Users\OOPS\Downloads\Pizzademic-PH-master\Pizzademic-PH-master\src\model\upgrade\PepperoniUpgrade.java,model.upgrade.PepperoniUpgrade,PepperoniUpgrade/0,connection,3
C:\Users\OOPS\Downloads\Pizzademic-PH-master\Pizzademic-PH-master\src\model\upgrade\PepperoniUpgrade.java,model.upgrade.PepperoniUpgrade,PepperoniUpgrade/0,upgradeRecord,5
C:\Users\OOPS\Downloads\Pizzademic-PH-master\Pizzademic-PH-master\src\model\upgrade\PepperoniUpgrade.java,model.upgrade.PepperoniUpgrade,PepperoniUpgrade/0,pstmnt,2
C:\Users\OOPS\Downloads\Pizzademic-PH-master\Pizzademic-PH-master\src\controller\SeeAllProductsServlet.java,controller.SeeAllProductsServlet,"doPost/2[controller.HttpServletRequest,controller.HttpServletResponse]",request,2
C:\Users\OOPS\Downloads\Pizzademic-PH-master\Pizzademic-PH-master\src\controller\SeeAllProductsServlet.java,controller.SeeAllProductsServlet,"doPost/2[controller.HttpServletRequest,controller.HttpServletResponse]",response,1
C:\Users\OOPS\Downloads\Pizzademic-PH-master\Pizzademic-PH-master\src\controller\SeeAllProductsServlet.java,controller.SeeAllProductsServlet,"doPost/2[controller.HttpServletRequest,controller.HttpServletResponse]",dispatcher,1
C:\Users\OOPS\Downloads\Pizzademic-PH-master\Pizzademic-PH-master\src\controller\SeeAllProductsServlet.java,controller.SeeAllProductsServlet,"doGet/2[controller.HttpServletRequest,controller.HttpServletResponse]",request,1
C:\Users\OOPS\Downloads\Pizzademic-PH-master\Pizzademic-PH-master\src\controller\SeeAllProductsServlet.java,controller.SeeAllProductsServlet,"doGet/2[controller.HttpServletRequest,controller.HttpServletResponse]",response,1
C:\Users\OOPS\Downloads\Pizzademic-PH-master\Pizzademic-PH-master\src\utility\PizzaFactory.java,utility.PizzaFactory,getPizza/1[java.lang.String],ex,0
C:\Users\OOPS\Downloads\Pizzademic-PH-master\Pizzademic-PH-master\src\utility\PizzaFactory.java,utility.PizzaFactory,getPizza/1[java.lang.String],pizzaFlavor,2
C:\Users\OOPS\Downloads\Pizzademic-PH-master\Pizzademic-PH-master\src\utility\PizzaFactory.java,utility.PizzaFactory,getUpgrade/1[java.lang.String],pizza,0
C:\Users\OOPS\Downloads\Pizzademic-PH-master\Pizzademic-PH-master\src\utility\AbstractFactory.java,utility.AbstractFactory,getPizza/1[java.lang.String],pizzaFlavor,0
C:\Users\OOPS\Downloads\Pizzademic-PH-master\Pizzademic-PH-master\src\utility\AbstractFactory.java,utility.AbstractFactory,getUpgrade/1[java.lang.String],pizza,0
C:\Users\OOPS\Downloads\Pizzademic-PH-master\Pizzademic-PH-master\src\controller\ProcessPizzaServlet.java,controller.ProcessPizzaServlet,"doGet/2[controller.HttpServletRequest,controller.HttpServletResponse]",request,1
C:\Users\OOPS\Downloads\Pizzademic-PH-master\Pizzademic-PH-master\src\controller\ProcessPizzaServlet.java,controller.ProcessPizzaServlet,"doGet/2[controller.HttpServletRequest,controller.HttpServletResponse]",response,1
C:\Users\OOPS\Downloads\Pizzademic-PH-master\Pizzademic-PH-master\src\controller\ProcessPizzaServlet.java,controller.ProcessPizzaServlet,"doPost/2[controller.HttpServletRequest,controller.HttpServletResponse]",pizzaType,3
C:\Users\OOPS\Downloads\Pizzademic-PH-master\Pizzademic-PH-master\src\controller\ProcessPizzaServlet.java,controller.ProcessPizzaServlet,"doPost/2[controller.HttpServletRequest,controller.HttpServletResponse]",request,6
C:\Users\OOPS\Downloads\Pizzademic-PH-master\Pizzademic-PH-master\src\controller\ProcessPizzaServlet.java,controller.ProcessPizzaServlet,"doPost/2[controller.HttpServletRequest,controller.HttpServletResponse]",npe,0
C:\Users\OOPS\Downloads\Pizzademic-PH-master\Pizzademic-PH-master\src\controller\ProcessPizzaServlet.java,controller.ProcessPizzaServlet,"doPost/2[controller.HttpServletRequest,controller.HttpServletResponse]",pizza,2
C:\Users\OOPS\Downloads\Pizzademic-PH-master\Pizzademic-PH-master\src\controller\ProcessPizzaServlet.java,controller.ProcessPizzaServlet,"doPost/2[controller.HttpServletRequest,controller.HttpServletResponse]",upgrade,1
C:\Users\OOPS\Downloads\Pizzademic-PH-master\Pizzademic-PH-master\src\controller\ProcessPizzaServlet.java,controller.ProcessPizzaServlet,"doPost/2[controller.HttpServletRequest,controller.HttpServletResponse]",response,2
C:\Users\OOPS\Downloads\Pizzademic-PH-master\Pizzademic-PH-master\src\controller\ProcessPizzaServlet.java,controller.ProcessPizzaServlet,"doPost/2[controller.HttpServletRequest,controller.HttpServletResponse]",dispatcher,3
C:\Users\OOPS\Downloads\Pizzademic-PH-master\Pizzademic-PH-master\src\model\pizza\Pepperoni.java,model.pizza.Pepperoni,setUpgrade/1[model.upgrade.Upgrade],upgrade,2
C:\Users\OOPS\Downloads\Pizzademic-PH-master\Pizzademic-PH-master\src\model\pizza\Pepperoni.java,model.pizza.Pepperoni,Pepperoni/0,sqle,1
C:\Users\OOPS\Downloads\Pizzademic-PH-master\Pizzademic-PH-master\src\model\pizza\Pepperoni.java,model.pizza.Pepperoni,Pepperoni/0,pizza,1
C:\Users\OOPS\Downloads\Pizzademic-PH-master\Pizzademic-PH-master\src\model\pizza\Pepperoni.java,model.pizza.Pepperoni,Pepperoni/0,e,1
C:\Users\OOPS\Downloads\Pizzademic-PH-master\Pizzademic-PH-master\src\model\pizza\Pepperoni.java,model.pizza.Pepperoni,Pepperoni/0,pizzaRecord,6
C:\Users\OOPS\Downloads\Pizzademic-PH-master\Pizzademic-PH-master\src\model\pizza\Pepperoni.java,model.pizza.Pepperoni,Pepperoni/0,connection,3
C:\Users\OOPS\Downloads\Pizzademic-PH-master\Pizzademic-PH-master\src\model\pizza\Pepperoni.java,model.pizza.Pepperoni,Pepperoni/0,pstmnt,2
C:\Users\OOPS\Downloads\Pizzademic-PH-master\Pizzademic-PH-master\src\utility\SingletonDB.java,utility.SingletonDB,instantiate/0,sqle,1
C:\Users\OOPS\Downloads\Pizzademic-PH-master\Pizzademic-PH-master\src\utility\SingletonDB.java,utility.SingletonDB,instantiate/0,isInstantiated,6
C:\Users\OOPS\Downloads\Pizzademic-PH-master\Pizzademic-PH-master\src\utility\SingletonDB.java,utility.SingletonDB,instantiate/0,query,1
C:\Users\OOPS\Downloads\Pizzademic-PH-master\Pizzademic-PH-master\src\utility\SingletonDB.java,utility.SingletonDB,instantiate/0,query4,1
C:\Users\OOPS\Downloads\Pizzademic-PH-master\Pizzademic-PH-master\src\utility\SingletonDB.java,utility.SingletonDB,instantiate/0,query5,1
C:\Users\OOPS\Downloads\Pizzademic-PH-master\Pizzademic-PH-master\src\utility\SingletonDB.java,utility.SingletonDB,instantiate/0,stmt,6
C:\Users\OOPS\Downloads\Pizzademic-PH-master\Pizzademic-PH-master\src\utility\SingletonDB.java,utility.SingletonDB,instantiate/0,query2,1
C:\Users\OOPS\Downloads\Pizzademic-PH-master\Pizzademic-PH-master\src\utility\SingletonDB.java,utility.SingletonDB,instantiate/0,query3,1
C:\Users\OOPS\Downloads\Pizzademic-PH-master\Pizzademic-PH-master\src\utility\SingletonDB.java,utility.SingletonDB,getDBConnection/0,sqle,1
C:\Users\OOPS\Downloads\Pizzademic-PH-master\Pizzademic-PH-master\src\utility\SingletonDB.java,utility.SingletonDB,getDBConnection/0,e,1
C:\Users\OOPS\Downloads\Pizzademic-PH-master\Pizzademic-PH-master\src\utility\SingletonDB.java,utility.SingletonDB,getDBConnection/0,connection,2
C:\Users\OOPS\Downloads\Pizzademic-PH-master\Pizzademic-PH-master\src\model\upgrade\TropicaleUpgrade.java,model.upgrade.TropicaleUpgrade,TropicaleUpgrade/0,pizzaUpgrade,1
C:\Users\OOPS\Downloads\Pizzademic-PH-master\Pizzademic-PH-master\src\model\upgrade\TropicaleUpgrade.java,model.upgrade.TropicaleUpgrade,TropicaleUpgrade/0,sqle,1
C:\Users\OOPS\Downloads\Pizzademic-PH-master\Pizzademic-PH-master\src\model\upgrade\TropicaleUpgrade.java,model.upgrade.TropicaleUpgrade,TropicaleUpgrade/0,e,1
C:\Users\OOPS\Downloads\Pizzademic-PH-master\Pizzademic-PH-master\src\model\upgrade\TropicaleUpgrade.java,model.upgrade.TropicaleUpgrade,TropicaleUpgrade/0,connection,3
C:\Users\OOPS\Downloads\Pizzademic-PH-master\Pizzademic-PH-master\src\model\upgrade\TropicaleUpgrade.java,model.upgrade.TropicaleUpgrade,TropicaleUpgrade/0,upgradeRecord,5
C:\Users\OOPS\Downloads\Pizzademic-PH-master\Pizzademic-PH-master\src\model\upgrade\TropicaleUpgrade.java,model.upgrade.TropicaleUpgrade,TropicaleUpgrade/0,pstmnt,2
C:\Users\OOPS\Downloads\Pizzademic-PH-master\Pizzademic-PH-master\src\model\builder\Facade.java,model.builder.Facade,process/1[model.builder.ServletContext],context,0
C:\Users\OOPS\Downloads\Pizzademic-PH-master\Pizzademic-PH-master\src\model\item\PizzaProduct.java,model.item.PizzaProduct,setUpgrade/1[model.upgrade.Upgrade],upgrade,0
C:\Users\OOPS\Downloads\Pizzademic-PH-master\Pizzademic-PH-master\src\model\upgrade\FourCheeseUpgrade.java,model.upgrade.FourCheeseUpgrade,FourCheeseUpgrade/0,pizzaUpgrade,1
C:\Users\OOPS\Downloads\Pizzademic-PH-master\Pizzademic-PH-master\src\model\upgrade\FourCheeseUpgrade.java,model.upgrade.FourCheeseUpgrade,FourCheeseUpgrade/0,sqle,1
C:\Users\OOPS\Downloads\Pizzademic-PH-master\Pizzademic-PH-master\src\model\upgrade\FourCheeseUpgrade.java,model.upgrade.FourCheeseUpgrade,FourCheeseUpgrade/0,e,1
C:\Users\OOPS\Downloads\Pizzademic-PH-master\Pizzademic-PH-master\src\model\upgrade\FourCheeseUpgrade.java,model.upgrade.FourCheeseUpgrade,FourCheeseUpgrade/0,connection,3
C:\Users\OOPS\Downloads\Pizzademic-PH-master\Pizzademic-PH-master\src\model\upgrade\FourCheeseUpgrade.java,model.upgrade.FourCheeseUpgrade,FourCheeseUpgrade/0,upgradeRecord,5
C:\Users\OOPS\Downloads\Pizzademic-PH-master\Pizzademic-PH-master\src\model\upgrade\FourCheeseUpgrade.java,model.upgrade.FourCheeseUpgrade,FourCheeseUpgrade/0,pstmnt,2
