file,class,type,cbo,cboModified,fanin,fanout,wmc,dit,noc,rfc,lcom,lcom*,tcc,lcc,totalMethodsQty,staticMethodsQty,publicMethodsQty,privateMethodsQty,protectedMethodsQty,defaultMethodsQty,visibleMethodsQty,abstractMethodsQty,finalMethodsQty,synchronizedMethodsQty,totalFieldsQty,staticFieldsQty,publicFieldsQty,privateFieldsQty,protectedFieldsQty,defaultFieldsQty,finalFieldsQty,synchronizedFieldsQty,nosi,loc,returnQty,loopQty,comparisonsQty,tryCatchQty,parenthesizedExpsQty,stringLiteralsQty,numbersQty,assignmentsQty,mathOperationsQty,variablesQty,maxNestedBlocksQty,anonymousClassesQty,innerClassesQty,lambdasQty,uniqueWordsQty,modifiers,logStatementsQty
C:\Users\OOPS\Downloads\WholeSaleMavenSpringJPA-master\WholeSaleMavenSpringJPA-master\Tst\src\main\java\lk\ijse\dep\Business\custom\ItemBO.java,lk.ijse.dep.Business.custom.ItemBO,interface,2,3,1,2,5,1,0,0,10,0,0,0,5,0,5,0,0,0,5,0,0,0,0,0,0,0,0,0,0,0,0,7,0,0,0,0,0,0,0,0,0,0,0,0,0,0,17,1,0
C:\Users\OOPS\Downloads\WholeSaleMavenSpringJPA-master\WholeSaleMavenSpringJPA-master\Tst\src\main\java\lk\ijse\dep\Business\impl\CustomerBOImpl.java,lk.ijse.dep.Business.impl.CustomerBOImpl,class,13,14,1,13,7,1,0,18,0,0,1,1,5,0,5,0,0,0,5,0,0,0,2,0,0,2,0,0,0,0,2,39,3,1,0,0,1,0,0,5,0,6,2,1,0,0,28,1,0
C:\Users\OOPS\Downloads\WholeSaleMavenSpringJPA-master\WholeSaleMavenSpringJPA-master\Tst\src\main\java\lk\ijse\dep\Business\impl\CustomerBOImpl.java,lk.ijse.dep.Business.impl.CustomerBOImpl$Anonymous1,anonymous,2,2,0,2,1,1,0,3,0,0,NaN,NaN,1,0,1,0,0,0,1,0,0,0,0,0,0,0,0,0,0,0,0,5,1,0,0,0,0,0,0,0,0,0,0,0,0,0,6,-1,0
C:\Users\OOPS\Downloads\WholeSaleMavenSpringJPA-master\WholeSaleMavenSpringJPA-master\Tst\src\main\java\lk\ijse\dep\DAO\CRUDDAO.java,lk.ijse.dep.DAO.CRUDDAO,interface,3,9,6,3,5,1,0,0,10,0,0,0,5,0,0,0,0,5,5,0,0,0,0,0,0,0,0,0,0,0,0,7,0,0,0,0,0,0,0,0,0,0,0,0,0,0,13,1,0
C:\Users\OOPS\Downloads\WholeSaleMavenSpringJPA-master\WholeSaleMavenSpringJPA-master\Tst\src\main\java\lk\ijse\dep\DAO\DAO\custom\ItemDao.java,lk.ijse.dep.DAO.DAO.custom.ItemDao,interface,2,3,1,2,0,1,0,0,0,0,-1,-1,0,0,0,0,0,0,0,0,0,0,0,0,0,0,0,0,0,0,0,2,0,0,0,0,0,0,0,0,0,0,0,0,0,0,2,1,0
C:\Users\OOPS\Downloads\WholeSaleMavenSpringJPA-master\WholeSaleMavenSpringJPA-master\Tst\src\main\java\lk\ijse\dep\DAO\custom\Impl\OrderItemsDAOImpl.java,lk.ijse.dep.DAO.custom.Impl.OrderItemsDAOImpl,class,5,6,1,5,8,1,0,11,0,0,1,1,8,0,8,0,0,0,8,0,0,0,1,0,0,1,0,0,0,0,0,29,3,0,0,0,0,3,4,4,0,4,0,0,0,0,43,1,0
C:\Users\OOPS\Downloads\WholeSaleMavenSpringJPA-master\WholeSaleMavenSpringJPA-master\Tst\src\main\java\lk\ijse\dep\AppInitializer.java,lk.ijse.dep.AppInitializer,class,6,6,0,6,2,2,0,9,1,0.5,0,0,2,1,2,0,0,0,2,0,0,0,1,1,1,0,0,0,0,0,0,16,0,0,0,0,0,1,0,3,0,3,0,0,0,0,21,1,0
C:\Users\OOPS\Downloads\WholeSaleMavenSpringJPA-master\WholeSaleMavenSpringJPA-master\Tst\src\main\java\lk\ijse\dep\DAO\custom\Impl\ItemDAOImpl.java,lk.ijse.dep.DAO.custom.Impl.ItemDAOImpl,class,4,6,2,4,7,1,0,8,0,0,1,1,7,0,7,0,0,0,7,0,0,0,1,0,0,1,0,0,0,0,0,27,3,0,0,0,0,2,1,4,0,4,0,0,0,0,27,1,0
C:\Users\OOPS\Downloads\WholeSaleMavenSpringJPA-master\WholeSaleMavenSpringJPA-master\Tst\src\main\java\lk\ijse\dep\Controller\OrderItemController.java,lk.ijse.dep.Controller.OrderItemController,class,26,27,1,26,36,1,0,73,0,0.671875,0.61904764,0.71428573,8,0,7,1,0,0,7,0,0,0,16,0,13,3,0,0,0,0,39,340,0,10,8,1,0,25,25,78,14,88,7,5,0,2,145,1,0
C:\Users\OOPS\Downloads\WholeSaleMavenSpringJPA-master\WholeSaleMavenSpringJPA-master\Tst\src\main\java\lk\ijse\dep\Entities\Customer.java,lk.ijse.dep.Entities.Customer,class,5,10,5,5,11,2,0,0,21,0.6818181,0.3090909,0.5272727,11,0,11,0,0,0,11,0,0,0,4,0,0,4,0,0,0,0,0,40,5,0,0,0,0,5,0,7,2,4,0,0,0,0,18,1,0
C:\Users\OOPS\Downloads\WholeSaleMavenSpringJPA-master\WholeSaleMavenSpringJPA-master\Tst\src\main\java\lk\ijse\dep\UtilityClasses\OnHandQunatites.java,lk.ijse.dep.UtilityClasses.OnHandQunatites,class,0,2,2,0,6,1,0,0,3,0.5,0.4,0.6666667,6,0,6,0,0,0,6,0,0,0,2,0,0,2,0,0,0,0,0,22,2,0,0,0,0,0,0,4,0,2,0,0,0,0,10,1,0
C:\Users\OOPS\Downloads\WholeSaleMavenSpringJPA-master\WholeSaleMavenSpringJPA-master\Tst\src\main\java\lk\ijse\dep\Controller\SearchOrderController.java,lk.ijse.dep.Controller.SearchOrderController,class,10,10,0,10,2,1,0,10,1,0.8333333,0,0,2,0,2,0,0,0,2,0,0,0,6,1,5,0,0,1,0,0,1,80,0,0,0,0,0,5,5,4,0,7,0,2,0,0,27,1,0
C:\Users\OOPS\Downloads\WholeSaleMavenSpringJPA-master\WholeSaleMavenSpringJPA-master\Tst\src\main\java\lk\ijse\dep\Entities\OrderItemsPK.java,lk.ijse.dep.Entities.OrderItemsPK,class,2,6,4,2,6,1,0,0,3,0.5,0.4,0.6666667,6,0,6,0,0,0,6,0,0,0,2,0,0,2,0,0,0,0,0,22,2,0,0,0,0,2,0,4,0,2,0,0,0,0,12,1,0
C:\Users\OOPS\Downloads\WholeSaleMavenSpringJPA-master\WholeSaleMavenSpringJPA-master\Tst\src\main\java\lk\ijse\dep\DTO\OrderItemDTO.java,lk.ijse.dep.DTO.OrderItemDTO,class,0,0,0,0,8,1,0,0,10,0.625,0.32142857,0.75,8,0,8,0,0,0,8,0,0,0,3,0,0,3,0,0,0,0,0,30,3,0,0,0,0,0,0,6,0,3,0,0,0,0,13,1,0
C:\Users\OOPS\Downloads\WholeSaleMavenSpringJPA-master\WholeSaleMavenSpringJPA-master\Tst\src\main\java\lk\ijse\dep\Business\custom\OrderBO.java,lk.ijse.dep.Business.custom.OrderBO,interface,4,5,1,4,6,1,0,0,15,0,0,0,6,0,6,0,0,0,6,0,0,0,0,0,0,0,0,0,0,0,0,8,0,0,0,0,0,0,0,0,0,0,0,0,0,0,30,1,0
C:\Users\OOPS\Downloads\WholeSaleMavenSpringJPA-master\WholeSaleMavenSpringJPA-master\Tst\src\main\java\lk\ijse\dep\DAO\DAO\custom\CustomerDAO.java,lk.ijse.dep.DAO.DAO.custom.CustomerDAO,interface,4,6,2,4,2,1,0,0,1,0,0,0,2,0,2,0,0,0,2,0,0,0,0,0,0,0,0,0,0,0,0,4,0,0,0,0,0,0,0,0,0,0,0,0,0,0,17,1,0
C:\Users\OOPS\Downloads\WholeSaleMavenSpringJPA-master\WholeSaleMavenSpringJPA-master\Tst\src\main\java\lk\ijse\dep\Controller\CustomerManageController.java,lk.ijse.dep.Controller.CustomerManageController$Anonymous1,anonymous,3,3,0,3,5,1,0,10,0,0,NaN,NaN,1,0,0,0,1,0,1,0,0,0,1,0,0,1,0,0,1,0,0,30,1,0,1,1,0,2,0,2,0,3,3,0,0,1,18,-1,0
C:\Users\OOPS\Downloads\WholeSaleMavenSpringJPA-master\WholeSaleMavenSpringJPA-master\Tst\src\main\java\lk\ijse\dep\UtilityClasses\Item.java,lk.ijse.dep.UtilityClasses.Item,class,0,2,2,0,10,1,0,0,21,0.7,0.26666668,0.8,10,0,10,0,0,0,10,0,0,0,4,0,0,4,0,0,0,0,0,38,4,0,0,0,0,0,0,8,0,4,0,0,0,0,11,1,0
C:\Users\OOPS\Downloads\WholeSaleMavenSpringJPA-master\WholeSaleMavenSpringJPA-master\Tst\src\main\java\lk\ijse\dep\Controller\CustomerManageController.java,lk.ijse.dep.Controller.CustomerManageController$Anonymous2,anonymous,2,2,0,2,2,1,0,7,0,0,NaN,NaN,1,0,1,0,0,0,1,0,0,0,0,0,0,0,0,0,0,0,0,12,0,0,1,0,0,0,0,1,0,1,1,0,0,0,10,-1,0
C:\Users\OOPS\Downloads\WholeSaleMavenSpringJPA-master\WholeSaleMavenSpringJPA-master\Tst\src\main\java\lk\ijse\dep\Controller\SearchOrderController.java,lk.ijse.dep.Controller.SearchOrderController$Anonymous1,anonymous,2,2,0,2,6,1,0,11,0,0,NaN,NaN,1,0,1,0,0,0,1,0,0,0,0,0,0,0,0,0,0,0,3,43,0,2,0,1,0,14,5,20,3,18,5,0,0,0,50,-1,0
C:\Users\OOPS\Downloads\WholeSaleMavenSpringJPA-master\WholeSaleMavenSpringJPA-master\Tst\src\main\java\lk\ijse\dep\Controller\SearchOrderController.java,lk.ijse.dep.Controller.SearchOrderController$Anonymous2,anonymous,4,4,0,4,2,1,0,11,0,0,NaN,NaN,1,0,1,0,0,0,1,0,0,0,0,0,0,0,0,0,0,0,0,17,0,0,0,1,0,3,0,5,0,2,1,0,0,0,19,-1,0
C:\Users\OOPS\Downloads\WholeSaleMavenSpringJPA-master\WholeSaleMavenSpringJPA-master\Tst\src\main\java\lk\ijse\dep\Entities\SuperEntity.java,lk.ijse.dep.Entities.SuperEntity,class,0,4,4,0,0,1,4,0,0,0,-1,-1,0,0,0,0,0,0,0,0,0,0,0,0,0,0,0,0,0,0,0,2,0,0,0,0,0,0,0,0,0,0,0,0,0,0,2,1,0
C:\Users\OOPS\Downloads\WholeSaleMavenSpringJPA-master\WholeSaleMavenSpringJPA-master\Tst\src\main\java\lk\ijse\dep\Business\impl\OrderBOImpl.java,lk.ijse.dep.Business.impl.OrderBOImpl,class,14,15,1,14,6,1,0,21,0,0.56666666,1,1,6,0,6,0,0,0,6,0,0,0,5,0,0,1,0,4,0,0,2,43,3,0,0,0,0,0,0,2,0,6,0,1,0,0,38,1,0
C:\Users\OOPS\Downloads\WholeSaleMavenSpringJPA-master\WholeSaleMavenSpringJPA-master\Tst\src\main\java\lk\ijse\dep\DAO\DAO\custom\OrderItemsDAO.java,lk.ijse.dep.DAO.DAO.custom.OrderItemsDAO,interface,3,5,2,3,1,1,0,0,0,0,NaN,NaN,1,0,0,0,0,1,1,0,0,0,0,0,0,0,0,0,0,0,0,3,0,0,0,0,0,0,0,0,0,0,0,0,0,0,10,1,0
C:\Users\OOPS\Downloads\WholeSaleMavenSpringJPA-master\WholeSaleMavenSpringJPA-master\Tst\src\main\java\lk\ijse\dep\Entities\OrderDetails.java,lk.ijse.dep.Entities.OrderDetails,class,8,13,5,8,10,2,0,0,13,0.675,0.35555556,0.62222224,10,0,10,0,0,0,10,0,0,0,4,0,0,4,0,0,0,0,0,37,5,0,0,0,0,7,0,6,2,4,0,0,0,0,20,1,0
C:\Users\OOPS\Downloads\WholeSaleMavenSpringJPA-master\WholeSaleMavenSpringJPA-master\Tst\src\main\java\lk\ijse\dep\DTO\OrderDetailsDTO.java,lk.ijse.dep.DTO.OrderDetailsDTO,class,1,5,4,1,8,1,0,3,10,0.625,0.32142857,0.75,8,0,8,0,0,0,8,0,0,0,3,0,0,3,0,0,0,0,0,30,3,0,0,0,0,0,0,3,0,3,0,0,0,0,13,1,0
C:\Users\OOPS\Downloads\WholeSaleMavenSpringJPA-master\WholeSaleMavenSpringJPA-master\Tst\src\main\java\lk\ijse\dep\Controller\DashboardController.java,lk.ijse.dep.Controller.DashboardController,class,5,5,0,5,4,1,0,7,0,0,1,1,4,0,4,0,0,0,4,0,0,0,1,0,1,0,0,0,0,0,0,31,0,0,0,0,0,8,0,12,0,13,0,0,0,0,27,1,0
C:\Users\OOPS\Downloads\WholeSaleMavenSpringJPA-master\WholeSaleMavenSpringJPA-master\Tst\src\main\java\lk\ijse\dep\DTO\ItemDTO.java,lk.ijse.dep.DTO.ItemDTO,class,0,8,8,0,10,1,0,0,21,0.7,0.26666668,0.8,10,0,10,0,0,0,10,0,0,0,4,0,0,4,0,0,0,0,0,38,4,0,0,0,0,0,0,8,0,4,0,0,0,0,14,1,0
C:\Users\OOPS\Downloads\WholeSaleMavenSpringJPA-master\WholeSaleMavenSpringJPA-master\Tst\src\main\java\lk\ijse\dep\Controller\ItemManageController.java,lk.ijse.dep.Controller.ItemManageController,class,21,21,0,21,14,1,0,37,3,0.6166667,0.4,0.4,6,0,6,0,0,0,6,0,0,0,10,1,10,0,0,0,0,0,1,137,1,2,4,2,0,10,9,18,0,30,2,2,0,2,70,1,0
C:\Users\OOPS\Downloads\WholeSaleMavenSpringJPA-master\WholeSaleMavenSpringJPA-master\Tst\src\main\java\lk\ijse\dep\UtilityClasses\Customer.java,lk.ijse.dep.UtilityClasses.Customer,class,0,2,2,0,8,1,0,0,10,0.625,0.32142857,0.75,8,0,8,0,0,0,8,0,0,0,3,0,0,3,0,0,0,0,0,30,3,0,0,0,0,0,0,6,0,3,0,0,0,0,9,1,0
C:\Users\OOPS\Downloads\WholeSaleMavenSpringJPA-master\WholeSaleMavenSpringJPA-master\Tst\src\main\java\lk\ijse\dep\Controller\VIewOrderController.java,lk.ijse.dep.Controller.VIewOrderController,class,12,12,0,12,5,1,0,28,1,0.5,0,0,2,0,2,0,0,0,2,0,0,0,8,0,7,0,0,1,0,0,7,61,0,1,0,1,0,14,7,19,2,25,3,0,0,0,70,1,0
C:\Users\OOPS\Downloads\WholeSaleMavenSpringJPA-master\WholeSaleMavenSpringJPA-master\Tst\src\main\java\lk\ijse\dep\UtilityClasses\EntityManagerUtil.java,lk.ijse.dep.UtilityClasses.EntityManagerUtil,class,3,7,4,3,6,1,0,5,4,0.5,1,1,4,1,2,2,0,0,2,0,0,0,1,1,0,1,0,0,0,0,0,30,3,0,0,1,0,2,0,7,0,7,1,0,0,0,20,1,0
C:\Users\OOPS\Downloads\WholeSaleMavenSpringJPA-master\WholeSaleMavenSpringJPA-master\Tst\src\main\java\lk\ijse\dep\UtilityClasses\Order.java,lk.ijse.dep.UtilityClasses.Order,class,0,3,3,0,12,1,0,0,36,0.75,0.22727273,0.8333333,12,0,12,0,0,0,12,0,0,0,5,0,0,5,0,0,0,0,0,46,5,0,0,0,0,0,0,10,0,5,0,0,0,0,13,1,0
C:\Users\OOPS\Downloads\WholeSaleMavenSpringJPA-master\WholeSaleMavenSpringJPA-master\Tst\src\main\java\lk\ijse\dep\Entities\Item.java,lk.ijse.dep.Entities.Item,class,5,12,7,5,12,2,0,0,24,0.7166667,0.3181818,0.6818182,12,0,12,0,0,0,12,0,0,0,5,0,0,5,0,0,0,0,0,45,6,0,0,0,0,6,0,8,2,5,0,0,0,0,20,1,0
C:\Users\OOPS\Downloads\WholeSaleMavenSpringJPA-master\WholeSaleMavenSpringJPA-master\Tst\src\main\java\lk\ijse\dep\UtilityClasses\SearchTableHelper.java,lk.ijse.dep.UtilityClasses.SearchTableHelper,class,0,4,4,0,12,1,0,0,36,0.75,0.22727273,0.8333333,12,0,12,0,0,0,12,0,0,0,5,0,0,5,0,0,0,0,0,46,5,0,0,0,0,0,0,10,0,5,0,0,0,0,15,1,0
C:\Users\OOPS\Downloads\WholeSaleMavenSpringJPA-master\WholeSaleMavenSpringJPA-master\Tst\src\main\java\lk\ijse\dep\Business\custom\CustomerBO.java,lk.ijse.dep.Business.custom.CustomerBO,interface,2,4,2,2,5,1,0,0,10,0,0,0,5,0,5,0,0,0,5,0,0,0,0,0,0,0,0,0,0,0,0,7,0,0,0,0,0,0,0,0,0,0,0,0,0,0,16,1,0
C:\Users\OOPS\Downloads\WholeSaleMavenSpringJPA-master\WholeSaleMavenSpringJPA-master\Tst\src\main\java\lk\ijse\dep\DAO\DAO\custom\OrderDetailsDAO.java,lk.ijse.dep.DAO.DAO.custom.OrderDetailsDAO,interface,2,4,2,2,1,1,0,0,0,0,NaN,NaN,1,0,1,0,0,0,1,0,0,0,0,0,0,0,0,0,0,0,0,3,0,0,0,0,0,0,0,0,0,0,0,0,0,0,10,1,0
C:\Users\OOPS\Downloads\WholeSaleMavenSpringJPA-master\WholeSaleMavenSpringJPA-master\Tst\src\main\java\lk\ijse\dep\Entities\OrderItems.java,lk.ijse.dep.Entities.OrderItems,class,8,14,6,8,11,2,0,0,19,0.70454544,0.3272727,0.4,11,0,11,0,0,0,11,0,0,0,4,0,0,4,0,0,0,0,0,40,5,0,0,0,0,7,0,7,2,4,0,0,0,0,18,1,0
C:\Users\OOPS\Downloads\WholeSaleMavenSpringJPA-master\WholeSaleMavenSpringJPA-master\Tst\src\main\java\lk\ijse\dep\Business\impl\ItemBOImpl.java,lk.ijse.dep.Business.impl.ItemBOImpl,class,12,13,1,12,7,1,0,19,0,0.26666668,1,1,5,0,5,0,0,0,5,0,0,0,3,0,0,3,0,0,0,0,2,36,3,1,0,0,0,0,0,2,0,4,2,1,0,0,26,1,0
C:\Users\OOPS\Downloads\WholeSaleMavenSpringJPA-master\WholeSaleMavenSpringJPA-master\Tst\src\main\java\lk\ijse\dep\Business\impl\ItemBOImpl.java,lk.ijse.dep.Business.impl.ItemBOImpl$Anonymous1,anonymous,2,2,0,2,1,1,0,4,0,0,NaN,NaN,1,0,1,0,0,0,1,0,0,0,0,0,0,0,0,0,0,0,0,5,1,0,0,0,0,0,0,0,0,0,0,0,0,0,6,-1,0
C:\Users\OOPS\Downloads\WholeSaleMavenSpringJPA-master\WholeSaleMavenSpringJPA-master\Tst\src\main\java\lk\ijse\dep\DAO\custom\Impl\CustomerDAOImpl.java,lk.ijse.dep.DAO.custom.Impl.CustomerDAOImpl,class,5,7,2,5,9,1,0,13,0,0,1,1,8,0,8,0,0,0,8,0,0,0,1,0,0,1,0,0,0,0,0,34,4,1,0,0,0,3,2,6,0,6,1,0,0,0,34,1,0
C:\Users\OOPS\Downloads\WholeSaleMavenSpringJPA-master\WholeSaleMavenSpringJPA-master\Tst\src\main\java\lk\ijse\dep\Controller\ItemManageController.java,lk.ijse.dep.Controller.ItemManageController$Anonymous1,anonymous,4,4,0,4,6,1,0,10,0,0,NaN,NaN,1,0,0,0,1,0,1,0,0,0,1,0,0,1,0,0,1,0,0,39,1,0,1,2,0,4,0,5,0,6,4,0,0,1,23,-1,0
C:\Users\OOPS\Downloads\WholeSaleMavenSpringJPA-master\WholeSaleMavenSpringJPA-master\Tst\src\main\java\lk\ijse\dep\DAO\SuperDAO.java,lk.ijse.dep.DAO.SuperDAO,interface,0,1,1,0,0,1,0,0,0,0,-1,-1,0,0,0,0,0,0,0,0,0,0,0,0,0,0,0,0,0,0,0,2,0,0,0,0,0,0,0,0,0,0,0,0,0,0,4,1,0
C:\Users\OOPS\Downloads\WholeSaleMavenSpringJPA-master\WholeSaleMavenSpringJPA-master\Tst\src\main\java\lk\ijse\dep\Controller\CustomerManageController.java,lk.ijse.dep.Controller.CustomerManageController,class,21,21,0,21,12,1,0,37,3,0.62962955,0.4,0.4,6,0,6,0,0,0,6,0,0,0,9,1,8,0,0,1,0,0,1,121,0,2,3,1,0,9,7,18,0,27,2,2,0,2,69,1,0
C:\Users\OOPS\Downloads\WholeSaleMavenSpringJPA-master\WholeSaleMavenSpringJPA-master\Tst\src\main\java\lk\ijse\dep\Controller\ItemManageController.java,lk.ijse.dep.Controller.ItemManageController$Anonymous2,anonymous,2,2,0,2,2,1,0,8,0,0,NaN,NaN,1,0,1,0,0,0,1,0,0,0,0,0,0,0,0,0,0,0,0,13,0,0,1,0,0,0,0,1,0,1,1,0,0,0,9,-1,0
C:\Users\OOPS\Downloads\WholeSaleMavenSpringJPA-master\WholeSaleMavenSpringJPA-master\Tst\src\main\java\lk\ijse\dep\UtilityClasses\DBConnection.java,lk.ijse.dep.UtilityClasses.DBConnection,class,1,7,6,1,6,1,0,3,1,0.5,0,0,3,1,2,1,0,0,2,0,0,0,2,2,0,2,0,0,0,0,2,25,2,0,1,1,0,4,0,2,0,2,1,0,0,0,16,1,0
C:\Users\OOPS\Downloads\WholeSaleMavenSpringJPA-master\WholeSaleMavenSpringJPA-master\Tst\src\main\java\lk\ijse\dep\Business\impl\OrderBOImpl.java,lk.ijse.dep.Business.impl.OrderBOImpl$Anonymous1,anonymous,2,2,0,2,1,1,0,4,0,0,NaN,NaN,1,0,1,0,0,0,1,0,0,0,0,0,0,0,0,0,0,0,0,5,1,0,0,0,0,0,0,0,0,0,0,0,0,0,6,-1,0
C:\Users\OOPS\Downloads\WholeSaleMavenSpringJPA-master\WholeSaleMavenSpringJPA-master\Tst\src\main\java\lk\ijse\dep\AppConfig.java,lk.ijse.dep.AppConfig,class,2,3,1,2,0,1,0,0,0,0,-1,-1,0,0,0,0,0,0,0,0,0,0,0,0,0,0,0,0,0,0,0,2,0,0,0,0,0,1,0,0,0,0,0,0,0,0,2,1,0
C:\Users\OOPS\Downloads\WholeSaleMavenSpringJPA-master\WholeSaleMavenSpringJPA-master\Tst\src\main\java\lk\ijse\dep\DAO\custom\Impl\OrderDetailsDAOImpl.java,lk.ijse.dep.DAO.custom.Impl.OrderDetailsDAOImpl,class,4,6,2,4,8,1,0,9,0,0,1,1,8,0,8,0,0,0,8,0,0,0,1,0,0,1,0,0,0,0,0,31,4,0,0,0,0,3,2,5,0,5,0,0,0,0,39,1,0
C:\Users\OOPS\Downloads\WholeSaleMavenSpringJPA-master\WholeSaleMavenSpringJPA-master\Tst\src\main\java\lk\ijse\dep\Controller\OrderItemController.java,lk.ijse.dep.Controller.OrderItemController$Anonymous1,anonymous,4,4,0,4,10,1,0,19,0,0,NaN,NaN,1,0,0,0,1,0,1,0,0,0,1,0,0,1,0,0,1,0,0,43,1,2,3,0,0,1,4,6,2,7,5,0,0,1,19,-1,0
C:\Users\OOPS\Downloads\WholeSaleMavenSpringJPA-master\WholeSaleMavenSpringJPA-master\Tst\src\main\java\lk\ijse\dep\Controller\OrderItemController.java,lk.ijse.dep.Controller.OrderItemController$Anonymous2,anonymous,1,1,0,1,3,1,0,10,0,0,NaN,NaN,1,0,1,0,0,0,1,0,0,0,0,0,0,0,0,0,0,0,0,16,0,0,0,1,0,2,1,3,0,3,2,0,0,0,25,-1,0
C:\Users\OOPS\Downloads\WholeSaleMavenSpringJPA-master\WholeSaleMavenSpringJPA-master\Tst\src\main\java\lk\ijse\dep\Business\custom\SuperBO.java,lk.ijse.dep.Business.custom.SuperBO,interface,0,3,3,0,0,1,0,0,0,0,-1,-1,0,0,0,0,0,0,0,0,0,0,0,0,0,0,0,0,0,0,0,2,0,0,0,0,0,0,0,0,0,0,0,0,0,0,3,1,0
C:\Users\OOPS\Downloads\WholeSaleMavenSpringJPA-master\WholeSaleMavenSpringJPA-master\Tst\src\main\java\lk\ijse\dep\Controller\OrderItemController.java,lk.ijse.dep.Controller.OrderItemController$Anonymous3,anonymous,2,2,0,2,5,1,0,15,0,0,NaN,NaN,1,0,1,0,0,0,1,0,0,0,0,0,0,0,0,0,0,0,0,23,0,1,0,1,0,3,2,5,0,5,4,0,0,0,30,-1,0
C:\Users\OOPS\Downloads\WholeSaleMavenSpringJPA-master\WholeSaleMavenSpringJPA-master\Tst\src\main\java\lk\ijse\dep\Controller\OrderItemController.java,lk.ijse.dep.Controller.OrderItemController$Anonymous4,anonymous,1,1,0,1,3,1,0,3,0,0,NaN,NaN,1,0,1,0,0,0,1,0,0,0,0,0,0,0,0,0,0,0,0,9,0,0,0,0,1,0,1,2,1,2,1,0,0,0,5,-1,0
C:\Users\OOPS\Downloads\WholeSaleMavenSpringJPA-master\WholeSaleMavenSpringJPA-master\Tst\src\main\java\lk\ijse\dep\DTO\CustomerDTO.java,lk.ijse.dep.DTO.CustomerDTO,class,0,4,4,0,8,1,0,0,10,0.625,0.32142857,0.75,8,0,8,0,0,0,8,0,0,0,3,0,0,3,0,0,0,0,0,30,3,0,0,0,0,0,0,6,0,3,0,0,0,0,12,1,0
C:\Users\OOPS\Downloads\WholeSaleMavenSpringJPA-master\WholeSaleMavenSpringJPA-master\Tst\src\main\java\lk\ijse\dep\Controller\OrderItemController.java,lk.ijse.dep.Controller.OrderItemController$Anonymous5,anonymous,2,2,0,2,2,1,0,7,0,0,NaN,NaN,1,0,1,0,0,0,1,0,0,0,0,0,0,0,0,0,0,0,0,11,0,0,1,0,0,0,0,1,0,1,1,0,0,0,10,-1,0
