file,class,method,variable,usage
C:\Users\OOPS\Downloads\WholeSaleMavenSpringJPA-master\WholeSaleMavenSpringJPA-master\Tst\src\main\java\lk\ijse\dep\Business\impl\CustomerBOImpl.java,lk.ijse.dep.Business.impl.CustomerBOImpl,customerExistsinOrder/1[java.lang.String],customerDAO,1
C:\Users\OOPS\Downloads\WholeSaleMavenSpringJPA-master\WholeSaleMavenSpringJPA-master\Tst\src\main\java\lk\ijse\dep\Business\impl\CustomerBOImpl.java,lk.ijse.dep.Business.impl.CustomerBOImpl,customerExistsinOrder/1[java.lang.String],session,2
C:\Users\OOPS\Downloads\WholeSaleMavenSpringJPA-master\WholeSaleMavenSpringJPA-master\Tst\src\main\java\lk\ijse\dep\Business\impl\CustomerBOImpl.java,lk.ijse.dep.Business.impl.CustomerBOImpl,updateCustomer/1[lk.ijse.dep.DTO.CustomerDTO],customerDAO,2
C:\Users\OOPS\Downloads\WholeSaleMavenSpringJPA-master\WholeSaleMavenSpringJPA-master\Tst\src\main\java\lk\ijse\dep\Business\impl\CustomerBOImpl.java,lk.ijse.dep.Business.impl.CustomerBOImpl,updateCustomer/1[lk.ijse.dep.DTO.CustomerDTO],session,1
C:\Users\OOPS\Downloads\WholeSaleMavenSpringJPA-master\WholeSaleMavenSpringJPA-master\Tst\src\main\java\lk\ijse\dep\Business\impl\CustomerBOImpl.java,lk.ijse.dep.Business.impl.CustomerBOImpl,allCustomers/0,customerDAO,2
C:\Users\OOPS\Downloads\WholeSaleMavenSpringJPA-master\WholeSaleMavenSpringJPA-master\Tst\src\main\java\lk\ijse\dep\Business\impl\CustomerBOImpl.java,lk.ijse.dep.Business.impl.CustomerBOImpl,allCustomers/0,session,1
C:\Users\OOPS\Downloads\WholeSaleMavenSpringJPA-master\WholeSaleMavenSpringJPA-master\Tst\src\main\java\lk\ijse\dep\Business\impl\CustomerBOImpl.java,lk.ijse.dep.Business.impl.CustomerBOImpl,saveCustomer/1[lk.ijse.dep.DTO.CustomerDTO],customerDAO,1
C:\Users\OOPS\Downloads\WholeSaleMavenSpringJPA-master\WholeSaleMavenSpringJPA-master\Tst\src\main\java\lk\ijse\dep\Business\impl\CustomerBOImpl.java,lk.ijse.dep.Business.impl.CustomerBOImpl,saveCustomer/1[lk.ijse.dep.DTO.CustomerDTO],session,1
C:\Users\OOPS\Downloads\WholeSaleMavenSpringJPA-master\WholeSaleMavenSpringJPA-master\Tst\src\main\java\lk\ijse\dep\Business\impl\CustomerBOImpl.java,lk.ijse.dep.Business.impl.CustomerBOImpl,deleteCustomer/1[java.lang.String],customerDAO,2
C:\Users\OOPS\Downloads\WholeSaleMavenSpringJPA-master\WholeSaleMavenSpringJPA-master\Tst\src\main\java\lk\ijse\dep\Business\impl\CustomerBOImpl.java,lk.ijse.dep.Business.impl.CustomerBOImpl,deleteCustomer/1[java.lang.String],session,1
C:\Users\OOPS\Downloads\WholeSaleMavenSpringJPA-master\WholeSaleMavenSpringJPA-master\Tst\src\main\java\lk\ijse\dep\DAO\custom\Impl\OrderItemsDAOImpl.java,lk.ijse.dep.DAO.custom.Impl.OrderItemsDAOImpl,update/1[lk.ijse.dep.Entities.OrderItems],session,1
C:\Users\OOPS\Downloads\WholeSaleMavenSpringJPA-master\WholeSaleMavenSpringJPA-master\Tst\src\main\java\lk\ijse\dep\DAO\custom\Impl\OrderItemsDAOImpl.java,lk.ijse.dep.DAO.custom.Impl.OrderItemsDAOImpl,find/1[lk.ijse.dep.Entities.OrderItemsPK],session,1
C:\Users\OOPS\Downloads\WholeSaleMavenSpringJPA-master\WholeSaleMavenSpringJPA-master\Tst\src\main\java\lk\ijse\dep\DAO\custom\Impl\OrderItemsDAOImpl.java,lk.ijse.dep.DAO.custom.Impl.OrderItemsDAOImpl,save/1[lk.ijse.dep.Entities.OrderItems],session,1
C:\Users\OOPS\Downloads\WholeSaleMavenSpringJPA-master\WholeSaleMavenSpringJPA-master\Tst\src\main\java\lk\ijse\dep\DAO\custom\Impl\OrderItemsDAOImpl.java,lk.ijse.dep.DAO.custom.Impl.OrderItemsDAOImpl,getSession/0,session,1
C:\Users\OOPS\Downloads\WholeSaleMavenSpringJPA-master\WholeSaleMavenSpringJPA-master\Tst\src\main\java\lk\ijse\dep\DAO\custom\Impl\OrderItemsDAOImpl.java,lk.ijse.dep.DAO.custom.Impl.OrderItemsDAOImpl,"updateQtyOnHand/2[java.lang.String,java.lang.String]",session,1
C:\Users\OOPS\Downloads\WholeSaleMavenSpringJPA-master\WholeSaleMavenSpringJPA-master\Tst\src\main\java\lk\ijse\dep\DAO\custom\Impl\OrderItemsDAOImpl.java,lk.ijse.dep.DAO.custom.Impl.OrderItemsDAOImpl,findAll/0,session,1
C:\Users\OOPS\Downloads\WholeSaleMavenSpringJPA-master\WholeSaleMavenSpringJPA-master\Tst\src\main\java\lk\ijse\dep\DAO\custom\Impl\OrderItemsDAOImpl.java,lk.ijse.dep.DAO.custom.Impl.OrderItemsDAOImpl,setSession/1[lk.ijse.dep.DAO.custom.Impl.EntityManager],session,3
C:\Users\OOPS\Downloads\WholeSaleMavenSpringJPA-master\WholeSaleMavenSpringJPA-master\Tst\src\main\java\lk\ijse\dep\DAO\custom\Impl\OrderItemsDAOImpl.java,lk.ijse.dep.DAO.custom.Impl.OrderItemsDAOImpl,delete/1[lk.ijse.dep.Entities.OrderItemsPK],session,1
C:\Users\OOPS\Downloads\WholeSaleMavenSpringJPA-master\WholeSaleMavenSpringJPA-master\Tst\src\main\java\lk\ijse\dep\AppInitializer.java,lk.ijse.dep.AppInitializer,start/1[lk.ijse.dep.Stage],ctx,3
C:\Users\OOPS\Downloads\WholeSaleMavenSpringJPA-master\WholeSaleMavenSpringJPA-master\Tst\src\main\java\lk\ijse\dep\DAO\custom\Impl\ItemDAOImpl.java,lk.ijse.dep.DAO.custom.Impl.ItemDAOImpl,update/1[lk.ijse.dep.Entities.Item],session,1
C:\Users\OOPS\Downloads\WholeSaleMavenSpringJPA-master\WholeSaleMavenSpringJPA-master\Tst\src\main\java\lk\ijse\dep\DAO\custom\Impl\ItemDAOImpl.java,lk.ijse.dep.DAO.custom.Impl.ItemDAOImpl,delete/1[java.lang.String],session,2
C:\Users\OOPS\Downloads\WholeSaleMavenSpringJPA-master\WholeSaleMavenSpringJPA-master\Tst\src\main\java\lk\ijse\dep\DAO\custom\Impl\ItemDAOImpl.java,lk.ijse.dep.DAO.custom.Impl.ItemDAOImpl,find/1[java.lang.String],session,1
C:\Users\OOPS\Downloads\WholeSaleMavenSpringJPA-master\WholeSaleMavenSpringJPA-master\Tst\src\main\java\lk\ijse\dep\DAO\custom\Impl\ItemDAOImpl.java,lk.ijse.dep.DAO.custom.Impl.ItemDAOImpl,setSession/1[lk.ijse.dep.DAO.custom.Impl.EntityManager],session,3
C:\Users\OOPS\Downloads\WholeSaleMavenSpringJPA-master\WholeSaleMavenSpringJPA-master\Tst\src\main\java\lk\ijse\dep\DAO\custom\Impl\ItemDAOImpl.java,lk.ijse.dep.DAO.custom.Impl.ItemDAOImpl,findAll/0,session,1
C:\Users\OOPS\Downloads\WholeSaleMavenSpringJPA-master\WholeSaleMavenSpringJPA-master\Tst\src\main\java\lk\ijse\dep\DAO\custom\Impl\ItemDAOImpl.java,lk.ijse.dep.DAO.custom.Impl.ItemDAOImpl,getSession/0,session,1
C:\Users\OOPS\Downloads\WholeSaleMavenSpringJPA-master\WholeSaleMavenSpringJPA-master\Tst\src\main\java\lk\ijse\dep\DAO\custom\Impl\ItemDAOImpl.java,lk.ijse.dep.DAO.custom.Impl.ItemDAOImpl,save/1[lk.ijse.dep.Entities.Item],session,1
C:\Users\OOPS\Downloads\WholeSaleMavenSpringJPA-master\WholeSaleMavenSpringJPA-master\Tst\src\main\java\lk\ijse\dep\Controller\OrderItemController.java,lk.ijse.dep.Controller.OrderItemController,updateRow/1[lk.ijse.dep.Controller.ActionEvent],txt_qty,5
C:\Users\OOPS\Downloads\WholeSaleMavenSpringJPA-master\WholeSaleMavenSpringJPA-master\Tst\src\main\java\lk\ijse\dep\Controller\OrderItemController.java,lk.ijse.dep.Controller.OrderItemController,updateRow/1[lk.ijse.dep.Controller.ActionEvent],quantityOnHandList,2
C:\Users\OOPS\Downloads\WholeSaleMavenSpringJPA-master\WholeSaleMavenSpringJPA-master\Tst\src\main\java\lk\ijse\dep\Controller\OrderItemController.java,lk.ijse.dep.Controller.OrderItemController,updateRow/1[lk.ijse.dep.Controller.ActionEvent],txt_price,2
C:\Users\OOPS\Downloads\WholeSaleMavenSpringJPA-master\WholeSaleMavenSpringJPA-master\Tst\src\main\java\lk\ijse\dep\Controller\OrderItemController.java,lk.ijse.dep.Controller.OrderItemController,updateRow/1[lk.ijse.dep.Controller.ActionEvent],tbl_order,2
C:\Users\OOPS\Downloads\WholeSaleMavenSpringJPA-master\WholeSaleMavenSpringJPA-master\Tst\src\main\java\lk\ijse\dep\Controller\OrderItemController.java,lk.ijse.dep.Controller.OrderItemController,updateRow/1[lk.ijse.dep.Controller.ActionEvent],txt_qtyonhand,2
C:\Users\OOPS\Downloads\WholeSaleMavenSpringJPA-master\WholeSaleMavenSpringJPA-master\Tst\src\main\java\lk\ijse\dep\Controller\OrderItemController.java,lk.ijse.dep.Controller.OrderItemController,updateRow/1[lk.ijse.dep.Controller.ActionEvent],cmb_itemcode,1
C:\Users\OOPS\Downloads\WholeSaleMavenSpringJPA-master\WholeSaleMavenSpringJPA-master\Tst\src\main\java\lk\ijse\dep\Controller\OrderItemController.java,lk.ijse.dep.Controller.OrderItemController,updateRow/1[lk.ijse.dep.Controller.ActionEvent],txt_description,1
C:\Users\OOPS\Downloads\WholeSaleMavenSpringJPA-master\WholeSaleMavenSpringJPA-master\Tst\src\main\java\lk\ijse\dep\Controller\OrderItemController.java,lk.ijse.dep.Controller.OrderItemController,addItem/1[lk.ijse.dep.Controller.ActionEvent],txt_qty,4
C:\Users\OOPS\Downloads\WholeSaleMavenSpringJPA-master\WholeSaleMavenSpringJPA-master\Tst\src\main\java\lk\ijse\dep\Controller\OrderItemController.java,lk.ijse.dep.Controller.OrderItemController,addItem/1[lk.ijse.dep.Controller.ActionEvent],quantityOnHandList,6
C:\Users\OOPS\Downloads\WholeSaleMavenSpringJPA-master\WholeSaleMavenSpringJPA-master\Tst\src\main\java\lk\ijse\dep\Controller\OrderItemController.java,lk.ijse.dep.Controller.OrderItemController,addItem/1[lk.ijse.dep.Controller.ActionEvent],txt_price,1
C:\Users\OOPS\Downloads\WholeSaleMavenSpringJPA-master\WholeSaleMavenSpringJPA-master\Tst\src\main\java\lk\ijse\dep\Controller\OrderItemController.java,lk.ijse.dep.Controller.OrderItemController,addItem/1[lk.ijse.dep.Controller.ActionEvent],tbl_order,1
C:\Users\OOPS\Downloads\WholeSaleMavenSpringJPA-master\WholeSaleMavenSpringJPA-master\Tst\src\main\java\lk\ijse\dep\Controller\OrderItemController.java,lk.ijse.dep.Controller.OrderItemController,addItem/1[lk.ijse.dep.Controller.ActionEvent],txt_qtyonhand,7
C:\Users\OOPS\Downloads\WholeSaleMavenSpringJPA-master\WholeSaleMavenSpringJPA-master\Tst\src\main\java\lk\ijse\dep\Controller\OrderItemController.java,lk.ijse.dep.Controller.OrderItemController,addItem/1[lk.ijse.dep.Controller.ActionEvent],cmb_itemcode,3
C:\Users\OOPS\Downloads\WholeSaleMavenSpringJPA-master\WholeSaleMavenSpringJPA-master\Tst\src\main\java\lk\ijse\dep\Controller\OrderItemController.java,lk.ijse.dep.Controller.OrderItemController,addItem/1[lk.ijse.dep.Controller.ActionEvent],txt_description,1
C:\Users\OOPS\Downloads\WholeSaleMavenSpringJPA-master\WholeSaleMavenSpringJPA-master\Tst\src\main\java\lk\ijse\dep\Controller\OrderItemController.java,lk.ijse.dep.Controller.OrderItemController,purchaseOrder/1[lk.ijse.dep.Controller.ActionEvent],quantityOnHandList,2
C:\Users\OOPS\Downloads\WholeSaleMavenSpringJPA-master\WholeSaleMavenSpringJPA-master\Tst\src\main\java\lk\ijse\dep\Controller\OrderItemController.java,lk.ijse.dep.Controller.OrderItemController,purchaseOrder/1[lk.ijse.dep.Controller.ActionEvent],orderId,3
C:\Users\OOPS\Downloads\WholeSaleMavenSpringJPA-master\WholeSaleMavenSpringJPA-master\Tst\src\main\java\lk\ijse\dep\Controller\OrderItemController.java,lk.ijse.dep.Controller.OrderItemController,purchaseOrder/1[lk.ijse.dep.Controller.ActionEvent],txt_odate,1
C:\Users\OOPS\Downloads\WholeSaleMavenSpringJPA-master\WholeSaleMavenSpringJPA-master\Tst\src\main\java\lk\ijse\dep\Controller\OrderItemController.java,lk.ijse.dep.Controller.OrderItemController,purchaseOrder/1[lk.ijse.dep.Controller.ActionEvent],tbl_order,1
C:\Users\OOPS\Downloads\WholeSaleMavenSpringJPA-master\WholeSaleMavenSpringJPA-master\Tst\src\main\java\lk\ijse\dep\Controller\OrderItemController.java,lk.ijse.dep.Controller.OrderItemController,purchaseOrder/1[lk.ijse.dep.Controller.ActionEvent],txt_oid,3
C:\Users\OOPS\Downloads\WholeSaleMavenSpringJPA-master\WholeSaleMavenSpringJPA-master\Tst\src\main\java\lk\ijse\dep\Controller\OrderItemController.java,lk.ijse.dep.Controller.OrderItemController,purchaseOrder/1[lk.ijse.dep.Controller.ActionEvent],cmb_cid,3
C:\Users\OOPS\Downloads\WholeSaleMavenSpringJPA-master\WholeSaleMavenSpringJPA-master\Tst\src\main\java\lk\ijse\dep\Controller\OrderItemController.java,lk.ijse.dep.Controller.OrderItemController,initialize/0,txt_qty,1
C:\Users\OOPS\Downloads\WholeSaleMavenSpringJPA-master\WholeSaleMavenSpringJPA-master\Tst\src\main\java\lk\ijse\dep\Controller\OrderItemController.java,lk.ijse.dep.Controller.OrderItemController,initialize/0,con,2
C:\Users\OOPS\Downloads\WholeSaleMavenSpringJPA-master\WholeSaleMavenSpringJPA-master\Tst\src\main\java\lk\ijse\dep\Controller\OrderItemController.java,lk.ijse.dep.Controller.OrderItemController,initialize/0,txt_price,1
C:\Users\OOPS\Downloads\WholeSaleMavenSpringJPA-master\WholeSaleMavenSpringJPA-master\Tst\src\main\java\lk\ijse\dep\Controller\OrderItemController.java,lk.ijse.dep.Controller.OrderItemController,initialize/0,orderId,5
C:\Users\OOPS\Downloads\WholeSaleMavenSpringJPA-master\WholeSaleMavenSpringJPA-master\Tst\src\main\java\lk\ijse\dep\Controller\OrderItemController.java,lk.ijse.dep.Controller.OrderItemController,initialize/0,txt_odate,2
C:\Users\OOPS\Downloads\WholeSaleMavenSpringJPA-master\WholeSaleMavenSpringJPA-master\Tst\src\main\java\lk\ijse\dep\Controller\OrderItemController.java,lk.ijse.dep.Controller.OrderItemController,initialize/0,tbl_order,7
C:\Users\OOPS\Downloads\WholeSaleMavenSpringJPA-master\WholeSaleMavenSpringJPA-master\Tst\src\main\java\lk\ijse\dep\Controller\OrderItemController.java,lk.ijse.dep.Controller.OrderItemController,initialize/0,txt_cusname,1
C:\Users\OOPS\Downloads\WholeSaleMavenSpringJPA-master\WholeSaleMavenSpringJPA-master\Tst\src\main\java\lk\ijse\dep\Controller\OrderItemController.java,lk.ijse.dep.Controller.OrderItemController,initialize/0,txt_qtyonhand,1
C:\Users\OOPS\Downloads\WholeSaleMavenSpringJPA-master\WholeSaleMavenSpringJPA-master\Tst\src\main\java\lk\ijse\dep\Controller\OrderItemController.java,lk.ijse.dep.Controller.OrderItemController,initialize/0,cmb_itemcode,2
C:\Users\OOPS\Downloads\WholeSaleMavenSpringJPA-master\WholeSaleMavenSpringJPA-master\Tst\src\main\java\lk\ijse\dep\Controller\OrderItemController.java,lk.ijse.dep.Controller.OrderItemController,initialize/0,cmb_cid,2
C:\Users\OOPS\Downloads\WholeSaleMavenSpringJPA-master\WholeSaleMavenSpringJPA-master\Tst\src\main\java\lk\ijse\dep\Controller\OrderItemController.java,lk.ijse.dep.Controller.OrderItemController,initialize/0,txt_description,1
C:\Users\OOPS\Downloads\WholeSaleMavenSpringJPA-master\WholeSaleMavenSpringJPA-master\Tst\src\main\java\lk\ijse\dep\Controller\OrderItemController.java,lk.ijse.dep.Controller.OrderItemController,initialize/0,btn_add,1
C:\Users\OOPS\Downloads\WholeSaleMavenSpringJPA-master\WholeSaleMavenSpringJPA-master\Tst\src\main\java\lk\ijse\dep\Controller\OrderItemController.java,lk.ijse.dep.Controller.OrderItemController,initialize/0,quantityOnHandList,1
C:\Users\OOPS\Downloads\WholeSaleMavenSpringJPA-master\WholeSaleMavenSpringJPA-master\Tst\src\main\java\lk\ijse\dep\Controller\OrderItemController.java,lk.ijse.dep.Controller.OrderItemController,initialize/0,txt_oid,2
C:\Users\OOPS\Downloads\WholeSaleMavenSpringJPA-master\WholeSaleMavenSpringJPA-master\Tst\src\main\java\lk\ijse\dep\Controller\OrderItemController.java,lk.ijse.dep.Controller.OrderItemController,initialize/0,btn_update,1
C:\Users\OOPS\Downloads\WholeSaleMavenSpringJPA-master\WholeSaleMavenSpringJPA-master\Tst\src\main\java\lk\ijse\dep\Controller\OrderItemController.java,lk.ijse.dep.Controller.OrderItemController,findTot/0,txt_total,1
C:\Users\OOPS\Downloads\WholeSaleMavenSpringJPA-master\WholeSaleMavenSpringJPA-master\Tst\src\main\java\lk\ijse\dep\Controller\OrderItemController.java,lk.ijse.dep.Controller.OrderItemController,findTot/0,tbl_order,1
C:\Users\OOPS\Downloads\WholeSaleMavenSpringJPA-master\WholeSaleMavenSpringJPA-master\Tst\src\main\java\lk\ijse\dep\Controller\OrderItemController.java,lk.ijse.dep.Controller.OrderItemController,backToDashboard/1[lk.ijse.dep.Controller.ActionEvent],tbl_order,1
C:\Users\OOPS\Downloads\WholeSaleMavenSpringJPA-master\WholeSaleMavenSpringJPA-master\Tst\src\main\java\lk\ijse\dep\Controller\OrderItemController.java,lk.ijse.dep.Controller.OrderItemController,addNeworder/1[lk.ijse.dep.Controller.ActionEvent],txt_qty,1
C:\Users\OOPS\Downloads\WholeSaleMavenSpringJPA-master\WholeSaleMavenSpringJPA-master\Tst\src\main\java\lk\ijse\dep\Controller\OrderItemController.java,lk.ijse.dep.Controller.OrderItemController,addNeworder/1[lk.ijse.dep.Controller.ActionEvent],btn_add,1
C:\Users\OOPS\Downloads\WholeSaleMavenSpringJPA-master\WholeSaleMavenSpringJPA-master\Tst\src\main\java\lk\ijse\dep\Controller\OrderItemController.java,lk.ijse.dep.Controller.OrderItemController,addNeworder/1[lk.ijse.dep.Controller.ActionEvent],cmb_itemcode,2
C:\Users\OOPS\Downloads\WholeSaleMavenSpringJPA-master\WholeSaleMavenSpringJPA-master\Tst\src\main\java\lk\ijse\dep\Controller\OrderItemController.java,lk.ijse.dep.Controller.OrderItemController,addNeworder/1[lk.ijse.dep.Controller.ActionEvent],btn_update,1
C:\Users\OOPS\Downloads\WholeSaleMavenSpringJPA-master\WholeSaleMavenSpringJPA-master\Tst\src\main\java\lk\ijse\dep\Entities\Customer.java,lk.ijse.dep.Entities.Customer,getAddress/0,address,1
C:\Users\OOPS\Downloads\WholeSaleMavenSpringJPA-master\WholeSaleMavenSpringJPA-master\Tst\src\main\java\lk\ijse\dep\Entities\Customer.java,lk.ijse.dep.Entities.Customer,"Customer/3[java.lang.String,java.lang.String,java.lang.String]",address,3
C:\Users\OOPS\Downloads\WholeSaleMavenSpringJPA-master\WholeSaleMavenSpringJPA-master\Tst\src\main\java\lk\ijse\dep\Entities\Customer.java,lk.ijse.dep.Entities.Customer,"Customer/3[java.lang.String,java.lang.String,java.lang.String]",name,3
C:\Users\OOPS\Downloads\WholeSaleMavenSpringJPA-master\WholeSaleMavenSpringJPA-master\Tst\src\main\java\lk\ijse\dep\Entities\Customer.java,lk.ijse.dep.Entities.Customer,"Customer/3[java.lang.String,java.lang.String,java.lang.String]",id,3
C:\Users\OOPS\Downloads\WholeSaleMavenSpringJPA-master\WholeSaleMavenSpringJPA-master\Tst\src\main\java\lk\ijse\dep\Entities\Customer.java,lk.ijse.dep.Entities.Customer,toString/0,address,1
C:\Users\OOPS\Downloads\WholeSaleMavenSpringJPA-master\WholeSaleMavenSpringJPA-master\Tst\src\main\java\lk\ijse\dep\Entities\Customer.java,lk.ijse.dep.Entities.Customer,toString/0,name,1
C:\Users\OOPS\Downloads\WholeSaleMavenSpringJPA-master\WholeSaleMavenSpringJPA-master\Tst\src\main\java\lk\ijse\dep\Entities\Customer.java,lk.ijse.dep.Entities.Customer,toString/0,id,1
C:\Users\OOPS\Downloads\WholeSaleMavenSpringJPA-master\WholeSaleMavenSpringJPA-master\Tst\src\main\java\lk\ijse\dep\Entities\Customer.java,lk.ijse.dep.Entities.Customer,setId/1[java.lang.String],id,3
C:\Users\OOPS\Downloads\WholeSaleMavenSpringJPA-master\WholeSaleMavenSpringJPA-master\Tst\src\main\java\lk\ijse\dep\Entities\Customer.java,lk.ijse.dep.Entities.Customer,setAddress/1[java.lang.String],address,3
C:\Users\OOPS\Downloads\WholeSaleMavenSpringJPA-master\WholeSaleMavenSpringJPA-master\Tst\src\main\java\lk\ijse\dep\Entities\Customer.java,lk.ijse.dep.Entities.Customer,getOrderDetails/0,orderDetails,1
C:\Users\OOPS\Downloads\WholeSaleMavenSpringJPA-master\WholeSaleMavenSpringJPA-master\Tst\src\main\java\lk\ijse\dep\Entities\Customer.java,lk.ijse.dep.Entities.Customer,setOrderDetails/1[java.util.List<lk.ijse.dep.Entities.OrderDetails>],orderDetails,3
C:\Users\OOPS\Downloads\WholeSaleMavenSpringJPA-master\WholeSaleMavenSpringJPA-master\Tst\src\main\java\lk\ijse\dep\Entities\Customer.java,lk.ijse.dep.Entities.Customer,getName/0,name,1
C:\Users\OOPS\Downloads\WholeSaleMavenSpringJPA-master\WholeSaleMavenSpringJPA-master\Tst\src\main\java\lk\ijse\dep\Entities\Customer.java,lk.ijse.dep.Entities.Customer,setName/1[java.lang.String],name,3
C:\Users\OOPS\Downloads\WholeSaleMavenSpringJPA-master\WholeSaleMavenSpringJPA-master\Tst\src\main\java\lk\ijse\dep\Entities\Customer.java,lk.ijse.dep.Entities.Customer,getId/0,id,1
C:\Users\OOPS\Downloads\WholeSaleMavenSpringJPA-master\WholeSaleMavenSpringJPA-master\Tst\src\main\java\lk\ijse\dep\UtilityClasses\OnHandQunatites.java,lk.ijse.dep.UtilityClasses.OnHandQunatites,getQunatityOnHand/0,qunatityOnHand,1
C:\Users\OOPS\Downloads\WholeSaleMavenSpringJPA-master\WholeSaleMavenSpringJPA-master\Tst\src\main\java\lk\ijse\dep\UtilityClasses\OnHandQunatites.java,lk.ijse.dep.UtilityClasses.OnHandQunatites,"OnHandQunatites/2[java.lang.String,java.lang.String]",itemCode,3
C:\Users\OOPS\Downloads\WholeSaleMavenSpringJPA-master\WholeSaleMavenSpringJPA-master\Tst\src\main\java\lk\ijse\dep\UtilityClasses\OnHandQunatites.java,lk.ijse.dep.UtilityClasses.OnHandQunatites,"OnHandQunatites/2[java.lang.String,java.lang.String]",qunatityOnHand,3
C:\Users\OOPS\Downloads\WholeSaleMavenSpringJPA-master\WholeSaleMavenSpringJPA-master\Tst\src\main\java\lk\ijse\dep\UtilityClasses\OnHandQunatites.java,lk.ijse.dep.UtilityClasses.OnHandQunatites,setItemCode/1[java.lang.String],itemCode,3
C:\Users\OOPS\Downloads\WholeSaleMavenSpringJPA-master\WholeSaleMavenSpringJPA-master\Tst\src\main\java\lk\ijse\dep\UtilityClasses\OnHandQunatites.java,lk.ijse.dep.UtilityClasses.OnHandQunatites,getItemCode/0,itemCode,1
C:\Users\OOPS\Downloads\WholeSaleMavenSpringJPA-master\WholeSaleMavenSpringJPA-master\Tst\src\main\java\lk\ijse\dep\UtilityClasses\OnHandQunatites.java,lk.ijse.dep.UtilityClasses.OnHandQunatites,setQunatityOnHand/1[java.lang.String],qunatityOnHand,3
C:\Users\OOPS\Downloads\WholeSaleMavenSpringJPA-master\WholeSaleMavenSpringJPA-master\Tst\src\main\java\lk\ijse\dep\Controller\SearchOrderController.java,lk.ijse.dep.Controller.SearchOrderController,initialize/0,tbl_allOrder,7
C:\Users\OOPS\Downloads\WholeSaleMavenSpringJPA-master\WholeSaleMavenSpringJPA-master\Tst\src\main\java\lk\ijse\dep\Controller\SearchOrderController.java,lk.ijse.dep.Controller.SearchOrderController,initialize/0,txt_search,1
C:\Users\OOPS\Downloads\WholeSaleMavenSpringJPA-master\WholeSaleMavenSpringJPA-master\Tst\src\main\java\lk\ijse\dep\Entities\OrderItemsPK.java,lk.ijse.dep.Entities.OrderItemsPK,getItemcode/0,itemcode,1
C:\Users\OOPS\Downloads\WholeSaleMavenSpringJPA-master\WholeSaleMavenSpringJPA-master\Tst\src\main\java\lk\ijse\dep\Entities\OrderItemsPK.java,lk.ijse.dep.Entities.OrderItemsPK,setOrderid/1[java.lang.String],orderid,3
C:\Users\OOPS\Downloads\WholeSaleMavenSpringJPA-master\WholeSaleMavenSpringJPA-master\Tst\src\main\java\lk\ijse\dep\Entities\OrderItemsPK.java,lk.ijse.dep.Entities.OrderItemsPK,"OrderItemsPK/2[java.lang.String,java.lang.String]",orderid,3
C:\Users\OOPS\Downloads\WholeSaleMavenSpringJPA-master\WholeSaleMavenSpringJPA-master\Tst\src\main\java\lk\ijse\dep\Entities\OrderItemsPK.java,lk.ijse.dep.Entities.OrderItemsPK,"OrderItemsPK/2[java.lang.String,java.lang.String]",itemcode,3
C:\Users\OOPS\Downloads\WholeSaleMavenSpringJPA-master\WholeSaleMavenSpringJPA-master\Tst\src\main\java\lk\ijse\dep\Entities\OrderItemsPK.java,lk.ijse.dep.Entities.OrderItemsPK,getOrderid/0,orderid,1
C:\Users\OOPS\Downloads\WholeSaleMavenSpringJPA-master\WholeSaleMavenSpringJPA-master\Tst\src\main\java\lk\ijse\dep\Entities\OrderItemsPK.java,lk.ijse.dep.Entities.OrderItemsPK,setItemcode/1[java.lang.String],itemcode,3
C:\Users\OOPS\Downloads\WholeSaleMavenSpringJPA-master\WholeSaleMavenSpringJPA-master\Tst\src\main\java\lk\ijse\dep\DTO\OrderItemDTO.java,lk.ijse.dep.DTO.OrderItemDTO,setOrderid/1[java.lang.String],orderid,3
C:\Users\OOPS\Downloads\WholeSaleMavenSpringJPA-master\WholeSaleMavenSpringJPA-master\Tst\src\main\java\lk\ijse\dep\DTO\OrderItemDTO.java,lk.ijse.dep.DTO.OrderItemDTO,setItemcode/1[java.lang.String],itemcode,3
C:\Users\OOPS\Downloads\WholeSaleMavenSpringJPA-master\WholeSaleMavenSpringJPA-master\Tst\src\main\java\lk\ijse\dep\DTO\OrderItemDTO.java,lk.ijse.dep.DTO.OrderItemDTO,getOrderid/0,orderid,1
C:\Users\OOPS\Downloads\WholeSaleMavenSpringJPA-master\WholeSaleMavenSpringJPA-master\Tst\src\main\java\lk\ijse\dep\DTO\OrderItemDTO.java,lk.ijse.dep.DTO.OrderItemDTO,setQty/1[java.lang.String],qty,3
C:\Users\OOPS\Downloads\WholeSaleMavenSpringJPA-master\WholeSaleMavenSpringJPA-master\Tst\src\main\java\lk\ijse\dep\DTO\OrderItemDTO.java,lk.ijse.dep.DTO.OrderItemDTO,getQty/0,qty,1
C:\Users\OOPS\Downloads\WholeSaleMavenSpringJPA-master\WholeSaleMavenSpringJPA-master\Tst\src\main\java\lk\ijse\dep\DTO\OrderItemDTO.java,lk.ijse.dep.DTO.OrderItemDTO,getItemcode/0,itemcode,1
C:\Users\OOPS\Downloads\WholeSaleMavenSpringJPA-master\WholeSaleMavenSpringJPA-master\Tst\src\main\java\lk\ijse\dep\DTO\OrderItemDTO.java,lk.ijse.dep.DTO.OrderItemDTO,"OrderItemDTO/3[java.lang.String,java.lang.String,java.lang.String]",orderid,3
C:\Users\OOPS\Downloads\WholeSaleMavenSpringJPA-master\WholeSaleMavenSpringJPA-master\Tst\src\main\java\lk\ijse\dep\DTO\OrderItemDTO.java,lk.ijse.dep.DTO.OrderItemDTO,"OrderItemDTO/3[java.lang.String,java.lang.String,java.lang.String]",itemcode,3
C:\Users\OOPS\Downloads\WholeSaleMavenSpringJPA-master\WholeSaleMavenSpringJPA-master\Tst\src\main\java\lk\ijse\dep\DTO\OrderItemDTO.java,lk.ijse.dep.DTO.OrderItemDTO,"OrderItemDTO/3[java.lang.String,java.lang.String,java.lang.String]",qty,3
C:\Users\OOPS\Downloads\WholeSaleMavenSpringJPA-master\WholeSaleMavenSpringJPA-master\Tst\src\main\java\lk\ijse\dep\UtilityClasses\Item.java,lk.ijse.dep.UtilityClasses.Item,getQty/0,qty,1
C:\Users\OOPS\Downloads\WholeSaleMavenSpringJPA-master\WholeSaleMavenSpringJPA-master\Tst\src\main\java\lk\ijse\dep\UtilityClasses\Item.java,lk.ijse.dep.UtilityClasses.Item,setCode/1[java.lang.String],code,3
C:\Users\OOPS\Downloads\WholeSaleMavenSpringJPA-master\WholeSaleMavenSpringJPA-master\Tst\src\main\java\lk\ijse\dep\UtilityClasses\Item.java,lk.ijse.dep.UtilityClasses.Item,getDescription/0,description,1
C:\Users\OOPS\Downloads\WholeSaleMavenSpringJPA-master\WholeSaleMavenSpringJPA-master\Tst\src\main\java\lk\ijse\dep\UtilityClasses\Item.java,lk.ijse.dep.UtilityClasses.Item,setQty/1[java.lang.String],qty,3
C:\Users\OOPS\Downloads\WholeSaleMavenSpringJPA-master\WholeSaleMavenSpringJPA-master\Tst\src\main\java\lk\ijse\dep\UtilityClasses\Item.java,lk.ijse.dep.UtilityClasses.Item,setPrice/1[java.lang.String],price,3
C:\Users\OOPS\Downloads\WholeSaleMavenSpringJPA-master\WholeSaleMavenSpringJPA-master\Tst\src\main\java\lk\ijse\dep\UtilityClasses\Item.java,lk.ijse.dep.UtilityClasses.Item,"Item/4[java.lang.String,java.lang.String,java.lang.String,java.lang.String]",code,3
C:\Users\OOPS\Downloads\WholeSaleMavenSpringJPA-master\WholeSaleMavenSpringJPA-master\Tst\src\main\java\lk\ijse\dep\UtilityClasses\Item.java,lk.ijse.dep.UtilityClasses.Item,"Item/4[java.lang.String,java.lang.String,java.lang.String,java.lang.String]",price,3
C:\Users\OOPS\Downloads\WholeSaleMavenSpringJPA-master\WholeSaleMavenSpringJPA-master\Tst\src\main\java\lk\ijse\dep\UtilityClasses\Item.java,lk.ijse.dep.UtilityClasses.Item,"Item/4[java.lang.String,java.lang.String,java.lang.String,java.lang.String]",qty,3
C:\Users\OOPS\Downloads\WholeSaleMavenSpringJPA-master\WholeSaleMavenSpringJPA-master\Tst\src\main\java\lk\ijse\dep\UtilityClasses\Item.java,lk.ijse.dep.UtilityClasses.Item,"Item/4[java.lang.String,java.lang.String,java.lang.String,java.lang.String]",description,3
C:\Users\OOPS\Downloads\WholeSaleMavenSpringJPA-master\WholeSaleMavenSpringJPA-master\Tst\src\main\java\lk\ijse\dep\UtilityClasses\Item.java,lk.ijse.dep.UtilityClasses.Item,getPrice/0,price,1
C:\Users\OOPS\Downloads\WholeSaleMavenSpringJPA-master\WholeSaleMavenSpringJPA-master\Tst\src\main\java\lk\ijse\dep\UtilityClasses\Item.java,lk.ijse.dep.UtilityClasses.Item,getCode/0,code,1
C:\Users\OOPS\Downloads\WholeSaleMavenSpringJPA-master\WholeSaleMavenSpringJPA-master\Tst\src\main\java\lk\ijse\dep\UtilityClasses\Item.java,lk.ijse.dep.UtilityClasses.Item,setDescription/1[java.lang.String],description,3
C:\Users\OOPS\Downloads\WholeSaleMavenSpringJPA-master\WholeSaleMavenSpringJPA-master\Tst\src\main\java\lk\ijse\dep\Business\impl\OrderBOImpl.java,lk.ijse.dep.Business.impl.OrderBOImpl,allItems/0,dao,1
C:\Users\OOPS\Downloads\WholeSaleMavenSpringJPA-master\WholeSaleMavenSpringJPA-master\Tst\src\main\java\lk\ijse\dep\Business\impl\OrderBOImpl.java,lk.ijse.dep.Business.impl.OrderBOImpl,allItems/0,entityManager,1
C:\Users\OOPS\Downloads\WholeSaleMavenSpringJPA-master\WholeSaleMavenSpringJPA-master\Tst\src\main\java\lk\ijse\dep\Business\impl\OrderBOImpl.java,lk.ijse.dep.Business.impl.OrderBOImpl,allItems/0,itemDAO,1
C:\Users\OOPS\Downloads\WholeSaleMavenSpringJPA-master\WholeSaleMavenSpringJPA-master\Tst\src\main\java\lk\ijse\dep\Business\impl\OrderBOImpl.java,lk.ijse.dep.Business.impl.OrderBOImpl,getAllCustomerId/1[lk.ijse.dep.Business.impl.ObservableList],entityManager,1
C:\Users\OOPS\Downloads\WholeSaleMavenSpringJPA-master\WholeSaleMavenSpringJPA-master\Tst\src\main\java\lk\ijse\dep\Business\impl\OrderBOImpl.java,lk.ijse.dep.Business.impl.OrderBOImpl,getAllCustomerId/1[lk.ijse.dep.Business.impl.ObservableList],customerDAO,2
C:\Users\OOPS\Downloads\WholeSaleMavenSpringJPA-master\WholeSaleMavenSpringJPA-master\Tst\src\main\java\lk\ijse\dep\Business\impl\OrderBOImpl.java,lk.ijse.dep.Business.impl.OrderBOImpl,insertOrderItems/1[lk.ijse.dep.DTO.OrderDetailsDTO],entityManager,4
C:\Users\OOPS\Downloads\WholeSaleMavenSpringJPA-master\WholeSaleMavenSpringJPA-master\Tst\src\main\java\lk\ijse\dep\Business\impl\OrderBOImpl.java,lk.ijse.dep.Business.impl.OrderBOImpl,insertOrderItems/1[lk.ijse.dep.DTO.OrderDetailsDTO],dao,2
C:\Users\OOPS\Downloads\WholeSaleMavenSpringJPA-master\WholeSaleMavenSpringJPA-master\Tst\src\main\java\lk\ijse\dep\Business\impl\OrderBOImpl.java,lk.ijse.dep.Business.impl.OrderBOImpl,insertOrderDetails/1[lk.ijse.dep.DTO.OrderDetailsDTO],entityManager,3
C:\Users\OOPS\Downloads\WholeSaleMavenSpringJPA-master\WholeSaleMavenSpringJPA-master\Tst\src\main\java\lk\ijse\dep\Business\impl\OrderBOImpl.java,lk.ijse.dep.Business.impl.OrderBOImpl,insertOrderDetails/1[lk.ijse.dep.DTO.OrderDetailsDTO],orderDetailsDAO,1
C:\Users\OOPS\Downloads\WholeSaleMavenSpringJPA-master\WholeSaleMavenSpringJPA-master\Tst\src\main\java\lk\ijse\dep\Business\impl\OrderBOImpl.java,lk.ijse.dep.Business.impl.OrderBOImpl,qtyGetByCode/1[java.lang.String],orderDetailsDAO,2
C:\Users\OOPS\Downloads\WholeSaleMavenSpringJPA-master\WholeSaleMavenSpringJPA-master\Tst\src\main\java\lk\ijse\dep\Business\impl\OrderBOImpl.java,lk.ijse.dep.Business.impl.OrderBOImpl,qtyGetByCode/1[java.lang.String],entityManager,1
C:\Users\OOPS\Downloads\WholeSaleMavenSpringJPA-master\WholeSaleMavenSpringJPA-master\Tst\src\main\java\lk\ijse\dep\Business\impl\OrderBOImpl.java,lk.ijse.dep.Business.impl.OrderBOImpl,"updateItemQty/2[java.lang.String,java.lang.String]",entityManager,3
C:\Users\OOPS\Downloads\WholeSaleMavenSpringJPA-master\WholeSaleMavenSpringJPA-master\Tst\src\main\java\lk\ijse\dep\Business\impl\OrderBOImpl.java,lk.ijse.dep.Business.impl.OrderBOImpl,"updateItemQty/2[java.lang.String,java.lang.String]",dao,2
C:\Users\OOPS\Downloads\WholeSaleMavenSpringJPA-master\WholeSaleMavenSpringJPA-master\Tst\src\main\java\lk\ijse\dep\Entities\OrderDetails.java,lk.ijse.dep.Entities.OrderDetails,getOrderid/0,orderid,1
C:\Users\OOPS\Downloads\WholeSaleMavenSpringJPA-master\WholeSaleMavenSpringJPA-master\Tst\src\main\java\lk\ijse\dep\Entities\OrderDetails.java,lk.ijse.dep.Entities.OrderDetails,getCusid/0,cusid,1
C:\Users\OOPS\Downloads\WholeSaleMavenSpringJPA-master\WholeSaleMavenSpringJPA-master\Tst\src\main\java\lk\ijse\dep\Entities\OrderDetails.java,lk.ijse.dep.Entities.OrderDetails,getOrderdate/0,orderdate,1
C:\Users\OOPS\Downloads\WholeSaleMavenSpringJPA-master\WholeSaleMavenSpringJPA-master\Tst\src\main\java\lk\ijse\dep\Entities\OrderDetails.java,lk.ijse.dep.Entities.OrderDetails,setOrderdate/1[java.lang.String],orderdate,3
C:\Users\OOPS\Downloads\WholeSaleMavenSpringJPA-master\WholeSaleMavenSpringJPA-master\Tst\src\main\java\lk\ijse\dep\Entities\OrderDetails.java,lk.ijse.dep.Entities.OrderDetails,setOrderid/1[java.lang.String],orderid,3
C:\Users\OOPS\Downloads\WholeSaleMavenSpringJPA-master\WholeSaleMavenSpringJPA-master\Tst\src\main\java\lk\ijse\dep\Entities\OrderDetails.java,lk.ijse.dep.Entities.OrderDetails,setCusid/1[lk.ijse.dep.Entities.Customer],cusid,3
C:\Users\OOPS\Downloads\WholeSaleMavenSpringJPA-master\WholeSaleMavenSpringJPA-master\Tst\src\main\java\lk\ijse\dep\Entities\OrderDetails.java,lk.ijse.dep.Entities.OrderDetails,toString/0,orderid,1
C:\Users\OOPS\Downloads\WholeSaleMavenSpringJPA-master\WholeSaleMavenSpringJPA-master\Tst\src\main\java\lk\ijse\dep\Entities\OrderDetails.java,lk.ijse.dep.Entities.OrderDetails,toString/0,cusid,1
C:\Users\OOPS\Downloads\WholeSaleMavenSpringJPA-master\WholeSaleMavenSpringJPA-master\Tst\src\main\java\lk\ijse\dep\Entities\OrderDetails.java,lk.ijse.dep.Entities.OrderDetails,toString/0,orderdate,1
C:\Users\OOPS\Downloads\WholeSaleMavenSpringJPA-master\WholeSaleMavenSpringJPA-master\Tst\src\main\java\lk\ijse\dep\Entities\OrderDetails.java,lk.ijse.dep.Entities.OrderDetails,"OrderDetails/3[java.lang.String,lk.ijse.dep.Entities.Customer,java.lang.String]",orderid,3
C:\Users\OOPS\Downloads\WholeSaleMavenSpringJPA-master\WholeSaleMavenSpringJPA-master\Tst\src\main\java\lk\ijse\dep\Entities\OrderDetails.java,lk.ijse.dep.Entities.OrderDetails,"OrderDetails/3[java.lang.String,lk.ijse.dep.Entities.Customer,java.lang.String]",cusid,3
C:\Users\OOPS\Downloads\WholeSaleMavenSpringJPA-master\WholeSaleMavenSpringJPA-master\Tst\src\main\java\lk\ijse\dep\Entities\OrderDetails.java,lk.ijse.dep.Entities.OrderDetails,"OrderDetails/3[java.lang.String,lk.ijse.dep.Entities.Customer,java.lang.String]",orderdate,3
C:\Users\OOPS\Downloads\WholeSaleMavenSpringJPA-master\WholeSaleMavenSpringJPA-master\Tst\src\main\java\lk\ijse\dep\Entities\OrderDetails.java,lk.ijse.dep.Entities.OrderDetails,getOrderItems/0,orderItems,1
C:\Users\OOPS\Downloads\WholeSaleMavenSpringJPA-master\WholeSaleMavenSpringJPA-master\Tst\src\main\java\lk\ijse\dep\DTO\OrderDetailsDTO.java,lk.ijse.dep.DTO.OrderDetailsDTO,getOrderdate/0,orderdate,1
C:\Users\OOPS\Downloads\WholeSaleMavenSpringJPA-master\WholeSaleMavenSpringJPA-master\Tst\src\main\java\lk\ijse\dep\DTO\OrderDetailsDTO.java,lk.ijse.dep.DTO.OrderDetailsDTO,setOrderdate/1[java.lang.String],orderdate,3
C:\Users\OOPS\Downloads\WholeSaleMavenSpringJPA-master\WholeSaleMavenSpringJPA-master\Tst\src\main\java\lk\ijse\dep\DTO\OrderDetailsDTO.java,lk.ijse.dep.DTO.OrderDetailsDTO,setOrderid/1[java.lang.String],orderid,3
C:\Users\OOPS\Downloads\WholeSaleMavenSpringJPA-master\WholeSaleMavenSpringJPA-master\Tst\src\main\java\lk\ijse\dep\DTO\OrderDetailsDTO.java,lk.ijse.dep.DTO.OrderDetailsDTO,getOrderid/0,orderid,1
C:\Users\OOPS\Downloads\WholeSaleMavenSpringJPA-master\WholeSaleMavenSpringJPA-master\Tst\src\main\java\lk\ijse\dep\DTO\OrderDetailsDTO.java,lk.ijse.dep.DTO.OrderDetailsDTO,"OrderDetailsDTO/3[java.lang.String,java.lang.String,java.lang.String]",orderid,2
C:\Users\OOPS\Downloads\WholeSaleMavenSpringJPA-master\WholeSaleMavenSpringJPA-master\Tst\src\main\java\lk\ijse\dep\DTO\OrderDetailsDTO.java,lk.ijse.dep.DTO.OrderDetailsDTO,"OrderDetailsDTO/3[java.lang.String,java.lang.String,java.lang.String]",cusid,2
C:\Users\OOPS\Downloads\WholeSaleMavenSpringJPA-master\WholeSaleMavenSpringJPA-master\Tst\src\main\java\lk\ijse\dep\DTO\OrderDetailsDTO.java,lk.ijse.dep.DTO.OrderDetailsDTO,"OrderDetailsDTO/3[java.lang.String,java.lang.String,java.lang.String]",orderdate,2
C:\Users\OOPS\Downloads\WholeSaleMavenSpringJPA-master\WholeSaleMavenSpringJPA-master\Tst\src\main\java\lk\ijse\dep\DTO\OrderDetailsDTO.java,lk.ijse.dep.DTO.OrderDetailsDTO,setCusid/1[java.lang.String],cusid,3
C:\Users\OOPS\Downloads\WholeSaleMavenSpringJPA-master\WholeSaleMavenSpringJPA-master\Tst\src\main\java\lk\ijse\dep\DTO\OrderDetailsDTO.java,lk.ijse.dep.DTO.OrderDetailsDTO,getCusid/0,cusid,1
C:\Users\OOPS\Downloads\WholeSaleMavenSpringJPA-master\WholeSaleMavenSpringJPA-master\Tst\src\main\java\lk\ijse\dep\Controller\DashboardController.java,lk.ijse.dep.Controller.DashboardController,toCustomerManage/1[lk.ijse.dep.Controller.ActionEvent],btn_managecus,1
C:\Users\OOPS\Downloads\WholeSaleMavenSpringJPA-master\WholeSaleMavenSpringJPA-master\Tst\src\main\java\lk\ijse\dep\Controller\DashboardController.java,lk.ijse.dep.Controller.DashboardController,toPlaseOrder/1[lk.ijse.dep.Controller.ActionEvent],btn_managecus,1
C:\Users\OOPS\Downloads\WholeSaleMavenSpringJPA-master\WholeSaleMavenSpringJPA-master\Tst\src\main\java\lk\ijse\dep\Controller\DashboardController.java,lk.ijse.dep.Controller.DashboardController,showOrder/1[lk.ijse.dep.Controller.ActionEvent],btn_managecus,1
C:\Users\OOPS\Downloads\WholeSaleMavenSpringJPA-master\WholeSaleMavenSpringJPA-master\Tst\src\main\java\lk\ijse\dep\Controller\DashboardController.java,lk.ijse.dep.Controller.DashboardController,toItemManage/1[lk.ijse.dep.Controller.ActionEvent],btn_managecus,1
C:\Users\OOPS\Downloads\WholeSaleMavenSpringJPA-master\WholeSaleMavenSpringJPA-master\Tst\src\main\java\lk\ijse\dep\DTO\ItemDTO.java,lk.ijse.dep.DTO.ItemDTO,getQty/0,qty,1
C:\Users\OOPS\Downloads\WholeSaleMavenSpringJPA-master\WholeSaleMavenSpringJPA-master\Tst\src\main\java\lk\ijse\dep\DTO\ItemDTO.java,lk.ijse.dep.DTO.ItemDTO,setCode/1[java.lang.String],code,3
C:\Users\OOPS\Downloads\WholeSaleMavenSpringJPA-master\WholeSaleMavenSpringJPA-master\Tst\src\main\java\lk\ijse\dep\DTO\ItemDTO.java,lk.ijse.dep.DTO.ItemDTO,"ItemDTO/4[java.lang.String,java.lang.String,java.lang.String,java.lang.String]",code,3
C:\Users\OOPS\Downloads\WholeSaleMavenSpringJPA-master\WholeSaleMavenSpringJPA-master\Tst\src\main\java\lk\ijse\dep\DTO\ItemDTO.java,lk.ijse.dep.DTO.ItemDTO,"ItemDTO/4[java.lang.String,java.lang.String,java.lang.String,java.lang.String]",price,3
C:\Users\OOPS\Downloads\WholeSaleMavenSpringJPA-master\WholeSaleMavenSpringJPA-master\Tst\src\main\java\lk\ijse\dep\DTO\ItemDTO.java,lk.ijse.dep.DTO.ItemDTO,"ItemDTO/4[java.lang.String,java.lang.String,java.lang.String,java.lang.String]",qty,3
C:\Users\OOPS\Downloads\WholeSaleMavenSpringJPA-master\WholeSaleMavenSpringJPA-master\Tst\src\main\java\lk\ijse\dep\DTO\ItemDTO.java,lk.ijse.dep.DTO.ItemDTO,"ItemDTO/4[java.lang.String,java.lang.String,java.lang.String,java.lang.String]",description,3
C:\Users\OOPS\Downloads\WholeSaleMavenSpringJPA-master\WholeSaleMavenSpringJPA-master\Tst\src\main\java\lk\ijse\dep\DTO\ItemDTO.java,lk.ijse.dep.DTO.ItemDTO,getDescription/0,description,1
C:\Users\OOPS\Downloads\WholeSaleMavenSpringJPA-master\WholeSaleMavenSpringJPA-master\Tst\src\main\java\lk\ijse\dep\DTO\ItemDTO.java,lk.ijse.dep.DTO.ItemDTO,setQty/1[java.lang.String],qty,3
C:\Users\OOPS\Downloads\WholeSaleMavenSpringJPA-master\WholeSaleMavenSpringJPA-master\Tst\src\main\java\lk\ijse\dep\DTO\ItemDTO.java,lk.ijse.dep.DTO.ItemDTO,setPrice/1[java.lang.String],price,3
C:\Users\OOPS\Downloads\WholeSaleMavenSpringJPA-master\WholeSaleMavenSpringJPA-master\Tst\src\main\java\lk\ijse\dep\DTO\ItemDTO.java,lk.ijse.dep.DTO.ItemDTO,getPrice/0,price,1
C:\Users\OOPS\Downloads\WholeSaleMavenSpringJPA-master\WholeSaleMavenSpringJPA-master\Tst\src\main\java\lk\ijse\dep\DTO\ItemDTO.java,lk.ijse.dep.DTO.ItemDTO,getCode/0,code,1
C:\Users\OOPS\Downloads\WholeSaleMavenSpringJPA-master\WholeSaleMavenSpringJPA-master\Tst\src\main\java\lk\ijse\dep\DTO\ItemDTO.java,lk.ijse.dep.DTO.ItemDTO,setDescription/1[java.lang.String],description,3
C:\Users\OOPS\Downloads\WholeSaleMavenSpringJPA-master\WholeSaleMavenSpringJPA-master\Tst\src\main\java\lk\ijse\dep\Controller\ItemManageController.java,lk.ijse.dep.Controller.ItemManageController,btnSave/1[lk.ijse.dep.Controller.ActionEvent],txt_itmQty,3
C:\Users\OOPS\Downloads\WholeSaleMavenSpringJPA-master\WholeSaleMavenSpringJPA-master\Tst\src\main\java\lk\ijse\dep\Controller\ItemManageController.java,lk.ijse.dep.Controller.ItemManageController,btnSave/1[lk.ijse.dep.Controller.ActionEvent],txt_itemCode,3
C:\Users\OOPS\Downloads\WholeSaleMavenSpringJPA-master\WholeSaleMavenSpringJPA-master\Tst\src\main\java\lk\ijse\dep\Controller\ItemManageController.java,lk.ijse.dep.Controller.ItemManageController,btnSave/1[lk.ijse.dep.Controller.ActionEvent],txt_itmDes,3
C:\Users\OOPS\Downloads\WholeSaleMavenSpringJPA-master\WholeSaleMavenSpringJPA-master\Tst\src\main\java\lk\ijse\dep\Controller\ItemManageController.java,lk.ijse.dep.Controller.ItemManageController,btnSave/1[lk.ijse.dep.Controller.ActionEvent],txt_itmPrice,3
C:\Users\OOPS\Downloads\WholeSaleMavenSpringJPA-master\WholeSaleMavenSpringJPA-master\Tst\src\main\java\lk\ijse\dep\Controller\ItemManageController.java,lk.ijse.dep.Controller.ItemManageController,btnSave/1[lk.ijse.dep.Controller.ActionEvent],tbl_cus,1
C:\Users\OOPS\Downloads\WholeSaleMavenSpringJPA-master\WholeSaleMavenSpringJPA-master\Tst\src\main\java\lk\ijse\dep\Controller\ItemManageController.java,lk.ijse.dep.Controller.ItemManageController,toBack/1[lk.ijse.dep.Controller.ActionEvent],btn_newCus,1
C:\Users\OOPS\Downloads\WholeSaleMavenSpringJPA-master\WholeSaleMavenSpringJPA-master\Tst\src\main\java\lk\ijse\dep\Controller\ItemManageController.java,lk.ijse.dep.Controller.ItemManageController,initialize/0,btn_save,1
C:\Users\OOPS\Downloads\WholeSaleMavenSpringJPA-master\WholeSaleMavenSpringJPA-master\Tst\src\main\java\lk\ijse\dep\Controller\ItemManageController.java,lk.ijse.dep.Controller.ItemManageController,initialize/0,tbl_cus,7
C:\Users\OOPS\Downloads\WholeSaleMavenSpringJPA-master\WholeSaleMavenSpringJPA-master\Tst\src\main\java\lk\ijse\dep\Controller\ItemManageController.java,lk.ijse.dep.Controller.ItemManageController,initialize/0,btn_update,1
C:\Users\OOPS\Downloads\WholeSaleMavenSpringJPA-master\WholeSaleMavenSpringJPA-master\Tst\src\main\java\lk\ijse\dep\Controller\ItemManageController.java,lk.ijse.dep.Controller.ItemManageController,newCus/1[lk.ijse.dep.Controller.ActionEvent],txt_itmQty,1
C:\Users\OOPS\Downloads\WholeSaleMavenSpringJPA-master\WholeSaleMavenSpringJPA-master\Tst\src\main\java\lk\ijse\dep\Controller\ItemManageController.java,lk.ijse.dep.Controller.ItemManageController,newCus/1[lk.ijse.dep.Controller.ActionEvent],txt_itemCode,1
C:\Users\OOPS\Downloads\WholeSaleMavenSpringJPA-master\WholeSaleMavenSpringJPA-master\Tst\src\main\java\lk\ijse\dep\Controller\ItemManageController.java,lk.ijse.dep.Controller.ItemManageController,newCus/1[lk.ijse.dep.Controller.ActionEvent],txt_itmDes,1
C:\Users\OOPS\Downloads\WholeSaleMavenSpringJPA-master\WholeSaleMavenSpringJPA-master\Tst\src\main\java\lk\ijse\dep\Controller\ItemManageController.java,lk.ijse.dep.Controller.ItemManageController,newCus/1[lk.ijse.dep.Controller.ActionEvent],btn_save,1
C:\Users\OOPS\Downloads\WholeSaleMavenSpringJPA-master\WholeSaleMavenSpringJPA-master\Tst\src\main\java\lk\ijse\dep\Controller\ItemManageController.java,lk.ijse.dep.Controller.ItemManageController,newCus/1[lk.ijse.dep.Controller.ActionEvent],txt_itmPrice,1
C:\Users\OOPS\Downloads\WholeSaleMavenSpringJPA-master\WholeSaleMavenSpringJPA-master\Tst\src\main\java\lk\ijse\dep\Controller\ItemManageController.java,lk.ijse.dep.Controller.ItemManageController,newCus/1[lk.ijse.dep.Controller.ActionEvent],btn_update,1
C:\Users\OOPS\Downloads\WholeSaleMavenSpringJPA-master\WholeSaleMavenSpringJPA-master\Tst\src\main\java\lk\ijse\dep\Controller\ItemManageController.java,lk.ijse.dep.Controller.ItemManageController,update/1[lk.ijse.dep.Controller.ActionEvent],txt_itmQty,1
C:\Users\OOPS\Downloads\WholeSaleMavenSpringJPA-master\WholeSaleMavenSpringJPA-master\Tst\src\main\java\lk\ijse\dep\Controller\ItemManageController.java,lk.ijse.dep.Controller.ItemManageController,update/1[lk.ijse.dep.Controller.ActionEvent],txt_itemCode,1
C:\Users\OOPS\Downloads\WholeSaleMavenSpringJPA-master\WholeSaleMavenSpringJPA-master\Tst\src\main\java\lk\ijse\dep\Controller\ItemManageController.java,lk.ijse.dep.Controller.ItemManageController,update/1[lk.ijse.dep.Controller.ActionEvent],txt_itmDes,1
C:\Users\OOPS\Downloads\WholeSaleMavenSpringJPA-master\WholeSaleMavenSpringJPA-master\Tst\src\main\java\lk\ijse\dep\Controller\ItemManageController.java,lk.ijse.dep.Controller.ItemManageController,update/1[lk.ijse.dep.Controller.ActionEvent],tbl_cus,1
C:\Users\OOPS\Downloads\WholeSaleMavenSpringJPA-master\WholeSaleMavenSpringJPA-master\Tst\src\main\java\lk\ijse\dep\Controller\ItemManageController.java,lk.ijse.dep.Controller.ItemManageController,update/1[lk.ijse.dep.Controller.ActionEvent],txt_itmPrice,1
C:\Users\OOPS\Downloads\WholeSaleMavenSpringJPA-master\WholeSaleMavenSpringJPA-master\Tst\src\main\java\lk\ijse\dep\UtilityClasses\Customer.java,lk.ijse.dep.UtilityClasses.Customer,"Customer/3[java.lang.String,java.lang.String,java.lang.String]",address,3
C:\Users\OOPS\Downloads\WholeSaleMavenSpringJPA-master\WholeSaleMavenSpringJPA-master\Tst\src\main\java\lk\ijse\dep\UtilityClasses\Customer.java,lk.ijse.dep.UtilityClasses.Customer,"Customer/3[java.lang.String,java.lang.String,java.lang.String]",name,3
C:\Users\OOPS\Downloads\WholeSaleMavenSpringJPA-master\WholeSaleMavenSpringJPA-master\Tst\src\main\java\lk\ijse\dep\UtilityClasses\Customer.java,lk.ijse.dep.UtilityClasses.Customer,"Customer/3[java.lang.String,java.lang.String,java.lang.String]",id,3
C:\Users\OOPS\Downloads\WholeSaleMavenSpringJPA-master\WholeSaleMavenSpringJPA-master\Tst\src\main\java\lk\ijse\dep\UtilityClasses\Customer.java,lk.ijse.dep.UtilityClasses.Customer,getId/0,id,1
C:\Users\OOPS\Downloads\WholeSaleMavenSpringJPA-master\WholeSaleMavenSpringJPA-master\Tst\src\main\java\lk\ijse\dep\UtilityClasses\Customer.java,lk.ijse.dep.UtilityClasses.Customer,setId/1[java.lang.String],id,3
C:\Users\OOPS\Downloads\WholeSaleMavenSpringJPA-master\WholeSaleMavenSpringJPA-master\Tst\src\main\java\lk\ijse\dep\UtilityClasses\Customer.java,lk.ijse.dep.UtilityClasses.Customer,getName/0,name,1
C:\Users\OOPS\Downloads\WholeSaleMavenSpringJPA-master\WholeSaleMavenSpringJPA-master\Tst\src\main\java\lk\ijse\dep\UtilityClasses\Customer.java,lk.ijse.dep.UtilityClasses.Customer,setName/1[java.lang.String],name,3
C:\Users\OOPS\Downloads\WholeSaleMavenSpringJPA-master\WholeSaleMavenSpringJPA-master\Tst\src\main\java\lk\ijse\dep\UtilityClasses\Customer.java,lk.ijse.dep.UtilityClasses.Customer,getAddress/0,address,1
C:\Users\OOPS\Downloads\WholeSaleMavenSpringJPA-master\WholeSaleMavenSpringJPA-master\Tst\src\main\java\lk\ijse\dep\UtilityClasses\Customer.java,lk.ijse.dep.UtilityClasses.Customer,setAddress/1[java.lang.String],address,3
C:\Users\OOPS\Downloads\WholeSaleMavenSpringJPA-master\WholeSaleMavenSpringJPA-master\Tst\src\main\java\lk\ijse\dep\Controller\VIewOrderController.java,lk.ijse.dep.Controller.VIewOrderController,backToDashboard/1[lk.ijse.dep.Controller.ActionEvent],btn_back,1
C:\Users\OOPS\Downloads\WholeSaleMavenSpringJPA-master\WholeSaleMavenSpringJPA-master\Tst\src\main\java\lk\ijse\dep\Controller\VIewOrderController.java,lk.ijse.dep.Controller.VIewOrderController,initialize/0,txt_total,2
C:\Users\OOPS\Downloads\WholeSaleMavenSpringJPA-master\WholeSaleMavenSpringJPA-master\Tst\src\main\java\lk\ijse\dep\Controller\VIewOrderController.java,lk.ijse.dep.Controller.VIewOrderController,initialize/0,con,2
C:\Users\OOPS\Downloads\WholeSaleMavenSpringJPA-master\WholeSaleMavenSpringJPA-master\Tst\src\main\java\lk\ijse\dep\Controller\VIewOrderController.java,lk.ijse.dep.Controller.VIewOrderController,initialize/0,txt_cusid,2
C:\Users\OOPS\Downloads\WholeSaleMavenSpringJPA-master\WholeSaleMavenSpringJPA-master\Tst\src\main\java\lk\ijse\dep\Controller\VIewOrderController.java,lk.ijse.dep.Controller.VIewOrderController,initialize/0,txt_odate,2
C:\Users\OOPS\Downloads\WholeSaleMavenSpringJPA-master\WholeSaleMavenSpringJPA-master\Tst\src\main\java\lk\ijse\dep\Controller\VIewOrderController.java,lk.ijse.dep.Controller.VIewOrderController,initialize/0,tbl_order,6
C:\Users\OOPS\Downloads\WholeSaleMavenSpringJPA-master\WholeSaleMavenSpringJPA-master\Tst\src\main\java\lk\ijse\dep\Controller\VIewOrderController.java,lk.ijse.dep.Controller.VIewOrderController,initialize/0,txt_cusname,2
C:\Users\OOPS\Downloads\WholeSaleMavenSpringJPA-master\WholeSaleMavenSpringJPA-master\Tst\src\main\java\lk\ijse\dep\Controller\VIewOrderController.java,lk.ijse.dep.Controller.VIewOrderController,initialize/0,txt_oid,2
C:\Users\OOPS\Downloads\WholeSaleMavenSpringJPA-master\WholeSaleMavenSpringJPA-master\Tst\src\main\java\lk\ijse\dep\UtilityClasses\EntityManagerUtil.java,lk.ijse.dep.UtilityClasses.EntityManagerUtil,getInstance/0,entityManagerUtil,2
C:\Users\OOPS\Downloads\WholeSaleMavenSpringJPA-master\WholeSaleMavenSpringJPA-master\Tst\src\main\java\lk\ijse\dep\UtilityClasses\EntityManagerUtil.java,lk.ijse.dep.UtilityClasses.EntityManagerUtil,getManager/0,entityManagerUtil,1
C:\Users\OOPS\Downloads\WholeSaleMavenSpringJPA-master\WholeSaleMavenSpringJPA-master\Tst\src\main\java\lk\ijse\dep\UtilityClasses\Order.java,lk.ijse.dep.UtilityClasses.Order,"Order/5[java.lang.String,java.lang.String,java.lang.String,java.lang.String,java.lang.String]",total,3
C:\Users\OOPS\Downloads\WholeSaleMavenSpringJPA-master\WholeSaleMavenSpringJPA-master\Tst\src\main\java\lk\ijse\dep\UtilityClasses\Order.java,lk.ijse.dep.UtilityClasses.Order,"Order/5[java.lang.String,java.lang.String,java.lang.String,java.lang.String,java.lang.String]",code,3
C:\Users\OOPS\Downloads\WholeSaleMavenSpringJPA-master\WholeSaleMavenSpringJPA-master\Tst\src\main\java\lk\ijse\dep\UtilityClasses\Order.java,lk.ijse.dep.UtilityClasses.Order,"Order/5[java.lang.String,java.lang.String,java.lang.String,java.lang.String,java.lang.String]",price,3
C:\Users\OOPS\Downloads\WholeSaleMavenSpringJPA-master\WholeSaleMavenSpringJPA-master\Tst\src\main\java\lk\ijse\dep\UtilityClasses\Order.java,lk.ijse.dep.UtilityClasses.Order,"Order/5[java.lang.String,java.lang.String,java.lang.String,java.lang.String,java.lang.String]",qty,3
C:\Users\OOPS\Downloads\WholeSaleMavenSpringJPA-master\WholeSaleMavenSpringJPA-master\Tst\src\main\java\lk\ijse\dep\UtilityClasses\Order.java,lk.ijse.dep.UtilityClasses.Order,"Order/5[java.lang.String,java.lang.String,java.lang.String,java.lang.String,java.lang.String]",description,3
C:\Users\OOPS\Downloads\WholeSaleMavenSpringJPA-master\WholeSaleMavenSpringJPA-master\Tst\src\main\java\lk\ijse\dep\UtilityClasses\Order.java,lk.ijse.dep.UtilityClasses.Order,getQty/0,qty,1
C:\Users\OOPS\Downloads\WholeSaleMavenSpringJPA-master\WholeSaleMavenSpringJPA-master\Tst\src\main\java\lk\ijse\dep\UtilityClasses\Order.java,lk.ijse.dep.UtilityClasses.Order,setCode/1[java.lang.String],code,3
C:\Users\OOPS\Downloads\WholeSaleMavenSpringJPA-master\WholeSaleMavenSpringJPA-master\Tst\src\main\java\lk\ijse\dep\UtilityClasses\Order.java,lk.ijse.dep.UtilityClasses.Order,setTotal/1[java.lang.String],total,3
C:\Users\OOPS\Downloads\WholeSaleMavenSpringJPA-master\WholeSaleMavenSpringJPA-master\Tst\src\main\java\lk\ijse\dep\UtilityClasses\Order.java,lk.ijse.dep.UtilityClasses.Order,getPrice/0,price,1
C:\Users\OOPS\Downloads\WholeSaleMavenSpringJPA-master\WholeSaleMavenSpringJPA-master\Tst\src\main\java\lk\ijse\dep\UtilityClasses\Order.java,lk.ijse.dep.UtilityClasses.Order,getTotal/0,total,1
C:\Users\OOPS\Downloads\WholeSaleMavenSpringJPA-master\WholeSaleMavenSpringJPA-master\Tst\src\main\java\lk\ijse\dep\UtilityClasses\Order.java,lk.ijse.dep.UtilityClasses.Order,getDescription/0,description,1
C:\Users\OOPS\Downloads\WholeSaleMavenSpringJPA-master\WholeSaleMavenSpringJPA-master\Tst\src\main\java\lk\ijse\dep\UtilityClasses\Order.java,lk.ijse.dep.UtilityClasses.Order,setQty/1[java.lang.String],qty,3
C:\Users\OOPS\Downloads\WholeSaleMavenSpringJPA-master\WholeSaleMavenSpringJPA-master\Tst\src\main\java\lk\ijse\dep\UtilityClasses\Order.java,lk.ijse.dep.UtilityClasses.Order,getCode/0,code,1
C:\Users\OOPS\Downloads\WholeSaleMavenSpringJPA-master\WholeSaleMavenSpringJPA-master\Tst\src\main\java\lk\ijse\dep\UtilityClasses\Order.java,lk.ijse.dep.UtilityClasses.Order,setDescription/1[java.lang.String],description,3
C:\Users\OOPS\Downloads\WholeSaleMavenSpringJPA-master\WholeSaleMavenSpringJPA-master\Tst\src\main\java\lk\ijse\dep\UtilityClasses\Order.java,lk.ijse.dep.UtilityClasses.Order,setPrice/1[java.lang.String],price,3
C:\Users\OOPS\Downloads\WholeSaleMavenSpringJPA-master\WholeSaleMavenSpringJPA-master\Tst\src\main\java\lk\ijse\dep\Entities\Item.java,lk.ijse.dep.Entities.Item,getCode/0,code,1
C:\Users\OOPS\Downloads\WholeSaleMavenSpringJPA-master\WholeSaleMavenSpringJPA-master\Tst\src\main\java\lk\ijse\dep\Entities\Item.java,lk.ijse.dep.Entities.Item,getDescription/0,description,1
C:\Users\OOPS\Downloads\WholeSaleMavenSpringJPA-master\WholeSaleMavenSpringJPA-master\Tst\src\main\java\lk\ijse\dep\Entities\Item.java,lk.ijse.dep.Entities.Item,setQty/1[java.lang.String],qty,3
C:\Users\OOPS\Downloads\WholeSaleMavenSpringJPA-master\WholeSaleMavenSpringJPA-master\Tst\src\main\java\lk\ijse\dep\Entities\Item.java,lk.ijse.dep.Entities.Item,"Item/4[java.lang.String,java.lang.String,java.lang.String,java.lang.String]",code,3
C:\Users\OOPS\Downloads\WholeSaleMavenSpringJPA-master\WholeSaleMavenSpringJPA-master\Tst\src\main\java\lk\ijse\dep\Entities\Item.java,lk.ijse.dep.Entities.Item,"Item/4[java.lang.String,java.lang.String,java.lang.String,java.lang.String]",price,3
C:\Users\OOPS\Downloads\WholeSaleMavenSpringJPA-master\WholeSaleMavenSpringJPA-master\Tst\src\main\java\lk\ijse\dep\Entities\Item.java,lk.ijse.dep.Entities.Item,"Item/4[java.lang.String,java.lang.String,java.lang.String,java.lang.String]",qty,3
C:\Users\OOPS\Downloads\WholeSaleMavenSpringJPA-master\WholeSaleMavenSpringJPA-master\Tst\src\main\java\lk\ijse\dep\Entities\Item.java,lk.ijse.dep.Entities.Item,"Item/4[java.lang.String,java.lang.String,java.lang.String,java.lang.String]",description,3
C:\Users\OOPS\Downloads\WholeSaleMavenSpringJPA-master\WholeSaleMavenSpringJPA-master\Tst\src\main\java\lk\ijse\dep\Entities\Item.java,lk.ijse.dep.Entities.Item,setDescription/1[java.lang.String],description,3
C:\Users\OOPS\Downloads\WholeSaleMavenSpringJPA-master\WholeSaleMavenSpringJPA-master\Tst\src\main\java\lk\ijse\dep\Entities\Item.java,lk.ijse.dep.Entities.Item,setPrice/1[java.lang.String],price,3
C:\Users\OOPS\Downloads\WholeSaleMavenSpringJPA-master\WholeSaleMavenSpringJPA-master\Tst\src\main\java\lk\ijse\dep\Entities\Item.java,lk.ijse.dep.Entities.Item,getPrice/0,price,1
C:\Users\OOPS\Downloads\WholeSaleMavenSpringJPA-master\WholeSaleMavenSpringJPA-master\Tst\src\main\java\lk\ijse\dep\Entities\Item.java,lk.ijse.dep.Entities.Item,toString/0,code,1
C:\Users\OOPS\Downloads\WholeSaleMavenSpringJPA-master\WholeSaleMavenSpringJPA-master\Tst\src\main\java\lk\ijse\dep\Entities\Item.java,lk.ijse.dep.Entities.Item,toString/0,price,1
C:\Users\OOPS\Downloads\WholeSaleMavenSpringJPA-master\WholeSaleMavenSpringJPA-master\Tst\src\main\java\lk\ijse\dep\Entities\Item.java,lk.ijse.dep.Entities.Item,toString/0,qty,1
C:\Users\OOPS\Downloads\WholeSaleMavenSpringJPA-master\WholeSaleMavenSpringJPA-master\Tst\src\main\java\lk\ijse\dep\Entities\Item.java,lk.ijse.dep.Entities.Item,toString/0,description,1
C:\Users\OOPS\Downloads\WholeSaleMavenSpringJPA-master\WholeSaleMavenSpringJPA-master\Tst\src\main\java\lk\ijse\dep\Entities\Item.java,lk.ijse.dep.Entities.Item,getQty/0,qty,1
C:\Users\OOPS\Downloads\WholeSaleMavenSpringJPA-master\WholeSaleMavenSpringJPA-master\Tst\src\main\java\lk\ijse\dep\Entities\Item.java,lk.ijse.dep.Entities.Item,getOrderItems/0,orderItems,1
C:\Users\OOPS\Downloads\WholeSaleMavenSpringJPA-master\WholeSaleMavenSpringJPA-master\Tst\src\main\java\lk\ijse\dep\Entities\Item.java,lk.ijse.dep.Entities.Item,setCode/1[java.lang.String],code,3
C:\Users\OOPS\Downloads\WholeSaleMavenSpringJPA-master\WholeSaleMavenSpringJPA-master\Tst\src\main\java\lk\ijse\dep\UtilityClasses\SearchTableHelper.java,lk.ijse.dep.UtilityClasses.SearchTableHelper,setCusname/1[java.lang.String],cusname,3
C:\Users\OOPS\Downloads\WholeSaleMavenSpringJPA-master\WholeSaleMavenSpringJPA-master\Tst\src\main\java\lk\ijse\dep\UtilityClasses\SearchTableHelper.java,lk.ijse.dep.UtilityClasses.SearchTableHelper,"SearchTableHelper/5[java.lang.String,java.lang.String,java.lang.String,java.lang.String,java.lang.String]",total,3
C:\Users\OOPS\Downloads\WholeSaleMavenSpringJPA-master\WholeSaleMavenSpringJPA-master\Tst\src\main\java\lk\ijse\dep\UtilityClasses\SearchTableHelper.java,lk.ijse.dep.UtilityClasses.SearchTableHelper,"SearchTableHelper/5[java.lang.String,java.lang.String,java.lang.String,java.lang.String,java.lang.String]",orderid,3
C:\Users\OOPS\Downloads\WholeSaleMavenSpringJPA-master\WholeSaleMavenSpringJPA-master\Tst\src\main\java\lk\ijse\dep\UtilityClasses\SearchTableHelper.java,lk.ijse.dep.UtilityClasses.SearchTableHelper,"SearchTableHelper/5[java.lang.String,java.lang.String,java.lang.String,java.lang.String,java.lang.String]",cusid,3
C:\Users\OOPS\Downloads\WholeSaleMavenSpringJPA-master\WholeSaleMavenSpringJPA-master\Tst\src\main\java\lk\ijse\dep\UtilityClasses\SearchTableHelper.java,lk.ijse.dep.UtilityClasses.SearchTableHelper,"SearchTableHelper/5[java.lang.String,java.lang.String,java.lang.String,java.lang.String,java.lang.String]",cusname,3
C:\Users\OOPS\Downloads\WholeSaleMavenSpringJPA-master\WholeSaleMavenSpringJPA-master\Tst\src\main\java\lk\ijse\dep\UtilityClasses\SearchTableHelper.java,lk.ijse.dep.UtilityClasses.SearchTableHelper,"SearchTableHelper/5[java.lang.String,java.lang.String,java.lang.String,java.lang.String,java.lang.String]",orderdate,3
C:\Users\OOPS\Downloads\WholeSaleMavenSpringJPA-master\WholeSaleMavenSpringJPA-master\Tst\src\main\java\lk\ijse\dep\UtilityClasses\SearchTableHelper.java,lk.ijse.dep.UtilityClasses.SearchTableHelper,getOrderdate/0,orderdate,1
C:\Users\OOPS\Downloads\WholeSaleMavenSpringJPA-master\WholeSaleMavenSpringJPA-master\Tst\src\main\java\lk\ijse\dep\UtilityClasses\SearchTableHelper.java,lk.ijse.dep.UtilityClasses.SearchTableHelper,setOrderdate/1[java.lang.String],orderdate,3
C:\Users\OOPS\Downloads\WholeSaleMavenSpringJPA-master\WholeSaleMavenSpringJPA-master\Tst\src\main\java\lk\ijse\dep\UtilityClasses\SearchTableHelper.java,lk.ijse.dep.UtilityClasses.SearchTableHelper,setOrderid/1[java.lang.String],orderid,3
C:\Users\OOPS\Downloads\WholeSaleMavenSpringJPA-master\WholeSaleMavenSpringJPA-master\Tst\src\main\java\lk\ijse\dep\UtilityClasses\SearchTableHelper.java,lk.ijse.dep.UtilityClasses.SearchTableHelper,setTotal/1[java.lang.String],total,3
C:\Users\OOPS\Downloads\WholeSaleMavenSpringJPA-master\WholeSaleMavenSpringJPA-master\Tst\src\main\java\lk\ijse\dep\UtilityClasses\SearchTableHelper.java,lk.ijse.dep.UtilityClasses.SearchTableHelper,getOrderid/0,orderid,1
C:\Users\OOPS\Downloads\WholeSaleMavenSpringJPA-master\WholeSaleMavenSpringJPA-master\Tst\src\main\java\lk\ijse\dep\UtilityClasses\SearchTableHelper.java,lk.ijse.dep.UtilityClasses.SearchTableHelper,getTotal/0,total,1
C:\Users\OOPS\Downloads\WholeSaleMavenSpringJPA-master\WholeSaleMavenSpringJPA-master\Tst\src\main\java\lk\ijse\dep\UtilityClasses\SearchTableHelper.java,lk.ijse.dep.UtilityClasses.SearchTableHelper,getCusid/0,cusid,1
C:\Users\OOPS\Downloads\WholeSaleMavenSpringJPA-master\WholeSaleMavenSpringJPA-master\Tst\src\main\java\lk\ijse\dep\UtilityClasses\SearchTableHelper.java,lk.ijse.dep.UtilityClasses.SearchTableHelper,setCusid/1[java.lang.String],cusid,3
C:\Users\OOPS\Downloads\WholeSaleMavenSpringJPA-master\WholeSaleMavenSpringJPA-master\Tst\src\main\java\lk\ijse\dep\UtilityClasses\SearchTableHelper.java,lk.ijse.dep.UtilityClasses.SearchTableHelper,getCusname/0,cusname,1
C:\Users\OOPS\Downloads\WholeSaleMavenSpringJPA-master\WholeSaleMavenSpringJPA-master\Tst\src\main\java\lk\ijse\dep\Entities\OrderItems.java,lk.ijse.dep.Entities.OrderItems,setItem/1[lk.ijse.dep.Entities.Item],item,3
C:\Users\OOPS\Downloads\WholeSaleMavenSpringJPA-master\WholeSaleMavenSpringJPA-master\Tst\src\main\java\lk\ijse\dep\Entities\OrderItems.java,lk.ijse.dep.Entities.OrderItems,"OrderItems/2[lk.ijse.dep.Entities.OrderItemsPK,java.lang.String]",orderItemsPK,3
C:\Users\OOPS\Downloads\WholeSaleMavenSpringJPA-master\WholeSaleMavenSpringJPA-master\Tst\src\main\java\lk\ijse\dep\Entities\OrderItems.java,lk.ijse.dep.Entities.OrderItems,"OrderItems/2[lk.ijse.dep.Entities.OrderItemsPK,java.lang.String]",qty,3
C:\Users\OOPS\Downloads\WholeSaleMavenSpringJPA-master\WholeSaleMavenSpringJPA-master\Tst\src\main\java\lk\ijse\dep\Entities\OrderItems.java,lk.ijse.dep.Entities.OrderItems,"OrderItems/3[java.lang.String,java.lang.String,java.lang.String]",orderItemsPK,1
C:\Users\OOPS\Downloads\WholeSaleMavenSpringJPA-master\WholeSaleMavenSpringJPA-master\Tst\src\main\java\lk\ijse\dep\Entities\OrderItems.java,lk.ijse.dep.Entities.OrderItems,"OrderItems/3[java.lang.String,java.lang.String,java.lang.String]",qty,3
C:\Users\OOPS\Downloads\WholeSaleMavenSpringJPA-master\WholeSaleMavenSpringJPA-master\Tst\src\main\java\lk\ijse\dep\Entities\OrderItems.java,lk.ijse.dep.Entities.OrderItems,getItem/0,item,1
C:\Users\OOPS\Downloads\WholeSaleMavenSpringJPA-master\WholeSaleMavenSpringJPA-master\Tst\src\main\java\lk\ijse\dep\Entities\OrderItems.java,lk.ijse.dep.Entities.OrderItems,toString/0,orderItemsPK,1
C:\Users\OOPS\Downloads\WholeSaleMavenSpringJPA-master\WholeSaleMavenSpringJPA-master\Tst\src\main\java\lk\ijse\dep\Entities\OrderItems.java,lk.ijse.dep.Entities.OrderItems,toString/0,qty,1
C:\Users\OOPS\Downloads\WholeSaleMavenSpringJPA-master\WholeSaleMavenSpringJPA-master\Tst\src\main\java\lk\ijse\dep\Entities\OrderItems.java,lk.ijse.dep.Entities.OrderItems,setOrderItemsPK/1[lk.ijse.dep.Entities.OrderItemsPK],orderItemsPK,3
C:\Users\OOPS\Downloads\WholeSaleMavenSpringJPA-master\WholeSaleMavenSpringJPA-master\Tst\src\main\java\lk\ijse\dep\Entities\OrderItems.java,lk.ijse.dep.Entities.OrderItems,getOrderItemsPK/0,orderItemsPK,1
C:\Users\OOPS\Downloads\WholeSaleMavenSpringJPA-master\WholeSaleMavenSpringJPA-master\Tst\src\main\java\lk\ijse\dep\Entities\OrderItems.java,lk.ijse.dep.Entities.OrderItems,getQty/0,qty,1
C:\Users\OOPS\Downloads\WholeSaleMavenSpringJPA-master\WholeSaleMavenSpringJPA-master\Tst\src\main\java\lk\ijse\dep\Entities\OrderItems.java,lk.ijse.dep.Entities.OrderItems,getOrderDetails/0,orderDetails,1
C:\Users\OOPS\Downloads\WholeSaleMavenSpringJPA-master\WholeSaleMavenSpringJPA-master\Tst\src\main\java\lk\ijse\dep\Entities\OrderItems.java,lk.ijse.dep.Entities.OrderItems,setQty/1[java.lang.String],qty,3
C:\Users\OOPS\Downloads\WholeSaleMavenSpringJPA-master\WholeSaleMavenSpringJPA-master\Tst\src\main\java\lk\ijse\dep\Business\impl\ItemBOImpl.java,lk.ijse.dep.Business.impl.ItemBOImpl,deleteItem/1[java.lang.String],session,1
C:\Users\OOPS\Downloads\WholeSaleMavenSpringJPA-master\WholeSaleMavenSpringJPA-master\Tst\src\main\java\lk\ijse\dep\Business\impl\ItemBOImpl.java,lk.ijse.dep.Business.impl.ItemBOImpl,deleteItem/1[java.lang.String],itemDAO,2
C:\Users\OOPS\Downloads\WholeSaleMavenSpringJPA-master\WholeSaleMavenSpringJPA-master\Tst\src\main\java\lk\ijse\dep\Business\impl\ItemBOImpl.java,lk.ijse.dep.Business.impl.ItemBOImpl,updateItem/1[lk.ijse.dep.DTO.ItemDTO],session,1
C:\Users\OOPS\Downloads\WholeSaleMavenSpringJPA-master\WholeSaleMavenSpringJPA-master\Tst\src\main\java\lk\ijse\dep\Business\impl\ItemBOImpl.java,lk.ijse.dep.Business.impl.ItemBOImpl,updateItem/1[lk.ijse.dep.DTO.ItemDTO],itemDAO,2
C:\Users\OOPS\Downloads\WholeSaleMavenSpringJPA-master\WholeSaleMavenSpringJPA-master\Tst\src\main\java\lk\ijse\dep\Business\impl\ItemBOImpl.java,lk.ijse.dep.Business.impl.ItemBOImpl,getAllItems/0,session,1
C:\Users\OOPS\Downloads\WholeSaleMavenSpringJPA-master\WholeSaleMavenSpringJPA-master\Tst\src\main\java\lk\ijse\dep\Business\impl\ItemBOImpl.java,lk.ijse.dep.Business.impl.ItemBOImpl,getAllItems/0,itemDAO,2
C:\Users\OOPS\Downloads\WholeSaleMavenSpringJPA-master\WholeSaleMavenSpringJPA-master\Tst\src\main\java\lk\ijse\dep\Business\impl\ItemBOImpl.java,lk.ijse.dep.Business.impl.ItemBOImpl,saveItem/1[lk.ijse.dep.DTO.ItemDTO],session,1
C:\Users\OOPS\Downloads\WholeSaleMavenSpringJPA-master\WholeSaleMavenSpringJPA-master\Tst\src\main\java\lk\ijse\dep\Business\impl\ItemBOImpl.java,lk.ijse.dep.Business.impl.ItemBOImpl,saveItem/1[lk.ijse.dep.DTO.ItemDTO],itemDAO,2
C:\Users\OOPS\Downloads\WholeSaleMavenSpringJPA-master\WholeSaleMavenSpringJPA-master\Tst\src\main\java\lk\ijse\dep\Business\impl\ItemBOImpl.java,lk.ijse.dep.Business.impl.ItemBOImpl,itemExistsinOrder/1[java.lang.String],orderDetailsDAO,1
C:\Users\OOPS\Downloads\WholeSaleMavenSpringJPA-master\WholeSaleMavenSpringJPA-master\Tst\src\main\java\lk\ijse\dep\Business\impl\ItemBOImpl.java,lk.ijse.dep.Business.impl.ItemBOImpl,itemExistsinOrder/1[java.lang.String],session,1
C:\Users\OOPS\Downloads\WholeSaleMavenSpringJPA-master\WholeSaleMavenSpringJPA-master\Tst\src\main\java\lk\ijse\dep\Business\impl\ItemBOImpl.java,lk.ijse.dep.Business.impl.ItemBOImpl,itemExistsinOrder/1[java.lang.String],itemDAO,1
C:\Users\OOPS\Downloads\WholeSaleMavenSpringJPA-master\WholeSaleMavenSpringJPA-master\Tst\src\main\java\lk\ijse\dep\DAO\custom\Impl\CustomerDAOImpl.java,lk.ijse.dep.DAO.custom.Impl.CustomerDAOImpl,save/1[lk.ijse.dep.Entities.Customer],entityManager,1
C:\Users\OOPS\Downloads\WholeSaleMavenSpringJPA-master\WholeSaleMavenSpringJPA-master\Tst\src\main\java\lk\ijse\dep\DAO\custom\Impl\CustomerDAOImpl.java,lk.ijse.dep.DAO.custom.Impl.CustomerDAOImpl,getEntityManager/0,entityManager,1
C:\Users\OOPS\Downloads\WholeSaleMavenSpringJPA-master\WholeSaleMavenSpringJPA-master\Tst\src\main\java\lk\ijse\dep\DAO\custom\Impl\CustomerDAOImpl.java,lk.ijse.dep.DAO.custom.Impl.CustomerDAOImpl,findAll/0,entityManager,1
C:\Users\OOPS\Downloads\WholeSaleMavenSpringJPA-master\WholeSaleMavenSpringJPA-master\Tst\src\main\java\lk\ijse\dep\DAO\custom\Impl\CustomerDAOImpl.java,lk.ijse.dep.DAO.custom.Impl.CustomerDAOImpl,getId/1[lk.ijse.dep.DAO.custom.Impl.ObservableList],entityManager,1
C:\Users\OOPS\Downloads\WholeSaleMavenSpringJPA-master\WholeSaleMavenSpringJPA-master\Tst\src\main\java\lk\ijse\dep\DAO\custom\Impl\CustomerDAOImpl.java,lk.ijse.dep.DAO.custom.Impl.CustomerDAOImpl,setEntityManager/1[lk.ijse.dep.DAO.custom.Impl.EntityManager],entityManager,3
C:\Users\OOPS\Downloads\WholeSaleMavenSpringJPA-master\WholeSaleMavenSpringJPA-master\Tst\src\main\java\lk\ijse\dep\DAO\custom\Impl\CustomerDAOImpl.java,lk.ijse.dep.DAO.custom.Impl.CustomerDAOImpl,update/1[lk.ijse.dep.Entities.Customer],entityManager,1
C:\Users\OOPS\Downloads\WholeSaleMavenSpringJPA-master\WholeSaleMavenSpringJPA-master\Tst\src\main\java\lk\ijse\dep\DAO\custom\Impl\CustomerDAOImpl.java,lk.ijse.dep.DAO.custom.Impl.CustomerDAOImpl,find/1[java.lang.String],entityManager,1
C:\Users\OOPS\Downloads\WholeSaleMavenSpringJPA-master\WholeSaleMavenSpringJPA-master\Tst\src\main\java\lk\ijse\dep\DAO\custom\Impl\CustomerDAOImpl.java,lk.ijse.dep.DAO.custom.Impl.CustomerDAOImpl,delete/1[java.lang.String],entityManager,2
C:\Users\OOPS\Downloads\WholeSaleMavenSpringJPA-master\WholeSaleMavenSpringJPA-master\Tst\src\main\java\lk\ijse\dep\Controller\CustomerManageController.java,lk.ijse.dep.Controller.CustomerManageController,initialize/0,cusBo,1
C:\Users\OOPS\Downloads\WholeSaleMavenSpringJPA-master\WholeSaleMavenSpringJPA-master\Tst\src\main\java\lk\ijse\dep\Controller\CustomerManageController.java,lk.ijse.dep.Controller.CustomerManageController,initialize/0,btn_save,1
C:\Users\OOPS\Downloads\WholeSaleMavenSpringJPA-master\WholeSaleMavenSpringJPA-master\Tst\src\main\java\lk\ijse\dep\Controller\CustomerManageController.java,lk.ijse.dep.Controller.CustomerManageController,initialize/0,tbl_cus,6
C:\Users\OOPS\Downloads\WholeSaleMavenSpringJPA-master\WholeSaleMavenSpringJPA-master\Tst\src\main\java\lk\ijse\dep\Controller\CustomerManageController.java,lk.ijse.dep.Controller.CustomerManageController,initialize/0,btn_update,1
C:\Users\OOPS\Downloads\WholeSaleMavenSpringJPA-master\WholeSaleMavenSpringJPA-master\Tst\src\main\java\lk\ijse\dep\Controller\CustomerManageController.java,lk.ijse.dep.Controller.CustomerManageController,toBack/1[lk.ijse.dep.Controller.ActionEvent],btn_newCus,1
C:\Users\OOPS\Downloads\WholeSaleMavenSpringJPA-master\WholeSaleMavenSpringJPA-master\Tst\src\main\java\lk\ijse\dep\Controller\CustomerManageController.java,lk.ijse.dep.Controller.CustomerManageController,update/1[lk.ijse.dep.Controller.ActionEvent],cus_address,1
C:\Users\OOPS\Downloads\WholeSaleMavenSpringJPA-master\WholeSaleMavenSpringJPA-master\Tst\src\main\java\lk\ijse\dep\Controller\CustomerManageController.java,lk.ijse.dep.Controller.CustomerManageController,update/1[lk.ijse.dep.Controller.ActionEvent],txt_cusName,1
C:\Users\OOPS\Downloads\WholeSaleMavenSpringJPA-master\WholeSaleMavenSpringJPA-master\Tst\src\main\java\lk\ijse\dep\Controller\CustomerManageController.java,lk.ijse.dep.Controller.CustomerManageController,update/1[lk.ijse.dep.Controller.ActionEvent],txt_cusID,1
C:\Users\OOPS\Downloads\WholeSaleMavenSpringJPA-master\WholeSaleMavenSpringJPA-master\Tst\src\main\java\lk\ijse\dep\Controller\CustomerManageController.java,lk.ijse.dep.Controller.CustomerManageController,update/1[lk.ijse.dep.Controller.ActionEvent],tbl_cus,1
C:\Users\OOPS\Downloads\WholeSaleMavenSpringJPA-master\WholeSaleMavenSpringJPA-master\Tst\src\main\java\lk\ijse\dep\Controller\CustomerManageController.java,lk.ijse.dep.Controller.CustomerManageController,update/1[lk.ijse.dep.Controller.ActionEvent],items,3
C:\Users\OOPS\Downloads\WholeSaleMavenSpringJPA-master\WholeSaleMavenSpringJPA-master\Tst\src\main\java\lk\ijse\dep\Controller\CustomerManageController.java,lk.ijse.dep.Controller.CustomerManageController,btnSave/1[lk.ijse.dep.Controller.ActionEvent],cus_address,3
C:\Users\OOPS\Downloads\WholeSaleMavenSpringJPA-master\WholeSaleMavenSpringJPA-master\Tst\src\main\java\lk\ijse\dep\Controller\CustomerManageController.java,lk.ijse.dep.Controller.CustomerManageController,btnSave/1[lk.ijse.dep.Controller.ActionEvent],txt_cusName,3
C:\Users\OOPS\Downloads\WholeSaleMavenSpringJPA-master\WholeSaleMavenSpringJPA-master\Tst\src\main\java\lk\ijse\dep\Controller\CustomerManageController.java,lk.ijse.dep.Controller.CustomerManageController,btnSave/1[lk.ijse.dep.Controller.ActionEvent],txt_cusID,3
C:\Users\OOPS\Downloads\WholeSaleMavenSpringJPA-master\WholeSaleMavenSpringJPA-master\Tst\src\main\java\lk\ijse\dep\Controller\CustomerManageController.java,lk.ijse.dep.Controller.CustomerManageController,btnSave/1[lk.ijse.dep.Controller.ActionEvent],tbl_cus,2
C:\Users\OOPS\Downloads\WholeSaleMavenSpringJPA-master\WholeSaleMavenSpringJPA-master\Tst\src\main\java\lk\ijse\dep\Controller\CustomerManageController.java,lk.ijse.dep.Controller.CustomerManageController,newCus/1[lk.ijse.dep.Controller.ActionEvent],cus_address,1
C:\Users\OOPS\Downloads\WholeSaleMavenSpringJPA-master\WholeSaleMavenSpringJPA-master\Tst\src\main\java\lk\ijse\dep\Controller\CustomerManageController.java,lk.ijse.dep.Controller.CustomerManageController,newCus/1[lk.ijse.dep.Controller.ActionEvent],txt_cusName,1
C:\Users\OOPS\Downloads\WholeSaleMavenSpringJPA-master\WholeSaleMavenSpringJPA-master\Tst\src\main\java\lk\ijse\dep\Controller\CustomerManageController.java,lk.ijse.dep.Controller.CustomerManageController,newCus/1[lk.ijse.dep.Controller.ActionEvent],txt_cusID,1
C:\Users\OOPS\Downloads\WholeSaleMavenSpringJPA-master\WholeSaleMavenSpringJPA-master\Tst\src\main\java\lk\ijse\dep\Controller\CustomerManageController.java,lk.ijse.dep.Controller.CustomerManageController,newCus/1[lk.ijse.dep.Controller.ActionEvent],btn_save,1
C:\Users\OOPS\Downloads\WholeSaleMavenSpringJPA-master\WholeSaleMavenSpringJPA-master\Tst\src\main\java\lk\ijse\dep\Controller\CustomerManageController.java,lk.ijse.dep.Controller.CustomerManageController,newCus/1[lk.ijse.dep.Controller.ActionEvent],btn_update,1
C:\Users\OOPS\Downloads\WholeSaleMavenSpringJPA-master\WholeSaleMavenSpringJPA-master\Tst\src\main\java\lk\ijse\dep\UtilityClasses\DBConnection.java,lk.ijse.dep.UtilityClasses.DBConnection,DBConnection/0,con,1
C:\Users\OOPS\Downloads\WholeSaleMavenSpringJPA-master\WholeSaleMavenSpringJPA-master\Tst\src\main\java\lk\ijse\dep\UtilityClasses\DBConnection.java,lk.ijse.dep.UtilityClasses.DBConnection,getConnection/0,con,1
C:\Users\OOPS\Downloads\WholeSaleMavenSpringJPA-master\WholeSaleMavenSpringJPA-master\Tst\src\main\java\lk\ijse\dep\UtilityClasses\DBConnection.java,lk.ijse.dep.UtilityClasses.DBConnection,getInstance/0,objref,3
C:\Users\OOPS\Downloads\WholeSaleMavenSpringJPA-master\WholeSaleMavenSpringJPA-master\Tst\src\main\java\lk\ijse\dep\DAO\custom\Impl\OrderDetailsDAOImpl.java,lk.ijse.dep.DAO.custom.Impl.OrderDetailsDAOImpl,getSession/0,session,1
C:\Users\OOPS\Downloads\WholeSaleMavenSpringJPA-master\WholeSaleMavenSpringJPA-master\Tst\src\main\java\lk\ijse\dep\DAO\custom\Impl\OrderDetailsDAOImpl.java,lk.ijse.dep.DAO.custom.Impl.OrderDetailsDAOImpl,delete/1[java.lang.String],session,2
C:\Users\OOPS\Downloads\WholeSaleMavenSpringJPA-master\WholeSaleMavenSpringJPA-master\Tst\src\main\java\lk\ijse\dep\DAO\custom\Impl\OrderDetailsDAOImpl.java,lk.ijse.dep.DAO.custom.Impl.OrderDetailsDAOImpl,find/1[java.lang.String],session,1
C:\Users\OOPS\Downloads\WholeSaleMavenSpringJPA-master\WholeSaleMavenSpringJPA-master\Tst\src\main\java\lk\ijse\dep\DAO\custom\Impl\OrderDetailsDAOImpl.java,lk.ijse.dep.DAO.custom.Impl.OrderDetailsDAOImpl,findAll/0,session,1
C:\Users\OOPS\Downloads\WholeSaleMavenSpringJPA-master\WholeSaleMavenSpringJPA-master\Tst\src\main\java\lk\ijse\dep\DAO\custom\Impl\OrderDetailsDAOImpl.java,lk.ijse.dep.DAO.custom.Impl.OrderDetailsDAOImpl,save/1[lk.ijse.dep.Entities.OrderDetails],session,1
C:\Users\OOPS\Downloads\WholeSaleMavenSpringJPA-master\WholeSaleMavenSpringJPA-master\Tst\src\main\java\lk\ijse\dep\DAO\custom\Impl\OrderDetailsDAOImpl.java,lk.ijse.dep.DAO.custom.Impl.OrderDetailsDAOImpl,getQtyByCode/1[java.lang.String],session,1
C:\Users\OOPS\Downloads\WholeSaleMavenSpringJPA-master\WholeSaleMavenSpringJPA-master\Tst\src\main\java\lk\ijse\dep\DAO\custom\Impl\OrderDetailsDAOImpl.java,lk.ijse.dep.DAO.custom.Impl.OrderDetailsDAOImpl,update/1[lk.ijse.dep.Entities.OrderDetails],session,1
C:\Users\OOPS\Downloads\WholeSaleMavenSpringJPA-master\WholeSaleMavenSpringJPA-master\Tst\src\main\java\lk\ijse\dep\DAO\custom\Impl\OrderDetailsDAOImpl.java,lk.ijse.dep.DAO.custom.Impl.OrderDetailsDAOImpl,setSession/1[lk.ijse.dep.DAO.custom.Impl.EntityManager],session,3
C:\Users\OOPS\Downloads\WholeSaleMavenSpringJPA-master\WholeSaleMavenSpringJPA-master\Tst\src\main\java\lk\ijse\dep\DTO\CustomerDTO.java,lk.ijse.dep.DTO.CustomerDTO,getId/0,id,1
C:\Users\OOPS\Downloads\WholeSaleMavenSpringJPA-master\WholeSaleMavenSpringJPA-master\Tst\src\main\java\lk\ijse\dep\DTO\CustomerDTO.java,lk.ijse.dep.DTO.CustomerDTO,setId/1[java.lang.String],id,3
C:\Users\OOPS\Downloads\WholeSaleMavenSpringJPA-master\WholeSaleMavenSpringJPA-master\Tst\src\main\java\lk\ijse\dep\DTO\CustomerDTO.java,lk.ijse.dep.DTO.CustomerDTO,getName/0,name,1
C:\Users\OOPS\Downloads\WholeSaleMavenSpringJPA-master\WholeSaleMavenSpringJPA-master\Tst\src\main\java\lk\ijse\dep\DTO\CustomerDTO.java,lk.ijse.dep.DTO.CustomerDTO,setName/1[java.lang.String],name,3
C:\Users\OOPS\Downloads\WholeSaleMavenSpringJPA-master\WholeSaleMavenSpringJPA-master\Tst\src\main\java\lk\ijse\dep\DTO\CustomerDTO.java,lk.ijse.dep.DTO.CustomerDTO,getAddress/0,address,1
C:\Users\OOPS\Downloads\WholeSaleMavenSpringJPA-master\WholeSaleMavenSpringJPA-master\Tst\src\main\java\lk\ijse\dep\DTO\CustomerDTO.java,lk.ijse.dep.DTO.CustomerDTO,setAddress/1[java.lang.String],address,3
C:\Users\OOPS\Downloads\WholeSaleMavenSpringJPA-master\WholeSaleMavenSpringJPA-master\Tst\src\main\java\lk\ijse\dep\DTO\CustomerDTO.java,lk.ijse.dep.DTO.CustomerDTO,"CustomerDTO/3[java.lang.String,java.lang.String,java.lang.String]",address,3
C:\Users\OOPS\Downloads\WholeSaleMavenSpringJPA-master\WholeSaleMavenSpringJPA-master\Tst\src\main\java\lk\ijse\dep\DTO\CustomerDTO.java,lk.ijse.dep.DTO.CustomerDTO,"CustomerDTO/3[java.lang.String,java.lang.String,java.lang.String]",name,3
C:\Users\OOPS\Downloads\WholeSaleMavenSpringJPA-master\WholeSaleMavenSpringJPA-master\Tst\src\main\java\lk\ijse\dep\DTO\CustomerDTO.java,lk.ijse.dep.DTO.CustomerDTO,"CustomerDTO/3[java.lang.String,java.lang.String,java.lang.String]",id,3
