file,class,method,constructor,line,cbo,cboModified,fanin,fanout,wmc,rfc,loc,returnsQty,variablesQty,parametersQty,methodsInvokedQty,methodsInvokedLocalQty,methodsInvokedIndirectLocalQty,loopQty,comparisonsQty,tryCatchQty,parenthesizedExpsQty,stringLiteralsQty,numbersQty,assignmentsQty,mathOperationsQty,maxNestedBlocksQty,anonymousClassesQty,innerClassesQty,lambdasQty,uniqueWordsQty,modifiers,logStatementsQty,hasJavaDoc
C:\Users\OOPS\Downloads\WholeSaleMavenSpringJPA-master\WholeSaleMavenSpringJPA-master\Tst\src\main\java\lk\ijse\dep\Business\custom\ItemBO.java,lk.ijse.dep.Business.custom.ItemBO,saveItem/1[lk.ijse.dep.DTO.ItemDTO],FALSE,10,1,0,0,0,1,0,1,0,0,1,0,0,0,0,0,0,0,0,0,0,0,0,0,0,0,7,1,0,FALSE
C:\Users\OOPS\Downloads\WholeSaleMavenSpringJPA-master\WholeSaleMavenSpringJPA-master\Tst\src\main\java\lk\ijse\dep\Business\custom\ItemBO.java,lk.ijse.dep.Business.custom.ItemBO,deleteItem/1[java.lang.String],FALSE,11,0,0,0,0,1,0,1,0,0,1,0,0,0,0,0,0,0,0,0,0,0,0,0,0,0,4,1,0,FALSE
C:\Users\OOPS\Downloads\WholeSaleMavenSpringJPA-master\WholeSaleMavenSpringJPA-master\Tst\src\main\java\lk\ijse\dep\Business\custom\ItemBO.java,lk.ijse.dep.Business.custom.ItemBO,updateItem/1[lk.ijse.dep.DTO.ItemDTO],FALSE,13,1,0,0,0,1,0,1,0,0,1,0,0,0,0,0,0,0,0,0,0,0,0,0,0,0,7,1,0,FALSE
C:\Users\OOPS\Downloads\WholeSaleMavenSpringJPA-master\WholeSaleMavenSpringJPA-master\Tst\src\main\java\lk\ijse\dep\Business\custom\ItemBO.java,lk.ijse.dep.Business.custom.ItemBO,getAllItems/0,FALSE,9,1,0,0,0,1,0,1,0,0,0,0,0,0,0,0,0,0,0,0,0,0,0,0,0,0,4,1,0,FALSE
C:\Users\OOPS\Downloads\WholeSaleMavenSpringJPA-master\WholeSaleMavenSpringJPA-master\Tst\src\main\java\lk\ijse\dep\Business\custom\ItemBO.java,lk.ijse.dep.Business.custom.ItemBO,itemExistsinOrder/1[java.lang.String],FALSE,12,0,0,0,0,1,0,1,0,0,1,0,0,0,0,0,0,0,0,0,0,0,0,0,0,0,5,1,0,FALSE
C:\Users\OOPS\Downloads\WholeSaleMavenSpringJPA-master\WholeSaleMavenSpringJPA-master\Tst\src\main\java\lk\ijse\dep\Business\impl\CustomerBOImpl.java,lk.ijse.dep.Business.impl.CustomerBOImpl,customerExistsinOrder/1[java.lang.String],FALSE,58,5,5,0,5,3,5,12,2,2,1,5,0,0,1,0,0,1,0,0,2,0,2,0,0,0,15,1,0,FALSE
C:\Users\OOPS\Downloads\WholeSaleMavenSpringJPA-master\WholeSaleMavenSpringJPA-master\Tst\src\main\java\lk\ijse\dep\Business\impl\CustomerBOImpl.java,lk.ijse.dep.Business.impl.CustomerBOImpl,updateCustomer/1[lk.ijse.dep.DTO.CustomerDTO],FALSE,83,4,7,1,6,1,5,4,0,0,1,5,0,0,0,0,0,0,0,0,0,0,0,0,0,0,8,1,0,FALSE
C:\Users\OOPS\Downloads\WholeSaleMavenSpringJPA-master\WholeSaleMavenSpringJPA-master\Tst\src\main\java\lk\ijse\dep\Business\impl\CustomerBOImpl.java,lk.ijse.dep.Business.impl.CustomerBOImpl,allCustomers/0,FALSE,27,4,4,1,3,1,6,9,1,0,0,6,0,0,0,0,0,0,0,0,0,0,0,1,0,0,10,1,0,FALSE
C:\Users\OOPS\Downloads\WholeSaleMavenSpringJPA-master\WholeSaleMavenSpringJPA-master\Tst\src\main\java\lk\ijse\dep\Business\impl\CustomerBOImpl.java,lk.ijse.dep.Business.impl.CustomerBOImpl,saveCustomer/1[lk.ijse.dep.DTO.CustomerDTO],FALSE,44,5,8,1,7,1,5,6,0,2,1,5,0,0,0,0,0,0,0,0,2,0,0,0,0,0,13,1,0,FALSE
C:\Users\OOPS\Downloads\WholeSaleMavenSpringJPA-master\WholeSaleMavenSpringJPA-master\Tst\src\main\java\lk\ijse\dep\Business\impl\CustomerBOImpl.java,lk.ijse.dep.Business.impl.CustomerBOImpl,deleteCustomer/1[java.lang.String],FALSE,53,2,2,0,2,1,2,4,0,0,1,2,0,0,0,0,0,0,0,0,0,0,0,0,0,0,5,1,0,FALSE
C:\Users\OOPS\Downloads\WholeSaleMavenSpringJPA-master\WholeSaleMavenSpringJPA-master\Tst\src\main\java\lk\ijse\dep\Business\impl\CustomerBOImpl.java,lk.ijse.dep.Business.impl.CustomerBOImpl$Anonymous1,apply/1[lk.ijse.dep.Entities.Customer],FALSE,31,2,4,0,4,1,3,3,1,0,1,3,0,0,0,0,0,0,0,0,0,0,0,0,0,0,6,1,0,FALSE
C:\Users\OOPS\Downloads\WholeSaleMavenSpringJPA-master\WholeSaleMavenSpringJPA-master\Tst\src\main\java\lk\ijse\dep\DAO\CRUDDAO.java,lk.ijse.dep.DAO.CRUDDAO,find/1[ID],FALSE,17,2,0,0,0,1,0,1,0,0,1,0,0,0,0,0,0,0,0,0,0,0,0,0,0,0,6,0,0,FALSE
C:\Users\OOPS\Downloads\WholeSaleMavenSpringJPA-master\WholeSaleMavenSpringJPA-master\Tst\src\main\java\lk\ijse\dep\DAO\CRUDDAO.java,lk.ijse.dep.DAO.CRUDDAO,delete/1[ID],FALSE,13,1,0,0,0,1,0,1,0,0,1,0,0,0,0,0,0,0,0,0,0,0,0,0,0,0,5,0,0,FALSE
C:\Users\OOPS\Downloads\WholeSaleMavenSpringJPA-master\WholeSaleMavenSpringJPA-master\Tst\src\main\java\lk\ijse\dep\DAO\CRUDDAO.java,lk.ijse.dep.DAO.CRUDDAO,findAll/0,FALSE,15,1,0,0,0,1,0,1,0,0,0,0,0,0,0,0,0,0,0,0,0,0,0,0,0,0,3,0,0,FALSE
C:\Users\OOPS\Downloads\WholeSaleMavenSpringJPA-master\WholeSaleMavenSpringJPA-master\Tst\src\main\java\lk\ijse\dep\DAO\CRUDDAO.java,lk.ijse.dep.DAO.CRUDDAO,update/1[T],FALSE,11,1,0,0,0,1,0,1,0,0,1,0,0,0,0,0,0,0,0,0,0,0,0,0,0,0,4,0,0,FALSE
C:\Users\OOPS\Downloads\WholeSaleMavenSpringJPA-master\WholeSaleMavenSpringJPA-master\Tst\src\main\java\lk\ijse\dep\DAO\CRUDDAO.java,lk.ijse.dep.DAO.CRUDDAO,save/1[T],FALSE,9,1,0,0,0,1,0,1,0,0,1,0,0,0,0,0,0,0,0,0,0,0,0,0,0,0,4,0,0,FALSE
C:\Users\OOPS\Downloads\WholeSaleMavenSpringJPA-master\WholeSaleMavenSpringJPA-master\Tst\src\main\java\lk\ijse\dep\DAO\custom\Impl\OrderItemsDAOImpl.java,lk.ijse.dep.DAO.custom.Impl.OrderItemsDAOImpl,update/1[lk.ijse.dep.Entities.OrderItems],FALSE,20,1,0,0,0,1,1,3,0,0,1,1,0,0,0,0,0,0,0,0,0,0,0,0,0,0,8,1,0,FALSE
C:\Users\OOPS\Downloads\WholeSaleMavenSpringJPA-master\WholeSaleMavenSpringJPA-master\Tst\src\main\java\lk\ijse\dep\DAO\custom\Impl\OrderItemsDAOImpl.java,lk.ijse.dep.DAO.custom.Impl.OrderItemsDAOImpl,find/1[lk.ijse.dep.Entities.OrderItemsPK],FALSE,33,2,2,0,2,1,5,4,1,1,1,5,0,0,0,0,0,0,1,2,1,0,0,0,0,0,24,1,0,FALSE
C:\Users\OOPS\Downloads\WholeSaleMavenSpringJPA-master\WholeSaleMavenSpringJPA-master\Tst\src\main\java\lk\ijse\dep\DAO\custom\Impl\OrderItemsDAOImpl.java,lk.ijse.dep.DAO.custom.Impl.OrderItemsDAOImpl,save/1[lk.ijse.dep.Entities.OrderItems],FALSE,16,1,1,1,0,1,1,3,0,0,1,1,0,0,0,0,0,0,0,0,0,0,0,0,0,0,8,1,0,FALSE
C:\Users\OOPS\Downloads\WholeSaleMavenSpringJPA-master\WholeSaleMavenSpringJPA-master\Tst\src\main\java\lk\ijse\dep\DAO\custom\Impl\OrderItemsDAOImpl.java,lk.ijse.dep.DAO.custom.Impl.OrderItemsDAOImpl,getSession/0,FALSE,46,1,0,0,0,1,0,3,1,0,0,0,0,0,0,0,0,0,0,0,0,0,0,0,0,0,5,1,0,FALSE
C:\Users\OOPS\Downloads\WholeSaleMavenSpringJPA-master\WholeSaleMavenSpringJPA-master\Tst\src\main\java\lk\ijse\dep\DAO\custom\Impl\OrderItemsDAOImpl.java,lk.ijse.dep.DAO.custom.Impl.OrderItemsDAOImpl,"updateQtyOnHand/2[java.lang.String,java.lang.String]",FALSE,41,0,1,1,0,1,3,3,0,0,2,3,0,0,0,0,0,0,1,2,0,0,0,0,0,0,13,1,0,FALSE
C:\Users\OOPS\Downloads\WholeSaleMavenSpringJPA-master\WholeSaleMavenSpringJPA-master\Tst\src\main\java\lk\ijse\dep\DAO\custom\Impl\OrderItemsDAOImpl.java,lk.ijse.dep.DAO.custom.Impl.OrderItemsDAOImpl,findAll/0,FALSE,28,1,0,0,0,1,2,4,1,1,0,2,0,0,0,0,0,0,1,0,1,0,0,0,0,0,7,1,0,FALSE
C:\Users\OOPS\Downloads\WholeSaleMavenSpringJPA-master\WholeSaleMavenSpringJPA-master\Tst\src\main\java\lk\ijse\dep\DAO\custom\Impl\OrderItemsDAOImpl.java,lk.ijse.dep.DAO.custom.Impl.OrderItemsDAOImpl,setSession/1[lk.ijse.dep.DAO.custom.Impl.EntityManager],FALSE,50,1,3,3,0,1,0,3,0,0,1,0,0,0,0,0,0,0,0,0,1,0,0,0,0,0,5,1,0,FALSE
C:\Users\OOPS\Downloads\WholeSaleMavenSpringJPA-master\WholeSaleMavenSpringJPA-master\Tst\src\main\java\lk\ijse\dep\DAO\custom\Impl\OrderItemsDAOImpl.java,lk.ijse.dep.DAO.custom.Impl.OrderItemsDAOImpl,delete/1[lk.ijse.dep.Entities.OrderItemsPK],FALSE,24,1,0,0,0,1,1,3,0,1,1,1,0,0,0,0,0,0,0,0,1,0,0,0,0,0,11,1,0,FALSE
C:\Users\OOPS\Downloads\WholeSaleMavenSpringJPA-master\WholeSaleMavenSpringJPA-master\Tst\src\main\java\lk\ijse\dep\AppInitializer.java,lk.ijse.dep.AppInitializer,main/1[java.lang.String[]],FALSE,16,0,0,0,0,1,1,3,0,0,1,1,0,0,0,0,0,0,0,0,0,0,0,0,0,0,3,9,0,FALSE
C:\Users\OOPS\Downloads\WholeSaleMavenSpringJPA-master\WholeSaleMavenSpringJPA-master\Tst\src\main\java\lk\ijse\dep\AppInitializer.java,lk.ijse.dep.AppInitializer,start/1[lk.ijse.dep.Stage],FALSE,22,5,0,0,0,1,8,10,0,2,1,8,0,0,0,0,0,0,1,0,3,0,0,0,0,0,17,1,0,FALSE
C:\Users\OOPS\Downloads\WholeSaleMavenSpringJPA-master\WholeSaleMavenSpringJPA-master\Tst\src\main\java\lk\ijse\dep\DAO\custom\Impl\ItemDAOImpl.java,lk.ijse.dep.DAO.custom.Impl.ItemDAOImpl,update/1[lk.ijse.dep.Entities.Item],FALSE,19,1,1,1,0,1,1,3,0,0,1,1,0,0,0,0,0,0,0,0,0,0,0,0,0,0,4,1,0,FALSE
C:\Users\OOPS\Downloads\WholeSaleMavenSpringJPA-master\WholeSaleMavenSpringJPA-master\Tst\src\main\java\lk\ijse\dep\DAO\custom\Impl\ItemDAOImpl.java,lk.ijse.dep.DAO.custom.Impl.ItemDAOImpl,delete/1[java.lang.String],FALSE,23,1,1,1,0,1,2,4,0,1,1,2,0,0,0,0,0,0,0,0,1,0,0,0,0,0,5,1,0,FALSE
C:\Users\OOPS\Downloads\WholeSaleMavenSpringJPA-master\WholeSaleMavenSpringJPA-master\Tst\src\main\java\lk\ijse\dep\DAO\custom\Impl\ItemDAOImpl.java,lk.ijse.dep.DAO.custom.Impl.ItemDAOImpl,find/1[java.lang.String],FALSE,34,1,0,0,0,1,3,4,1,1,1,3,0,0,0,0,0,0,1,1,1,0,0,0,0,0,12,1,0,FALSE
C:\Users\OOPS\Downloads\WholeSaleMavenSpringJPA-master\WholeSaleMavenSpringJPA-master\Tst\src\main\java\lk\ijse\dep\DAO\custom\Impl\ItemDAOImpl.java,lk.ijse.dep.DAO.custom.Impl.ItemDAOImpl,setSession/1[lk.ijse.dep.DAO.custom.Impl.EntityManager],FALSE,43,1,5,5,0,1,0,3,0,0,1,0,0,0,0,0,0,0,0,0,1,0,0,0,0,0,5,1,0,FALSE
C:\Users\OOPS\Downloads\WholeSaleMavenSpringJPA-master\WholeSaleMavenSpringJPA-master\Tst\src\main\java\lk\ijse\dep\DAO\custom\Impl\ItemDAOImpl.java,lk.ijse.dep.DAO.custom.Impl.ItemDAOImpl,findAll/0,FALSE,28,1,2,2,0,1,2,4,1,1,0,2,0,0,0,0,0,0,1,0,1,0,0,0,0,0,8,1,0,FALSE
C:\Users\OOPS\Downloads\WholeSaleMavenSpringJPA-master\WholeSaleMavenSpringJPA-master\Tst\src\main\java\lk\ijse\dep\DAO\custom\Impl\ItemDAOImpl.java,lk.ijse.dep.DAO.custom.Impl.ItemDAOImpl,getSession/0,FALSE,39,1,0,0,0,1,0,3,1,0,0,0,0,0,0,0,0,0,0,0,0,0,0,0,0,0,5,1,0,FALSE
C:\Users\OOPS\Downloads\WholeSaleMavenSpringJPA-master\WholeSaleMavenSpringJPA-master\Tst\src\main\java\lk\ijse\dep\DAO\custom\Impl\ItemDAOImpl.java,lk.ijse.dep.DAO.custom.Impl.ItemDAOImpl,save/1[lk.ijse.dep.Entities.Item],FALSE,15,1,1,1,0,1,1,3,0,0,1,1,0,0,0,0,0,0,0,0,0,0,0,0,0,0,4,1,0,FALSE
C:\Users\OOPS\Downloads\WholeSaleMavenSpringJPA-master\WholeSaleMavenSpringJPA-master\Tst\src\main\java\lk\ijse\dep\Controller\OrderItemController.java,lk.ijse.dep.Controller.OrderItemController,updateRow/1[lk.ijse.dep.Controller.ActionEvent],FALSE,403,5,9,0,9,6,22,36,0,12,1,22,0,0,1,1,0,0,2,3,13,3,4,0,0,0,32,1,0,FALSE
C:\Users\OOPS\Downloads\WholeSaleMavenSpringJPA-master\WholeSaleMavenSpringJPA-master\Tst\src\main\java\lk\ijse\dep\Controller\OrderItemController.java,lk.ijse.dep.Controller.OrderItemController,addItem/1[lk.ijse.dep.Controller.ActionEvent],FALSE,315,6,6,0,6,15,23,67,0,22,1,23,1,1,4,5,0,0,2,9,22,6,7,0,0,0,37,1,0,FALSE
C:\Users\OOPS\Downloads\WholeSaleMavenSpringJPA-master\WholeSaleMavenSpringJPA-master\Tst\src\main\java\lk\ijse\dep\Controller\OrderItemController.java,lk.ijse.dep.Controller.OrderItemController,purchaseOrder/1[lk.ijse.dep.Controller.ActionEvent],FALSE,256,7,8,0,8,4,21,24,0,8,1,21,0,0,2,1,0,0,3,3,9,2,2,0,0,0,26,1,0,FALSE
C:\Users\OOPS\Downloads\WholeSaleMavenSpringJPA-master\WholeSaleMavenSpringJPA-master\Tst\src\main\java\lk\ijse\dep\Controller\OrderItemController.java,lk.ijse.dep.Controller.OrderItemController,generateItemsReport/1[lk.ijse.dep.Controller.ActionEvent],FALSE,453,5,2,0,2,1,9,12,0,8,1,9,0,0,0,0,0,0,3,0,8,0,0,0,0,0,25,1,0,FALSE
C:\Users\OOPS\Downloads\WholeSaleMavenSpringJPA-master\WholeSaleMavenSpringJPA-master\Tst\src\main\java\lk\ijse\dep\Controller\OrderItemController.java,lk.ijse.dep.Controller.OrderItemController,initialize/0,FALSE,57,10,4,0,4,5,28,158,0,15,0,28,0,0,2,0,1,0,12,8,16,2,2,5,0,2,84,1,0,FALSE
C:\Users\OOPS\Downloads\WholeSaleMavenSpringJPA-master\WholeSaleMavenSpringJPA-master\Tst\src\main\java\lk\ijse\dep\Controller\OrderItemController.java,lk.ijse.dep.Controller.OrderItemController,findTot/0,FALSE,292,2,2,1,1,3,7,11,0,4,0,7,0,0,1,1,0,0,0,2,5,1,2,0,0,0,10,2,0,FALSE
C:\Users\OOPS\Downloads\WholeSaleMavenSpringJPA-master\WholeSaleMavenSpringJPA-master\Tst\src\main\java\lk\ijse\dep\Controller\OrderItemController.java,lk.ijse.dep.Controller.OrderItemController,backToDashboard/1[lk.ijse.dep.Controller.ActionEvent],FALSE,392,4,0,0,0,1,7,7,0,3,1,7,0,0,0,0,0,0,2,0,3,0,0,0,0,0,18,1,0,FALSE
C:\Users\OOPS\Downloads\WholeSaleMavenSpringJPA-master\WholeSaleMavenSpringJPA-master\Tst\src\main\java\lk\ijse\dep\Controller\OrderItemController.java,lk.ijse.dep.Controller.OrderItemController,addNeworder/1[lk.ijse.dep.Controller.ActionEvent],FALSE,444,1,0,0,0,1,4,7,0,0,1,4,0,0,0,0,0,0,1,0,0,0,0,0,0,0,7,1,0,FALSE
C:\Users\OOPS\Downloads\WholeSaleMavenSpringJPA-master\WholeSaleMavenSpringJPA-master\Tst\src\main\java\lk\ijse\dep\Entities\Customer.java,lk.ijse.dep.Entities.Customer,getAddress/0,FALSE,45,0,1,1,0,1,0,3,1,0,0,0,0,0,0,0,0,0,0,0,0,0,0,0,0,0,3,1,0,FALSE
C:\Users\OOPS\Downloads\WholeSaleMavenSpringJPA-master\WholeSaleMavenSpringJPA-master\Tst\src\main\java\lk\ijse\dep\Entities\Customer.java,lk.ijse.dep.Entities.Customer,"Customer/3[java.lang.String,java.lang.String,java.lang.String]",TRUE,23,0,2,2,0,1,0,5,0,0,3,0,0,0,0,0,0,0,0,0,3,0,0,0,0,0,4,1,0,FALSE
C:\Users\OOPS\Downloads\WholeSaleMavenSpringJPA-master\WholeSaleMavenSpringJPA-master\Tst\src\main\java\lk\ijse\dep\Entities\Customer.java,lk.ijse.dep.Entities.Customer,toString/0,FALSE,54,0,0,0,0,1,0,3,1,0,0,0,0,0,0,0,0,0,4,0,0,2,0,0,0,0,5,1,0,FALSE
C:\Users\OOPS\Downloads\WholeSaleMavenSpringJPA-master\WholeSaleMavenSpringJPA-master\Tst\src\main\java\lk\ijse\dep\Entities\Customer.java,lk.ijse.dep.Entities.Customer,setId/1[java.lang.String],FALSE,33,0,0,0,0,1,0,3,0,0,1,0,0,0,0,0,0,0,0,0,1,0,0,0,0,0,3,1,0,FALSE
C:\Users\OOPS\Downloads\WholeSaleMavenSpringJPA-master\WholeSaleMavenSpringJPA-master\Tst\src\main\java\lk\ijse\dep\Entities\Customer.java,lk.ijse.dep.Entities.Customer,setAddress/1[java.lang.String],FALSE,49,0,0,0,0,1,0,3,0,0,1,0,0,0,0,0,0,0,0,0,1,0,0,0,0,0,3,1,0,FALSE
C:\Users\OOPS\Downloads\WholeSaleMavenSpringJPA-master\WholeSaleMavenSpringJPA-master\Tst\src\main\java\lk\ijse\dep\Entities\Customer.java,lk.ijse.dep.Entities.Customer,getOrderDetails/0,FALSE,63,1,0,0,0,1,0,3,1,0,0,0,0,0,0,0,0,0,0,0,0,0,0,0,0,0,4,1,0,FALSE
C:\Users\OOPS\Downloads\WholeSaleMavenSpringJPA-master\WholeSaleMavenSpringJPA-master\Tst\src\main\java\lk\ijse\dep\Entities\Customer.java,lk.ijse.dep.Entities.Customer,setOrderDetails/1[java.util.List<lk.ijse.dep.Entities.OrderDetails>],FALSE,67,1,0,0,0,1,0,3,0,0,1,0,0,0,0,0,0,0,0,0,1,0,0,0,0,0,4,1,0,FALSE
C:\Users\OOPS\Downloads\WholeSaleMavenSpringJPA-master\WholeSaleMavenSpringJPA-master\Tst\src\main\java\lk\ijse\dep\Entities\Customer.java,lk.ijse.dep.Entities.Customer,getName/0,FALSE,37,0,1,1,0,1,0,3,1,0,0,0,0,0,0,0,0,0,0,0,0,0,0,0,0,0,3,1,0,FALSE
C:\Users\OOPS\Downloads\WholeSaleMavenSpringJPA-master\WholeSaleMavenSpringJPA-master\Tst\src\main\java\lk\ijse\dep\Entities\Customer.java,lk.ijse.dep.Entities.Customer,setName/1[java.lang.String],FALSE,41,0,0,0,0,1,0,3,0,0,1,0,0,0,0,0,0,0,0,0,1,0,0,0,0,0,3,1,0,FALSE
C:\Users\OOPS\Downloads\WholeSaleMavenSpringJPA-master\WholeSaleMavenSpringJPA-master\Tst\src\main\java\lk\ijse\dep\Entities\Customer.java,lk.ijse.dep.Entities.Customer,Customer/0,TRUE,20,0,0,0,0,1,0,2,0,0,0,0,0,0,0,0,0,0,0,0,0,0,0,0,0,0,1,1,0,FALSE
C:\Users\OOPS\Downloads\WholeSaleMavenSpringJPA-master\WholeSaleMavenSpringJPA-master\Tst\src\main\java\lk\ijse\dep\Entities\Customer.java,lk.ijse.dep.Entities.Customer,getId/0,FALSE,29,0,2,2,0,1,0,3,1,0,0,0,0,0,0,0,0,0,0,0,0,0,0,0,0,0,3,1,0,FALSE
C:\Users\OOPS\Downloads\WholeSaleMavenSpringJPA-master\WholeSaleMavenSpringJPA-master\Tst\src\main\java\lk\ijse\dep\UtilityClasses\OnHandQunatites.java,lk.ijse.dep.UtilityClasses.OnHandQunatites,getQunatityOnHand/0,FALSE,24,0,2,2,0,1,0,3,1,0,0,0,0,0,0,0,0,0,0,0,0,0,0,0,0,0,5,1,0,FALSE
C:\Users\OOPS\Downloads\WholeSaleMavenSpringJPA-master\WholeSaleMavenSpringJPA-master\Tst\src\main\java\lk\ijse\dep\UtilityClasses\OnHandQunatites.java,lk.ijse.dep.UtilityClasses.OnHandQunatites,"OnHandQunatites/2[java.lang.String,java.lang.String]",TRUE,11,0,1,1,0,1,0,4,0,0,2,0,0,0,0,0,0,0,0,0,2,0,0,0,0,0,6,1,0,FALSE
C:\Users\OOPS\Downloads\WholeSaleMavenSpringJPA-master\WholeSaleMavenSpringJPA-master\Tst\src\main\java\lk\ijse\dep\UtilityClasses\OnHandQunatites.java,lk.ijse.dep.UtilityClasses.OnHandQunatites,setItemCode/1[java.lang.String],FALSE,20,0,0,0,0,1,0,3,0,0,1,0,0,0,0,0,0,0,0,0,1,0,0,0,0,0,4,1,0,FALSE
C:\Users\OOPS\Downloads\WholeSaleMavenSpringJPA-master\WholeSaleMavenSpringJPA-master\Tst\src\main\java\lk\ijse\dep\UtilityClasses\OnHandQunatites.java,lk.ijse.dep.UtilityClasses.OnHandQunatites,OnHandQunatites/0,TRUE,8,0,0,0,0,1,0,2,0,0,0,0,0,0,0,0,0,0,0,0,0,0,0,0,0,0,3,1,0,FALSE
C:\Users\OOPS\Downloads\WholeSaleMavenSpringJPA-master\WholeSaleMavenSpringJPA-master\Tst\src\main\java\lk\ijse\dep\UtilityClasses\OnHandQunatites.java,lk.ijse.dep.UtilityClasses.OnHandQunatites,getItemCode/0,FALSE,16,0,4,4,0,1,0,3,1,0,0,0,0,0,0,0,0,0,0,0,0,0,0,0,0,0,4,1,0,FALSE
C:\Users\OOPS\Downloads\WholeSaleMavenSpringJPA-master\WholeSaleMavenSpringJPA-master\Tst\src\main\java\lk\ijse\dep\UtilityClasses\OnHandQunatites.java,lk.ijse.dep.UtilityClasses.OnHandQunatites,setQunatityOnHand/1[java.lang.String],FALSE,28,0,2,2,0,1,0,3,0,0,1,0,0,0,0,0,0,0,0,0,1,0,0,0,0,0,5,1,0,FALSE
C:\Users\OOPS\Downloads\WholeSaleMavenSpringJPA-master\WholeSaleMavenSpringJPA-master\Tst\src\main\java\lk\ijse\dep\Controller\SearchOrderController.java,lk.ijse.dep.Controller.SearchOrderController,initialize/0,FALSE,31,3,0,0,0,1,8,70,0,1,0,8,0,0,0,0,0,0,5,5,1,0,0,2,0,0,65,1,0,FALSE
C:\Users\OOPS\Downloads\WholeSaleMavenSpringJPA-master\WholeSaleMavenSpringJPA-master\Tst\src\main\java\lk\ijse\dep\Controller\SearchOrderController.java,lk.ijse.dep.Controller.SearchOrderController,searchInstance/1[lk.ijse.dep.Controller.ActionEvent],FALSE,120,1,0,0,0,1,0,2,0,0,1,0,0,0,0,0,0,0,0,0,0,0,0,0,0,0,5,1,0,FALSE
C:\Users\OOPS\Downloads\WholeSaleMavenSpringJPA-master\WholeSaleMavenSpringJPA-master\Tst\src\main\java\lk\ijse\dep\Entities\OrderItemsPK.java,lk.ijse.dep.Entities.OrderItemsPK,getItemcode/0,FALSE,31,0,2,2,0,1,0,3,1,0,0,0,0,0,0,0,0,0,0,0,0,0,0,0,0,0,3,1,0,FALSE
C:\Users\OOPS\Downloads\WholeSaleMavenSpringJPA-master\WholeSaleMavenSpringJPA-master\Tst\src\main\java\lk\ijse\dep\Entities\OrderItemsPK.java,lk.ijse.dep.Entities.OrderItemsPK,setOrderid/1[java.lang.String],FALSE,27,0,0,0,0,1,0,3,0,0,1,0,0,0,0,0,0,0,0,0,1,0,0,0,0,0,3,1,0,FALSE
C:\Users\OOPS\Downloads\WholeSaleMavenSpringJPA-master\WholeSaleMavenSpringJPA-master\Tst\src\main\java\lk\ijse\dep\Entities\OrderItemsPK.java,lk.ijse.dep.Entities.OrderItemsPK,"OrderItemsPK/2[java.lang.String,java.lang.String]",TRUE,18,0,1,1,0,1,0,4,0,0,2,0,0,0,0,0,0,0,0,0,2,0,0,0,0,0,6,1,0,FALSE
C:\Users\OOPS\Downloads\WholeSaleMavenSpringJPA-master\WholeSaleMavenSpringJPA-master\Tst\src\main\java\lk\ijse\dep\Entities\OrderItemsPK.java,lk.ijse.dep.Entities.OrderItemsPK,OrderItemsPK/0,TRUE,15,0,0,0,0,1,0,2,0,0,0,0,0,0,0,0,0,0,0,0,0,0,0,0,0,0,4,1,0,FALSE
C:\Users\OOPS\Downloads\WholeSaleMavenSpringJPA-master\WholeSaleMavenSpringJPA-master\Tst\src\main\java\lk\ijse\dep\Entities\OrderItemsPK.java,lk.ijse.dep.Entities.OrderItemsPK,getOrderid/0,FALSE,23,0,1,1,0,1,0,3,1,0,0,0,0,0,0,0,0,0,0,0,0,0,0,0,0,0,3,1,0,FALSE
C:\Users\OOPS\Downloads\WholeSaleMavenSpringJPA-master\WholeSaleMavenSpringJPA-master\Tst\src\main\java\lk\ijse\dep\Entities\OrderItemsPK.java,lk.ijse.dep.Entities.OrderItemsPK,setItemcode/1[java.lang.String],FALSE,35,0,0,0,0,1,0,3,0,0,1,0,0,0,0,0,0,0,0,0,1,0,0,0,0,0,3,1,0,FALSE
C:\Users\OOPS\Downloads\WholeSaleMavenSpringJPA-master\WholeSaleMavenSpringJPA-master\Tst\src\main\java\lk\ijse\dep\DTO\OrderItemDTO.java,lk.ijse.dep.DTO.OrderItemDTO,setOrderid/1[java.lang.String],FALSE,22,0,0,0,0,1,0,3,0,0,1,0,0,0,0,0,0,0,0,0,1,0,0,0,0,0,3,1,0,FALSE
C:\Users\OOPS\Downloads\WholeSaleMavenSpringJPA-master\WholeSaleMavenSpringJPA-master\Tst\src\main\java\lk\ijse\dep\DTO\OrderItemDTO.java,lk.ijse.dep.DTO.OrderItemDTO,setItemcode/1[java.lang.String],FALSE,30,0,0,0,0,1,0,3,0,0,1,0,0,0,0,0,0,0,0,0,1,0,0,0,0,0,3,1,0,FALSE
C:\Users\OOPS\Downloads\WholeSaleMavenSpringJPA-master\WholeSaleMavenSpringJPA-master\Tst\src\main\java\lk\ijse\dep\DTO\OrderItemDTO.java,lk.ijse.dep.DTO.OrderItemDTO,getOrderid/0,FALSE,18,0,0,0,0,1,0,3,1,0,0,0,0,0,0,0,0,0,0,0,0,0,0,0,0,0,3,1,0,FALSE
C:\Users\OOPS\Downloads\WholeSaleMavenSpringJPA-master\WholeSaleMavenSpringJPA-master\Tst\src\main\java\lk\ijse\dep\DTO\OrderItemDTO.java,lk.ijse.dep.DTO.OrderItemDTO,setQty/1[java.lang.String],FALSE,38,0,0,0,0,1,0,3,0,0,1,0,0,0,0,0,0,0,0,0,1,0,0,0,0,0,3,1,0,FALSE
C:\Users\OOPS\Downloads\WholeSaleMavenSpringJPA-master\WholeSaleMavenSpringJPA-master\Tst\src\main\java\lk\ijse\dep\DTO\OrderItemDTO.java,lk.ijse.dep.DTO.OrderItemDTO,getQty/0,FALSE,34,0,0,0,0,1,0,3,1,0,0,0,0,0,0,0,0,0,0,0,0,0,0,0,0,0,3,1,0,FALSE
C:\Users\OOPS\Downloads\WholeSaleMavenSpringJPA-master\WholeSaleMavenSpringJPA-master\Tst\src\main\java\lk\ijse\dep\DTO\OrderItemDTO.java,lk.ijse.dep.DTO.OrderItemDTO,getItemcode/0,FALSE,26,0,0,0,0,1,0,3,1,0,0,0,0,0,0,0,0,0,0,0,0,0,0,0,0,0,3,1,0,FALSE
C:\Users\OOPS\Downloads\WholeSaleMavenSpringJPA-master\WholeSaleMavenSpringJPA-master\Tst\src\main\java\lk\ijse\dep\DTO\OrderItemDTO.java,lk.ijse.dep.DTO.OrderItemDTO,"OrderItemDTO/3[java.lang.String,java.lang.String,java.lang.String]",TRUE,12,0,0,0,0,1,0,5,0,0,3,0,0,0,0,0,0,0,0,0,3,0,0,0,0,0,8,1,0,FALSE
C:\Users\OOPS\Downloads\WholeSaleMavenSpringJPA-master\WholeSaleMavenSpringJPA-master\Tst\src\main\java\lk\ijse\dep\DTO\OrderItemDTO.java,lk.ijse.dep.DTO.OrderItemDTO,OrderItemDTO/0,TRUE,9,0,0,0,0,1,0,2,0,0,0,0,0,0,0,0,0,0,0,0,0,0,0,0,0,0,5,1,0,FALSE
C:\Users\OOPS\Downloads\WholeSaleMavenSpringJPA-master\WholeSaleMavenSpringJPA-master\Tst\src\main\java\lk\ijse\dep\Business\custom\OrderBO.java,lk.ijse.dep.Business.custom.OrderBO,getAllCustomerId/1[lk.ijse.dep.Business.custom.ObservableList],FALSE,17,1,0,0,0,1,0,1,0,0,1,0,0,0,0,0,0,0,0,0,0,0,0,0,0,0,11,1,0,FALSE
C:\Users\OOPS\Downloads\WholeSaleMavenSpringJPA-master\WholeSaleMavenSpringJPA-master\Tst\src\main\java\lk\ijse\dep\Business\custom\OrderBO.java,lk.ijse.dep.Business.custom.OrderBO,qtyGetByCode/1[java.lang.String],FALSE,12,0,0,0,0,1,0,1,0,0,1,0,0,0,0,0,0,0,0,0,0,0,0,0,0,0,5,1,0,FALSE
C:\Users\OOPS\Downloads\WholeSaleMavenSpringJPA-master\WholeSaleMavenSpringJPA-master\Tst\src\main\java\lk\ijse\dep\Business\custom\OrderBO.java,lk.ijse.dep.Business.custom.OrderBO,allItems/0,FALSE,16,1,0,0,0,1,0,1,0,0,0,0,0,0,0,0,0,0,0,0,0,0,0,0,0,0,3,1,0,FALSE
C:\Users\OOPS\Downloads\WholeSaleMavenSpringJPA-master\WholeSaleMavenSpringJPA-master\Tst\src\main\java\lk\ijse\dep\Business\custom\OrderBO.java,lk.ijse.dep.Business.custom.OrderBO,insertOrderDetails/1[lk.ijse.dep.DTO.OrderDetailsDTO],FALSE,13,1,0,0,0,1,0,1,0,0,1,0,0,0,0,0,0,0,0,0,0,0,0,0,0,0,8,1,0,FALSE
C:\Users\OOPS\Downloads\WholeSaleMavenSpringJPA-master\WholeSaleMavenSpringJPA-master\Tst\src\main\java\lk\ijse\dep\Business\custom\OrderBO.java,lk.ijse.dep.Business.custom.OrderBO,insertOrderItems/1[lk.ijse.dep.DTO.OrderDetailsDTO],FALSE,14,1,0,0,0,1,0,1,0,0,1,0,0,0,0,0,0,0,0,0,0,0,0,0,0,0,9,1,0,FALSE
C:\Users\OOPS\Downloads\WholeSaleMavenSpringJPA-master\WholeSaleMavenSpringJPA-master\Tst\src\main\java\lk\ijse\dep\Business\custom\OrderBO.java,lk.ijse.dep.Business.custom.OrderBO,"updateItemQty/2[java.lang.String,java.lang.String]",FALSE,15,0,0,0,0,1,0,1,0,0,2,0,0,0,0,0,0,0,0,0,0,0,0,0,0,0,4,1,0,FALSE
C:\Users\OOPS\Downloads\WholeSaleMavenSpringJPA-master\WholeSaleMavenSpringJPA-master\Tst\src\main\java\lk\ijse\dep\DAO\DAO\custom\CustomerDAO.java,lk.ijse.dep.DAO.DAO.custom.CustomerDAO,setEntityManager/1[lk.ijse.dep.DAO.DAO.custom.EntityManager],FALSE,12,1,5,5,0,1,0,1,0,0,1,0,0,0,0,0,0,0,0,0,0,0,0,0,0,0,4,1,0,FALSE
C:\Users\OOPS\Downloads\WholeSaleMavenSpringJPA-master\WholeSaleMavenSpringJPA-master\Tst\src\main\java\lk\ijse\dep\DAO\DAO\custom\CustomerDAO.java,lk.ijse.dep.DAO.DAO.custom.CustomerDAO,getId/1[lk.ijse.dep.DAO.DAO.custom.ObservableList],FALSE,11,1,0,0,0,1,0,1,0,0,1,0,0,0,0,0,0,0,0,0,0,0,0,0,0,0,9,1,0,FALSE
C:\Users\OOPS\Downloads\WholeSaleMavenSpringJPA-master\WholeSaleMavenSpringJPA-master\Tst\src\main\java\lk\ijse\dep\Controller\CustomerManageController.java,lk.ijse.dep.Controller.CustomerManageController$Anonymous1,"updateItem/2[Customer,boolean]",FALSE,57,2,0,0,0,5,10,27,1,2,2,10,0,0,0,1,1,0,1,0,1,0,3,0,0,1,18,4,0,FALSE
C:\Users\OOPS\Downloads\WholeSaleMavenSpringJPA-master\WholeSaleMavenSpringJPA-master\Tst\src\main\java\lk\ijse\dep\UtilityClasses\Item.java,lk.ijse.dep.UtilityClasses.Item,getQty/0,FALSE,36,0,1,1,0,1,0,3,1,0,0,0,0,0,0,0,0,0,0,0,0,0,0,0,0,0,3,1,0,FALSE
C:\Users\OOPS\Downloads\WholeSaleMavenSpringJPA-master\WholeSaleMavenSpringJPA-master\Tst\src\main\java\lk\ijse\dep\UtilityClasses\Item.java,lk.ijse.dep.UtilityClasses.Item,setCode/1[java.lang.String],FALSE,24,0,0,0,0,1,0,3,0,0,1,0,0,0,0,0,0,0,0,0,1,0,0,0,0,0,3,1,0,FALSE
C:\Users\OOPS\Downloads\WholeSaleMavenSpringJPA-master\WholeSaleMavenSpringJPA-master\Tst\src\main\java\lk\ijse\dep\UtilityClasses\Item.java,lk.ijse.dep.UtilityClasses.Item,getDescription/0,FALSE,28,0,1,1,0,1,0,3,1,0,0,0,0,0,0,0,0,0,0,0,0,0,0,0,0,0,3,1,0,FALSE
C:\Users\OOPS\Downloads\WholeSaleMavenSpringJPA-master\WholeSaleMavenSpringJPA-master\Tst\src\main\java\lk\ijse\dep\UtilityClasses\Item.java,lk.ijse.dep.UtilityClasses.Item,setQty/1[java.lang.String],FALSE,40,0,0,0,0,1,0,3,0,0,1,0,0,0,0,0,0,0,0,0,1,0,0,0,0,0,3,1,0,FALSE
C:\Users\OOPS\Downloads\WholeSaleMavenSpringJPA-master\WholeSaleMavenSpringJPA-master\Tst\src\main\java\lk\ijse\dep\UtilityClasses\Item.java,lk.ijse.dep.UtilityClasses.Item,setPrice/1[java.lang.String],FALSE,48,0,0,0,0,1,0,3,0,0,1,0,0,0,0,0,0,0,0,0,1,0,0,0,0,0,3,1,0,FALSE
C:\Users\OOPS\Downloads\WholeSaleMavenSpringJPA-master\WholeSaleMavenSpringJPA-master\Tst\src\main\java\lk\ijse\dep\UtilityClasses\Item.java,lk.ijse.dep.UtilityClasses.Item,"Item/4[java.lang.String,java.lang.String,java.lang.String,java.lang.String]",TRUE,13,0,3,3,0,1,0,6,0,0,4,0,0,0,0,0,0,0,0,0,4,0,0,0,0,0,5,1,0,FALSE
C:\Users\OOPS\Downloads\WholeSaleMavenSpringJPA-master\WholeSaleMavenSpringJPA-master\Tst\src\main\java\lk\ijse\dep\UtilityClasses\Item.java,lk.ijse.dep.UtilityClasses.Item,getPrice/0,FALSE,44,0,1,1,0,1,0,3,1,0,0,0,0,0,0,0,0,0,0,0,0,0,0,0,0,0,3,1,0,FALSE
C:\Users\OOPS\Downloads\WholeSaleMavenSpringJPA-master\WholeSaleMavenSpringJPA-master\Tst\src\main\java\lk\ijse\dep\UtilityClasses\Item.java,lk.ijse.dep.UtilityClasses.Item,Item/0,TRUE,10,0,0,0,0,1,0,2,0,0,0,0,0,0,0,0,0,0,0,0,0,0,0,0,0,0,1,1,0,FALSE
C:\Users\OOPS\Downloads\WholeSaleMavenSpringJPA-master\WholeSaleMavenSpringJPA-master\Tst\src\main\java\lk\ijse\dep\UtilityClasses\Item.java,lk.ijse.dep.UtilityClasses.Item,getCode/0,FALSE,20,0,1,1,0,1,0,3,1,0,0,0,0,0,0,0,0,0,0,0,0,0,0,0,0,0,3,1,0,FALSE
C:\Users\OOPS\Downloads\WholeSaleMavenSpringJPA-master\WholeSaleMavenSpringJPA-master\Tst\src\main\java\lk\ijse\dep\UtilityClasses\Item.java,lk.ijse.dep.UtilityClasses.Item,setDescription/1[java.lang.String],FALSE,32,0,0,0,0,1,0,3,0,0,1,0,0,0,0,0,0,0,0,0,1,0,0,0,0,0,3,1,0,FALSE
C:\Users\OOPS\Downloads\WholeSaleMavenSpringJPA-master\WholeSaleMavenSpringJPA-master\Tst\src\main\java\lk\ijse\dep\Controller\CustomerManageController.java,lk.ijse.dep.Controller.CustomerManageController$Anonymous2,"changed/3[lk.ijse.dep.Controller.ObservableValue<? extends java.lang.Number>,java.lang.Number,java.lang.Number]",FALSE,106,2,9,0,9,2,7,10,0,1,3,7,0,0,0,1,0,0,0,0,1,0,1,0,0,0,10,1,0,FALSE
C:\Users\OOPS\Downloads\WholeSaleMavenSpringJPA-master\WholeSaleMavenSpringJPA-master\Tst\src\main\java\lk\ijse\dep\Controller\SearchOrderController.java,lk.ijse.dep.Controller.SearchOrderController$Anonymous1,"changed/3[lk.ijse.dep.Controller.ObservableValue<? extends java.lang.String>,java.lang.String,java.lang.String]",FALSE,41,2,1,0,1,6,11,41,0,18,3,11,0,0,2,0,1,0,14,5,20,3,5,0,0,0,50,1,0,FALSE
C:\Users\OOPS\Downloads\WholeSaleMavenSpringJPA-master\WholeSaleMavenSpringJPA-master\Tst\src\main\java\lk\ijse\dep\Controller\SearchOrderController.java,lk.ijse.dep.Controller.SearchOrderController$Anonymous2,"changed/3[lk.ijse.dep.Controller.ObservableValue<? extends java.lang.Number>,java.lang.Number,java.lang.Number]",FALSE,96,4,9,0,9,2,11,15,0,2,3,11,0,0,0,0,1,0,3,0,5,0,1,0,0,0,19,1,0,FALSE
C:\Users\OOPS\Downloads\WholeSaleMavenSpringJPA-master\WholeSaleMavenSpringJPA-master\Tst\src\main\java\lk\ijse\dep\Business\impl\OrderBOImpl.java,lk.ijse.dep.Business.impl.OrderBOImpl,allItems/0,FALSE,71,4,4,1,3,1,6,9,1,0,0,6,0,0,0,0,0,0,0,0,0,0,0,1,0,0,11,1,0,FALSE
C:\Users\OOPS\Downloads\WholeSaleMavenSpringJPA-master\WholeSaleMavenSpringJPA-master\Tst\src\main\java\lk\ijse\dep\Business\impl\OrderBOImpl.java,lk.ijse.dep.Business.impl.OrderBOImpl,getAllCustomerId/1[lk.ijse.dep.Business.impl.ObservableList],FALSE,92,2,2,0,2,1,2,5,1,1,1,2,0,0,0,0,0,0,0,0,1,0,0,0,0,0,14,1,0,FALSE
C:\Users\OOPS\Downloads\WholeSaleMavenSpringJPA-master\WholeSaleMavenSpringJPA-master\Tst\src\main\java\lk\ijse\dep\Business\impl\OrderBOImpl.java,lk.ijse.dep.Business.impl.OrderBOImpl,insertOrderItems/1[lk.ijse.dep.DTO.OrderDetailsDTO],FALSE,53,3,7,1,6,1,9,7,0,0,1,9,0,0,0,0,0,0,0,0,0,0,0,0,0,0,11,1,0,FALSE
C:\Users\OOPS\Downloads\WholeSaleMavenSpringJPA-master\WholeSaleMavenSpringJPA-master\Tst\src\main\java\lk\ijse\dep\Business\impl\OrderBOImpl.java,lk.ijse.dep.Business.impl.OrderBOImpl,insertOrderDetails/1[lk.ijse.dep.DTO.OrderDetailsDTO],FALSE,43,2,2,1,1,1,4,5,0,0,1,4,0,0,0,0,0,0,0,0,0,0,0,0,0,0,10,1,0,FALSE
C:\Users\OOPS\Downloads\WholeSaleMavenSpringJPA-master\WholeSaleMavenSpringJPA-master\Tst\src\main\java\lk\ijse\dep\Business\impl\OrderBOImpl.java,lk.ijse.dep.Business.impl.OrderBOImpl,qtyGetByCode/1[java.lang.String],FALSE,36,1,3,1,2,1,2,4,1,0,1,2,0,0,0,0,0,0,0,0,0,0,0,0,0,0,7,1,0,FALSE
C:\Users\OOPS\Downloads\WholeSaleMavenSpringJPA-master\WholeSaleMavenSpringJPA-master\Tst\src\main\java\lk\ijse\dep\Business\impl\OrderBOImpl.java,lk.ijse.dep.Business.impl.OrderBOImpl,"updateItemQty/2[java.lang.String,java.lang.String]",FALSE,62,1,3,1,2,1,5,6,0,0,2,5,0,0,0,0,0,0,0,0,0,0,0,0,0,0,6,1,0,FALSE
C:\Users\OOPS\Downloads\WholeSaleMavenSpringJPA-master\WholeSaleMavenSpringJPA-master\Tst\src\main\java\lk\ijse\dep\DAO\DAO\custom\OrderItemsDAO.java,lk.ijse.dep.DAO.DAO.custom.OrderItemsDAO,"updateQtyOnHand/2[java.lang.String,java.lang.String]",FALSE,8,0,0,0,0,1,0,1,0,0,2,0,0,0,0,0,0,0,0,0,0,0,0,0,0,0,5,0,0,FALSE
C:\Users\OOPS\Downloads\WholeSaleMavenSpringJPA-master\WholeSaleMavenSpringJPA-master\Tst\src\main\java\lk\ijse\dep\Entities\OrderDetails.java,lk.ijse.dep.Entities.OrderDetails,getOrderid/0,FALSE,27,0,0,0,0,1,0,3,1,0,0,0,0,0,0,0,0,0,0,0,0,0,0,0,0,0,3,1,0,FALSE
C:\Users\OOPS\Downloads\WholeSaleMavenSpringJPA-master\WholeSaleMavenSpringJPA-master\Tst\src\main\java\lk\ijse\dep\Entities\OrderDetails.java,lk.ijse.dep.Entities.OrderDetails,getCusid/0,FALSE,35,1,1,1,0,1,0,3,1,0,0,0,0,0,0,0,0,0,0,0,0,0,0,0,0,0,4,1,0,FALSE
C:\Users\OOPS\Downloads\WholeSaleMavenSpringJPA-master\WholeSaleMavenSpringJPA-master\Tst\src\main\java\lk\ijse\dep\Entities\OrderDetails.java,lk.ijse.dep.Entities.OrderDetails,getOrderdate/0,FALSE,43,0,0,0,0,1,0,3,1,0,0,0,0,0,0,0,0,0,0,0,0,0,0,0,0,0,3,1,0,FALSE
C:\Users\OOPS\Downloads\WholeSaleMavenSpringJPA-master\WholeSaleMavenSpringJPA-master\Tst\src\main\java\lk\ijse\dep\Entities\OrderDetails.java,lk.ijse.dep.Entities.OrderDetails,setOrderdate/1[java.lang.String],FALSE,47,0,0,0,0,1,0,3,0,0,1,0,0,0,0,0,0,0,0,0,1,0,0,0,0,0,3,1,0,FALSE
C:\Users\OOPS\Downloads\WholeSaleMavenSpringJPA-master\WholeSaleMavenSpringJPA-master\Tst\src\main\java\lk\ijse\dep\Entities\OrderDetails.java,lk.ijse.dep.Entities.OrderDetails,setOrderid/1[java.lang.String],FALSE,31,0,0,0,0,1,0,3,0,0,1,0,0,0,0,0,0,0,0,0,1,0,0,0,0,0,3,1,0,FALSE
C:\Users\OOPS\Downloads\WholeSaleMavenSpringJPA-master\WholeSaleMavenSpringJPA-master\Tst\src\main\java\lk\ijse\dep\Entities\OrderDetails.java,lk.ijse.dep.Entities.OrderDetails,setCusid/1[lk.ijse.dep.Entities.Customer],FALSE,39,1,0,0,0,1,0,3,0,0,1,0,0,0,0,0,0,0,0,0,1,0,0,0,0,0,4,1,0,FALSE
C:\Users\OOPS\Downloads\WholeSaleMavenSpringJPA-master\WholeSaleMavenSpringJPA-master\Tst\src\main\java\lk\ijse\dep\Entities\OrderDetails.java,lk.ijse.dep.Entities.OrderDetails,toString/0,FALSE,52,0,0,0,0,1,0,3,1,0,0,0,0,0,0,0,0,0,4,0,0,2,0,0,0,0,5,1,0,FALSE
C:\Users\OOPS\Downloads\WholeSaleMavenSpringJPA-master\WholeSaleMavenSpringJPA-master\Tst\src\main\java\lk\ijse\dep\Entities\OrderDetails.java,lk.ijse.dep.Entities.OrderDetails,OrderDetails/0,TRUE,18,0,0,0,0,1,0,2,0,0,0,0,0,0,0,0,0,0,0,0,0,0,0,0,0,0,2,1,0,FALSE
C:\Users\OOPS\Downloads\WholeSaleMavenSpringJPA-master\WholeSaleMavenSpringJPA-master\Tst\src\main\java\lk\ijse\dep\Entities\OrderDetails.java,lk.ijse.dep.Entities.OrderDetails,"OrderDetails/3[java.lang.String,lk.ijse.dep.Entities.Customer,java.lang.String]",TRUE,21,1,0,0,0,1,0,5,0,0,3,0,0,0,0,0,0,0,0,0,3,0,0,0,0,0,5,1,0,FALSE
C:\Users\OOPS\Downloads\WholeSaleMavenSpringJPA-master\WholeSaleMavenSpringJPA-master\Tst\src\main\java\lk\ijse\dep\Entities\OrderDetails.java,lk.ijse.dep.Entities.OrderDetails,getOrderItems/0,FALSE,60,1,0,0,0,1,0,3,1,0,0,0,0,0,0,0,0,0,0,0,0,0,0,0,0,0,4,1,0,FALSE
C:\Users\OOPS\Downloads\WholeSaleMavenSpringJPA-master\WholeSaleMavenSpringJPA-master\Tst\src\main\java\lk\ijse\dep\DTO\OrderDetailsDTO.java,lk.ijse.dep.DTO.OrderDetailsDTO,getOrderdate/0,FALSE,34,0,1,1,0,1,0,3,1,0,0,0,0,0,0,0,0,0,0,0,0,0,0,0,0,0,3,1,0,FALSE
C:\Users\OOPS\Downloads\WholeSaleMavenSpringJPA-master\WholeSaleMavenSpringJPA-master\Tst\src\main\java\lk\ijse\dep\DTO\OrderDetailsDTO.java,lk.ijse.dep.DTO.OrderDetailsDTO,setOrderdate/1[java.lang.String],FALSE,38,0,1,1,0,1,0,3,0,0,1,0,0,0,0,0,0,0,0,0,1,0,0,0,0,0,3,1,0,FALSE
C:\Users\OOPS\Downloads\WholeSaleMavenSpringJPA-master\WholeSaleMavenSpringJPA-master\Tst\src\main\java\lk\ijse\dep\DTO\OrderDetailsDTO.java,lk.ijse.dep.DTO.OrderDetailsDTO,OrderDetailsDTO/0,TRUE,9,0,0,0,0,1,0,2,0,0,0,0,0,0,0,0,0,0,0,0,0,0,0,0,0,0,5,1,0,FALSE
C:\Users\OOPS\Downloads\WholeSaleMavenSpringJPA-master\WholeSaleMavenSpringJPA-master\Tst\src\main\java\lk\ijse\dep\DTO\OrderDetailsDTO.java,lk.ijse.dep.DTO.OrderDetailsDTO,setOrderid/1[java.lang.String],FALSE,22,0,1,1,0,1,0,3,0,0,1,0,0,0,0,0,0,0,0,0,1,0,0,0,0,0,3,1,0,FALSE
C:\Users\OOPS\Downloads\WholeSaleMavenSpringJPA-master\WholeSaleMavenSpringJPA-master\Tst\src\main\java\lk\ijse\dep\DTO\OrderDetailsDTO.java,lk.ijse.dep.DTO.OrderDetailsDTO,getOrderid/0,FALSE,18,0,1,1,0,1,0,3,1,0,0,0,0,0,0,0,0,0,0,0,0,0,0,0,0,0,3,1,0,FALSE
C:\Users\OOPS\Downloads\WholeSaleMavenSpringJPA-master\WholeSaleMavenSpringJPA-master\Tst\src\main\java\lk\ijse\dep\DTO\OrderDetailsDTO.java,lk.ijse.dep.DTO.OrderDetailsDTO,"OrderDetailsDTO/3[java.lang.String,java.lang.String,java.lang.String]",TRUE,12,1,4,1,3,1,3,5,0,0,3,3,3,1,0,0,0,0,0,0,0,0,0,0,0,0,8,1,0,FALSE
C:\Users\OOPS\Downloads\WholeSaleMavenSpringJPA-master\WholeSaleMavenSpringJPA-master\Tst\src\main\java\lk\ijse\dep\DTO\OrderDetailsDTO.java,lk.ijse.dep.DTO.OrderDetailsDTO,setCusid/1[java.lang.String],FALSE,30,0,1,1,0,1,0,3,0,0,1,0,0,0,0,0,0,0,0,0,1,0,0,0,0,0,3,1,0,FALSE
C:\Users\OOPS\Downloads\WholeSaleMavenSpringJPA-master\WholeSaleMavenSpringJPA-master\Tst\src\main\java\lk\ijse\dep\DTO\OrderDetailsDTO.java,lk.ijse.dep.DTO.OrderDetailsDTO,getCusid/0,FALSE,26,0,1,1,0,1,0,3,1,0,0,0,0,0,0,0,0,0,0,0,0,0,0,0,0,0,3,1,0,FALSE
C:\Users\OOPS\Downloads\WholeSaleMavenSpringJPA-master\WholeSaleMavenSpringJPA-master\Tst\src\main\java\lk\ijse\dep\Controller\DashboardController.java,lk.ijse.dep.Controller.DashboardController,toCustomerManage/1[lk.ijse.dep.Controller.ActionEvent],FALSE,15,4,0,0,0,1,7,7,0,3,1,7,0,0,0,0,0,0,2,0,3,0,0,0,0,0,18,1,0,FALSE
C:\Users\OOPS\Downloads\WholeSaleMavenSpringJPA-master\WholeSaleMavenSpringJPA-master\Tst\src\main\java\lk\ijse\dep\Controller\DashboardController.java,lk.ijse.dep.Controller.DashboardController,toPlaseOrder/1[lk.ijse.dep.Controller.ActionEvent],FALSE,33,4,0,0,0,1,7,7,0,3,1,7,0,0,0,0,0,0,2,0,3,0,0,0,0,0,18,1,0,FALSE
C:\Users\OOPS\Downloads\WholeSaleMavenSpringJPA-master\WholeSaleMavenSpringJPA-master\Tst\src\main\java\lk\ijse\dep\Controller\DashboardController.java,lk.ijse.dep.Controller.DashboardController,showOrder/1[lk.ijse.dep.Controller.ActionEvent],FALSE,42,4,0,0,0,1,7,7,0,3,1,7,0,0,0,0,0,0,2,0,3,0,0,0,0,0,17,1,0,FALSE
C:\Users\OOPS\Downloads\WholeSaleMavenSpringJPA-master\WholeSaleMavenSpringJPA-master\Tst\src\main\java\lk\ijse\dep\Controller\DashboardController.java,lk.ijse.dep.Controller.DashboardController,toItemManage/1[lk.ijse.dep.Controller.ActionEvent],FALSE,24,4,0,0,0,1,7,7,0,3,1,7,0,0,0,0,0,0,2,0,3,0,0,0,0,0,18,1,0,FALSE
C:\Users\OOPS\Downloads\WholeSaleMavenSpringJPA-master\WholeSaleMavenSpringJPA-master\Tst\src\main\java\lk\ijse\dep\DTO\ItemDTO.java,lk.ijse.dep.DTO.ItemDTO,ItemDTO/0,TRUE,10,0,0,0,0,1,0,2,0,0,0,0,0,0,0,0,0,0,0,0,0,0,0,0,0,0,4,1,0,FALSE
C:\Users\OOPS\Downloads\WholeSaleMavenSpringJPA-master\WholeSaleMavenSpringJPA-master\Tst\src\main\java\lk\ijse\dep\DTO\ItemDTO.java,lk.ijse.dep.DTO.ItemDTO,getQty/0,FALSE,36,0,5,5,0,1,0,3,1,0,0,0,0,0,0,0,0,0,0,0,0,0,0,0,0,0,3,1,0,FALSE
C:\Users\OOPS\Downloads\WholeSaleMavenSpringJPA-master\WholeSaleMavenSpringJPA-master\Tst\src\main\java\lk\ijse\dep\DTO\ItemDTO.java,lk.ijse.dep.DTO.ItemDTO,setCode/1[java.lang.String],FALSE,24,0,0,0,0,1,0,3,0,0,1,0,0,0,0,0,0,0,0,0,1,0,0,0,0,0,3,1,0,FALSE
C:\Users\OOPS\Downloads\WholeSaleMavenSpringJPA-master\WholeSaleMavenSpringJPA-master\Tst\src\main\java\lk\ijse\dep\DTO\ItemDTO.java,lk.ijse.dep.DTO.ItemDTO,"ItemDTO/4[java.lang.String,java.lang.String,java.lang.String,java.lang.String]",TRUE,13,0,3,3,0,1,0,6,0,0,4,0,0,0,0,0,0,0,0,0,4,0,0,0,0,0,8,1,0,FALSE
C:\Users\OOPS\Downloads\WholeSaleMavenSpringJPA-master\WholeSaleMavenSpringJPA-master\Tst\src\main\java\lk\ijse\dep\DTO\ItemDTO.java,lk.ijse.dep.DTO.ItemDTO,getDescription/0,FALSE,28,0,4,4,0,1,0,3,1,0,0,0,0,0,0,0,0,0,0,0,0,0,0,0,0,0,3,1,0,FALSE
C:\Users\OOPS\Downloads\WholeSaleMavenSpringJPA-master\WholeSaleMavenSpringJPA-master\Tst\src\main\java\lk\ijse\dep\DTO\ItemDTO.java,lk.ijse.dep.DTO.ItemDTO,setQty/1[java.lang.String],FALSE,40,0,0,0,0,1,0,3,0,0,1,0,0,0,0,0,0,0,0,0,1,0,0,0,0,0,3,1,0,FALSE
C:\Users\OOPS\Downloads\WholeSaleMavenSpringJPA-master\WholeSaleMavenSpringJPA-master\Tst\src\main\java\lk\ijse\dep\DTO\ItemDTO.java,lk.ijse.dep.DTO.ItemDTO,setPrice/1[java.lang.String],FALSE,48,0,0,0,0,1,0,3,0,0,1,0,0,0,0,0,0,0,0,0,1,0,0,0,0,0,3,1,0,FALSE
C:\Users\OOPS\Downloads\WholeSaleMavenSpringJPA-master\WholeSaleMavenSpringJPA-master\Tst\src\main\java\lk\ijse\dep\DTO\ItemDTO.java,lk.ijse.dep.DTO.ItemDTO,getPrice/0,FALSE,44,0,4,4,0,1,0,3,1,0,0,0,0,0,0,0,0,0,0,0,0,0,0,0,0,0,3,1,0,FALSE
C:\Users\OOPS\Downloads\WholeSaleMavenSpringJPA-master\WholeSaleMavenSpringJPA-master\Tst\src\main\java\lk\ijse\dep\DTO\ItemDTO.java,lk.ijse.dep.DTO.ItemDTO,getCode/0,FALSE,20,0,5,5,0,1,0,3,1,0,0,0,0,0,0,0,0,0,0,0,0,0,0,0,0,0,3,1,0,FALSE
C:\Users\OOPS\Downloads\WholeSaleMavenSpringJPA-master\WholeSaleMavenSpringJPA-master\Tst\src\main\java\lk\ijse\dep\DTO\ItemDTO.java,lk.ijse.dep.DTO.ItemDTO,setDescription/1[java.lang.String],FALSE,32,0,0,0,0,1,0,3,0,0,1,0,0,0,0,0,0,0,0,0,1,0,0,0,0,0,3,1,0,FALSE
C:\Users\OOPS\Downloads\WholeSaleMavenSpringJPA-master\WholeSaleMavenSpringJPA-master\Tst\src\main\java\lk\ijse\dep\Controller\ItemManageController.java,lk.ijse.dep.Controller.ItemManageController,btnSave/1[lk.ijse.dep.Controller.ActionEvent],FALSE,127,6,4,0,4,6,6,17,1,4,1,6,0,0,0,4,1,0,2,4,4,0,1,0,0,0,19,1,0,FALSE
C:\Users\OOPS\Downloads\WholeSaleMavenSpringJPA-master\WholeSaleMavenSpringJPA-master\Tst\src\main\java\lk\ijse\dep\Controller\ItemManageController.java,lk.ijse.dep.Controller.ItemManageController,toBack/1[lk.ijse.dep.Controller.ActionEvent],FALSE,155,4,0,0,0,1,6,6,0,3,1,6,0,0,0,0,0,0,1,0,3,0,0,0,0,0,17,1,0,FALSE
C:\Users\OOPS\Downloads\WholeSaleMavenSpringJPA-master\WholeSaleMavenSpringJPA-master\Tst\src\main\java\lk\ijse\dep\Controller\ItemManageController.java,lk.ijse.dep.Controller.ItemManageController,initialize/0,FALSE,43,9,6,0,6,2,18,71,0,5,0,18,0,0,1,0,0,0,5,5,3,0,1,2,0,2,36,1,0,FALSE
C:\Users\OOPS\Downloads\WholeSaleMavenSpringJPA-master\WholeSaleMavenSpringJPA-master\Tst\src\main\java\lk\ijse\dep\Controller\ItemManageController.java,lk.ijse.dep.Controller.ItemManageController,newCus/1[lk.ijse.dep.Controller.ActionEvent],FALSE,145,1,0,0,0,1,2,8,0,0,1,2,0,0,0,0,0,0,0,0,0,0,0,0,0,0,8,1,0,FALSE
C:\Users\OOPS\Downloads\WholeSaleMavenSpringJPA-master\WholeSaleMavenSpringJPA-master\Tst\src\main\java\lk\ijse\dep\Controller\ItemManageController.java,lk.ijse.dep.Controller.ItemManageController,update/1[lk.ijse.dep.Controller.ActionEvent],FALSE,164,6,9,0,9,3,11,15,0,3,1,11,0,0,1,0,1,0,1,0,3,0,2,0,0,0,17,1,0,FALSE
C:\Users\OOPS\Downloads\WholeSaleMavenSpringJPA-master\WholeSaleMavenSpringJPA-master\Tst\src\main\java\lk\ijse\dep\Controller\ItemManageController.java,lk.ijse.dep.Controller.ItemManageController,generateItemReport/1[lk.ijse.dep.Controller.ActionEvent],FALSE,183,5,2,0,2,1,8,8,0,5,1,8,0,0,0,0,0,0,1,0,5,0,0,0,0,0,20,1,0,FALSE
C:\Users\OOPS\Downloads\WholeSaleMavenSpringJPA-master\WholeSaleMavenSpringJPA-master\Tst\src\main\java\lk\ijse\dep\UtilityClasses\Customer.java,lk.ijse.dep.UtilityClasses.Customer,"Customer/3[java.lang.String,java.lang.String,java.lang.String]",TRUE,12,0,3,3,0,1,0,5,0,0,3,0,0,0,0,0,0,0,0,0,3,0,0,0,0,0,4,1,0,FALSE
C:\Users\OOPS\Downloads\WholeSaleMavenSpringJPA-master\WholeSaleMavenSpringJPA-master\Tst\src\main\java\lk\ijse\dep\UtilityClasses\Customer.java,lk.ijse.dep.UtilityClasses.Customer,Customer/0,TRUE,9,0,0,0,0,1,0,2,0,0,0,0,0,0,0,0,0,0,0,0,0,0,0,0,0,0,1,1,0,FALSE
C:\Users\OOPS\Downloads\WholeSaleMavenSpringJPA-master\WholeSaleMavenSpringJPA-master\Tst\src\main\java\lk\ijse\dep\UtilityClasses\Customer.java,lk.ijse.dep.UtilityClasses.Customer,getId/0,FALSE,18,0,1,1,0,1,0,3,1,0,0,0,0,0,0,0,0,0,0,0,0,0,0,0,0,0,3,1,0,FALSE
C:\Users\OOPS\Downloads\WholeSaleMavenSpringJPA-master\WholeSaleMavenSpringJPA-master\Tst\src\main\java\lk\ijse\dep\UtilityClasses\Customer.java,lk.ijse.dep.UtilityClasses.Customer,setId/1[java.lang.String],FALSE,22,0,0,0,0,1,0,3,0,0,1,0,0,0,0,0,0,0,0,0,1,0,0,0,0,0,3,1,0,FALSE
C:\Users\OOPS\Downloads\WholeSaleMavenSpringJPA-master\WholeSaleMavenSpringJPA-master\Tst\src\main\java\lk\ijse\dep\UtilityClasses\Customer.java,lk.ijse.dep.UtilityClasses.Customer,getName/0,FALSE,26,0,1,1,0,1,0,3,1,0,0,0,0,0,0,0,0,0,0,0,0,0,0,0,0,0,3,1,0,FALSE
C:\Users\OOPS\Downloads\WholeSaleMavenSpringJPA-master\WholeSaleMavenSpringJPA-master\Tst\src\main\java\lk\ijse\dep\UtilityClasses\Customer.java,lk.ijse.dep.UtilityClasses.Customer,setName/1[java.lang.String],FALSE,30,0,0,0,0,1,0,3,0,0,1,0,0,0,0,0,0,0,0,0,1,0,0,0,0,0,3,1,0,FALSE
C:\Users\OOPS\Downloads\WholeSaleMavenSpringJPA-master\WholeSaleMavenSpringJPA-master\Tst\src\main\java\lk\ijse\dep\UtilityClasses\Customer.java,lk.ijse.dep.UtilityClasses.Customer,getAddress/0,FALSE,34,0,1,1,0,1,0,3,1,0,0,0,0,0,0,0,0,0,0,0,0,0,0,0,0,0,3,1,0,FALSE
C:\Users\OOPS\Downloads\WholeSaleMavenSpringJPA-master\WholeSaleMavenSpringJPA-master\Tst\src\main\java\lk\ijse\dep\UtilityClasses\Customer.java,lk.ijse.dep.UtilityClasses.Customer,setAddress/1[java.lang.String],FALSE,38,0,0,0,0,1,0,3,0,0,1,0,0,0,0,0,0,0,0,0,1,0,0,0,0,0,3,1,0,FALSE
C:\Users\OOPS\Downloads\WholeSaleMavenSpringJPA-master\WholeSaleMavenSpringJPA-master\Tst\src\main\java\lk\ijse\dep\Controller\VIewOrderController.java,lk.ijse.dep.Controller.VIewOrderController,backToDashboard/1[lk.ijse.dep.Controller.ActionEvent],FALSE,89,4,0,0,0,1,7,7,0,3,1,7,0,0,0,0,0,0,2,0,3,0,0,0,0,0,18,1,0,FALSE
C:\Users\OOPS\Downloads\WholeSaleMavenSpringJPA-master\WholeSaleMavenSpringJPA-master\Tst\src\main\java\lk\ijse\dep\Controller\VIewOrderController.java,lk.ijse.dep.Controller.VIewOrderController,initialize/0,FALSE,32,4,5,0,5,4,19,44,0,14,0,19,0,0,1,0,1,0,12,7,15,2,3,0,0,0,41,1,0,FALSE
C:\Users\OOPS\Downloads\WholeSaleMavenSpringJPA-master\WholeSaleMavenSpringJPA-master\Tst\src\main\java\lk\ijse\dep\UtilityClasses\EntityManagerUtil.java,lk.ijse.dep.UtilityClasses.EntityManagerUtil,getInstance/0,FALSE,21,1,1,0,1,1,0,4,1,0,0,0,0,0,0,0,0,0,0,0,1,0,0,0,0,0,6,9,0,FALSE
C:\Users\OOPS\Downloads\WholeSaleMavenSpringJPA-master\WholeSaleMavenSpringJPA-master\Tst\src\main\java\lk\ijse\dep\UtilityClasses\EntityManagerUtil.java,lk.ijse.dep.UtilityClasses.EntityManagerUtil,EntityManagerUtil/0,TRUE,17,0,1,1,0,1,0,2,0,0,0,0,0,0,0,0,0,0,0,0,0,0,0,0,0,0,3,2,0,FALSE
C:\Users\OOPS\Downloads\WholeSaleMavenSpringJPA-master\WholeSaleMavenSpringJPA-master\Tst\src\main\java\lk\ijse\dep\UtilityClasses\EntityManagerUtil.java,lk.ijse.dep.UtilityClasses.EntityManagerUtil,getFactory/0,FALSE,26,1,1,1,0,3,3,16,1,4,0,3,0,0,0,0,1,0,2,0,4,0,1,0,0,0,17,2,0,FALSE
C:\Users\OOPS\Downloads\WholeSaleMavenSpringJPA-master\WholeSaleMavenSpringJPA-master\Tst\src\main\java\lk\ijse\dep\UtilityClasses\EntityManagerUtil.java,lk.ijse.dep.UtilityClasses.EntityManagerUtil,getManager/0,FALSE,43,3,1,0,1,1,2,5,1,2,0,2,1,1,0,0,0,0,0,0,2,0,0,0,0,0,6,1,0,FALSE
C:\Users\OOPS\Downloads\WholeSaleMavenSpringJPA-master\WholeSaleMavenSpringJPA-master\Tst\src\main\java\lk\ijse\dep\UtilityClasses\Order.java,lk.ijse.dep.UtilityClasses.Order,"Order/5[java.lang.String,java.lang.String,java.lang.String,java.lang.String,java.lang.String]",TRUE,14,0,2,2,0,1,0,7,0,0,5,0,0,0,0,0,0,0,0,0,5,0,0,0,0,0,6,1,0,FALSE
C:\Users\OOPS\Downloads\WholeSaleMavenSpringJPA-master\WholeSaleMavenSpringJPA-master\Tst\src\main\java\lk\ijse\dep\UtilityClasses\Order.java,lk.ijse.dep.UtilityClasses.Order,getQty/0,FALSE,38,0,2,2,0,1,0,3,1,0,0,0,0,0,0,0,0,0,0,0,0,0,0,0,0,0,3,1,0,FALSE
C:\Users\OOPS\Downloads\WholeSaleMavenSpringJPA-master\WholeSaleMavenSpringJPA-master\Tst\src\main\java\lk\ijse\dep\UtilityClasses\Order.java,lk.ijse.dep.UtilityClasses.Order,setCode/1[java.lang.String],FALSE,26,0,1,1,0,1,0,3,0,0,1,0,0,0,0,0,0,0,0,0,1,0,0,0,0,0,3,1,0,FALSE
C:\Users\OOPS\Downloads\WholeSaleMavenSpringJPA-master\WholeSaleMavenSpringJPA-master\Tst\src\main\java\lk\ijse\dep\UtilityClasses\Order.java,lk.ijse.dep.UtilityClasses.Order,Order/0,TRUE,11,0,0,0,0,1,0,2,0,0,0,0,0,0,0,0,0,0,0,0,0,0,0,0,0,0,1,1,0,FALSE
C:\Users\OOPS\Downloads\WholeSaleMavenSpringJPA-master\WholeSaleMavenSpringJPA-master\Tst\src\main\java\lk\ijse\dep\UtilityClasses\Order.java,lk.ijse.dep.UtilityClasses.Order,setTotal/1[java.lang.String],FALSE,58,0,1,1,0,1,0,3,0,0,1,0,0,0,0,0,0,0,0,0,1,0,0,0,0,0,3,1,0,FALSE
C:\Users\OOPS\Downloads\WholeSaleMavenSpringJPA-master\WholeSaleMavenSpringJPA-master\Tst\src\main\java\lk\ijse\dep\UtilityClasses\Order.java,lk.ijse.dep.UtilityClasses.Order,getPrice/0,FALSE,46,0,0,0,0,1,0,3,1,0,0,0,0,0,0,0,0,0,0,0,0,0,0,0,0,0,3,1,0,FALSE
C:\Users\OOPS\Downloads\WholeSaleMavenSpringJPA-master\WholeSaleMavenSpringJPA-master\Tst\src\main\java\lk\ijse\dep\UtilityClasses\Order.java,lk.ijse.dep.UtilityClasses.Order,getTotal/0,FALSE,54,0,1,1,0,1,0,3,1,0,0,0,0,0,0,0,0,0,0,0,0,0,0,0,0,0,3,1,0,FALSE
C:\Users\OOPS\Downloads\WholeSaleMavenSpringJPA-master\WholeSaleMavenSpringJPA-master\Tst\src\main\java\lk\ijse\dep\UtilityClasses\Order.java,lk.ijse.dep.UtilityClasses.Order,getDescription/0,FALSE,30,0,0,0,0,1,0,3,1,0,0,0,0,0,0,0,0,0,0,0,0,0,0,0,0,0,3,1,0,FALSE
C:\Users\OOPS\Downloads\WholeSaleMavenSpringJPA-master\WholeSaleMavenSpringJPA-master\Tst\src\main\java\lk\ijse\dep\UtilityClasses\Order.java,lk.ijse.dep.UtilityClasses.Order,setQty/1[java.lang.String],FALSE,42,0,1,1,0,1,0,3,0,0,1,0,0,0,0,0,0,0,0,0,1,0,0,0,0,0,3,1,0,FALSE
C:\Users\OOPS\Downloads\WholeSaleMavenSpringJPA-master\WholeSaleMavenSpringJPA-master\Tst\src\main\java\lk\ijse\dep\UtilityClasses\Order.java,lk.ijse.dep.UtilityClasses.Order,getCode/0,FALSE,22,0,2,2,0,1,0,3,1,0,0,0,0,0,0,0,0,0,0,0,0,0,0,0,0,0,3,1,0,FALSE
C:\Users\OOPS\Downloads\WholeSaleMavenSpringJPA-master\WholeSaleMavenSpringJPA-master\Tst\src\main\java\lk\ijse\dep\UtilityClasses\Order.java,lk.ijse.dep.UtilityClasses.Order,setDescription/1[java.lang.String],FALSE,34,0,1,1,0,1,0,3,0,0,1,0,0,0,0,0,0,0,0,0,1,0,0,0,0,0,3,1,0,FALSE
C:\Users\OOPS\Downloads\WholeSaleMavenSpringJPA-master\WholeSaleMavenSpringJPA-master\Tst\src\main\java\lk\ijse\dep\UtilityClasses\Order.java,lk.ijse.dep.UtilityClasses.Order,setPrice/1[java.lang.String],FALSE,50,0,1,1,0,1,0,3,0,0,1,0,0,0,0,0,0,0,0,0,1,0,0,0,0,0,3,1,0,FALSE
C:\Users\OOPS\Downloads\WholeSaleMavenSpringJPA-master\WholeSaleMavenSpringJPA-master\Tst\src\main\java\lk\ijse\dep\Entities\Item.java,lk.ijse.dep.Entities.Item,getCode/0,FALSE,31,0,1,1,0,1,0,3,1,0,0,0,0,0,0,0,0,0,0,0,0,0,0,0,0,0,3,1,0,FALSE
C:\Users\OOPS\Downloads\WholeSaleMavenSpringJPA-master\WholeSaleMavenSpringJPA-master\Tst\src\main\java\lk\ijse\dep\Entities\Item.java,lk.ijse.dep.Entities.Item,getDescription/0,FALSE,39,0,1,1,0,1,0,3,1,0,0,0,0,0,0,0,0,0,0,0,0,0,0,0,0,0,3,1,0,FALSE
C:\Users\OOPS\Downloads\WholeSaleMavenSpringJPA-master\WholeSaleMavenSpringJPA-master\Tst\src\main\java\lk\ijse\dep\Entities\Item.java,lk.ijse.dep.Entities.Item,setQty/1[java.lang.String],FALSE,51,0,0,0,0,1,0,3,0,0,1,0,0,0,0,0,0,0,0,0,1,0,0,0,0,0,3,1,0,FALSE
C:\Users\OOPS\Downloads\WholeSaleMavenSpringJPA-master\WholeSaleMavenSpringJPA-master\Tst\src\main\java\lk\ijse\dep\Entities\Item.java,lk.ijse.dep.Entities.Item,"Item/4[java.lang.String,java.lang.String,java.lang.String,java.lang.String]",TRUE,24,0,2,2,0,1,0,6,0,0,4,0,0,0,0,0,0,0,0,0,4,0,0,0,0,0,5,1,0,FALSE
C:\Users\OOPS\Downloads\WholeSaleMavenSpringJPA-master\WholeSaleMavenSpringJPA-master\Tst\src\main\java\lk\ijse\dep\Entities\Item.java,lk.ijse.dep.Entities.Item,setDescription/1[java.lang.String],FALSE,43,0,0,0,0,1,0,3,0,0,1,0,0,0,0,0,0,0,0,0,1,0,0,0,0,0,3,1,0,FALSE
C:\Users\OOPS\Downloads\WholeSaleMavenSpringJPA-master\WholeSaleMavenSpringJPA-master\Tst\src\main\java\lk\ijse\dep\Entities\Item.java,lk.ijse.dep.Entities.Item,setPrice/1[java.lang.String],FALSE,59,0,0,0,0,1,0,3,0,0,1,0,0,0,0,0,0,0,0,0,1,0,0,0,0,0,3,1,0,FALSE
C:\Users\OOPS\Downloads\WholeSaleMavenSpringJPA-master\WholeSaleMavenSpringJPA-master\Tst\src\main\java\lk\ijse\dep\Entities\Item.java,lk.ijse.dep.Entities.Item,getPrice/0,FALSE,55,0,1,1,0,1,0,3,1,0,0,0,0,0,0,0,0,0,0,0,0,0,0,0,0,0,3,1,0,FALSE
C:\Users\OOPS\Downloads\WholeSaleMavenSpringJPA-master\WholeSaleMavenSpringJPA-master\Tst\src\main\java\lk\ijse\dep\Entities\Item.java,lk.ijse.dep.Entities.Item,toString/0,FALSE,64,0,0,0,0,1,0,3,1,0,0,0,0,0,0,0,0,0,5,0,0,2,0,0,0,0,6,1,0,FALSE
C:\Users\OOPS\Downloads\WholeSaleMavenSpringJPA-master\WholeSaleMavenSpringJPA-master\Tst\src\main\java\lk\ijse\dep\Entities\Item.java,lk.ijse.dep.Entities.Item,Item/0,TRUE,21,0,0,0,0,1,0,2,0,0,0,0,0,0,0,0,0,0,0,0,0,0,0,0,0,0,1,1,0,FALSE
C:\Users\OOPS\Downloads\WholeSaleMavenSpringJPA-master\WholeSaleMavenSpringJPA-master\Tst\src\main\java\lk\ijse\dep\Entities\Item.java,lk.ijse.dep.Entities.Item,getQty/0,FALSE,47,0,1,1,0,1,0,3,1,0,0,0,0,0,0,0,0,0,0,0,0,0,0,0,0,0,3,1,0,FALSE
C:\Users\OOPS\Downloads\WholeSaleMavenSpringJPA-master\WholeSaleMavenSpringJPA-master\Tst\src\main\java\lk\ijse\dep\Entities\Item.java,lk.ijse.dep.Entities.Item,getOrderItems/0,FALSE,73,1,0,0,0,1,0,3,1,0,0,0,0,0,0,0,0,0,0,0,0,0,0,0,0,0,4,1,0,FALSE
C:\Users\OOPS\Downloads\WholeSaleMavenSpringJPA-master\WholeSaleMavenSpringJPA-master\Tst\src\main\java\lk\ijse\dep\Entities\Item.java,lk.ijse.dep.Entities.Item,setCode/1[java.lang.String],FALSE,35,0,0,0,0,1,0,3,0,0,1,0,0,0,0,0,0,0,0,0,1,0,0,0,0,0,3,1,0,FALSE
C:\Users\OOPS\Downloads\WholeSaleMavenSpringJPA-master\WholeSaleMavenSpringJPA-master\Tst\src\main\java\lk\ijse\dep\UtilityClasses\SearchTableHelper.java,lk.ijse.dep.UtilityClasses.SearchTableHelper,setCusname/1[java.lang.String],FALSE,50,0,0,0,0,1,0,3,0,0,1,0,0,0,0,0,0,0,0,0,1,0,0,0,0,0,3,1,0,FALSE
C:\Users\OOPS\Downloads\WholeSaleMavenSpringJPA-master\WholeSaleMavenSpringJPA-master\Tst\src\main\java\lk\ijse\dep\UtilityClasses\SearchTableHelper.java,lk.ijse.dep.UtilityClasses.SearchTableHelper,SearchTableHelper/0,TRUE,11,0,0,0,0,1,0,2,0,0,0,0,0,0,0,0,0,0,0,0,0,0,0,0,0,0,3,1,0,FALSE
C:\Users\OOPS\Downloads\WholeSaleMavenSpringJPA-master\WholeSaleMavenSpringJPA-master\Tst\src\main\java\lk\ijse\dep\UtilityClasses\SearchTableHelper.java,lk.ijse.dep.UtilityClasses.SearchTableHelper,"SearchTableHelper/5[java.lang.String,java.lang.String,java.lang.String,java.lang.String,java.lang.String]",TRUE,14,0,1,1,0,1,0,7,0,0,5,0,0,0,0,0,0,0,0,0,5,0,0,0,0,0,8,1,0,FALSE
C:\Users\OOPS\Downloads\WholeSaleMavenSpringJPA-master\WholeSaleMavenSpringJPA-master\Tst\src\main\java\lk\ijse\dep\UtilityClasses\SearchTableHelper.java,lk.ijse.dep.UtilityClasses.SearchTableHelper,getOrderdate/0,FALSE,30,0,1,1,0,1,0,3,1,0,0,0,0,0,0,0,0,0,0,0,0,0,0,0,0,0,3,1,0,FALSE
C:\Users\OOPS\Downloads\WholeSaleMavenSpringJPA-master\WholeSaleMavenSpringJPA-master\Tst\src\main\java\lk\ijse\dep\UtilityClasses\SearchTableHelper.java,lk.ijse.dep.UtilityClasses.SearchTableHelper,setOrderdate/1[java.lang.String],FALSE,34,0,0,0,0,1,0,3,0,0,1,0,0,0,0,0,0,0,0,0,1,0,0,0,0,0,3,1,0,FALSE
C:\Users\OOPS\Downloads\WholeSaleMavenSpringJPA-master\WholeSaleMavenSpringJPA-master\Tst\src\main\java\lk\ijse\dep\UtilityClasses\SearchTableHelper.java,lk.ijse.dep.UtilityClasses.SearchTableHelper,setOrderid/1[java.lang.String],FALSE,26,0,0,0,0,1,0,3,0,0,1,0,0,0,0,0,0,0,0,0,1,0,0,0,0,0,3,1,0,FALSE
C:\Users\OOPS\Downloads\WholeSaleMavenSpringJPA-master\WholeSaleMavenSpringJPA-master\Tst\src\main\java\lk\ijse\dep\UtilityClasses\SearchTableHelper.java,lk.ijse.dep.UtilityClasses.SearchTableHelper,setTotal/1[java.lang.String],FALSE,58,0,0,0,0,1,0,3,0,0,1,0,0,0,0,0,0,0,0,0,1,0,0,0,0,0,3,1,0,FALSE
C:\Users\OOPS\Downloads\WholeSaleMavenSpringJPA-master\WholeSaleMavenSpringJPA-master\Tst\src\main\java\lk\ijse\dep\UtilityClasses\SearchTableHelper.java,lk.ijse.dep.UtilityClasses.SearchTableHelper,getOrderid/0,FALSE,22,0,1,1,0,1,0,3,1,0,0,0,0,0,0,0,0,0,0,0,0,0,0,0,0,0,3,1,0,FALSE
C:\Users\OOPS\Downloads\WholeSaleMavenSpringJPA-master\WholeSaleMavenSpringJPA-master\Tst\src\main\java\lk\ijse\dep\UtilityClasses\SearchTableHelper.java,lk.ijse.dep.UtilityClasses.SearchTableHelper,getTotal/0,FALSE,54,0,0,0,0,1,0,3,1,0,0,0,0,0,0,0,0,0,0,0,0,0,0,0,0,0,3,1,0,FALSE
C:\Users\OOPS\Downloads\WholeSaleMavenSpringJPA-master\WholeSaleMavenSpringJPA-master\Tst\src\main\java\lk\ijse\dep\UtilityClasses\SearchTableHelper.java,lk.ijse.dep.UtilityClasses.SearchTableHelper,getCusid/0,FALSE,38,0,1,1,0,1,0,3,1,0,0,0,0,0,0,0,0,0,0,0,0,0,0,0,0,0,3,1,0,FALSE
C:\Users\OOPS\Downloads\WholeSaleMavenSpringJPA-master\WholeSaleMavenSpringJPA-master\Tst\src\main\java\lk\ijse\dep\UtilityClasses\SearchTableHelper.java,lk.ijse.dep.UtilityClasses.SearchTableHelper,setCusid/1[java.lang.String],FALSE,42,0,0,0,0,1,0,3,0,0,1,0,0,0,0,0,0,0,0,0,1,0,0,0,0,0,3,1,0,FALSE
C:\Users\OOPS\Downloads\WholeSaleMavenSpringJPA-master\WholeSaleMavenSpringJPA-master\Tst\src\main\java\lk\ijse\dep\UtilityClasses\SearchTableHelper.java,lk.ijse.dep.UtilityClasses.SearchTableHelper,getCusname/0,FALSE,46,0,1,1,0,1,0,3,1,0,0,0,0,0,0,0,0,0,0,0,0,0,0,0,0,0,3,1,0,FALSE
C:\Users\OOPS\Downloads\WholeSaleMavenSpringJPA-master\WholeSaleMavenSpringJPA-master\Tst\src\main\java\lk\ijse\dep\Business\custom\CustomerBO.java,lk.ijse.dep.Business.custom.CustomerBO,customerExistsinOrder/1[java.lang.String],FALSE,12,0,0,0,0,1,0,1,0,0,1,0,0,0,0,0,0,0,0,0,0,0,0,0,0,0,5,1,0,FALSE
C:\Users\OOPS\Downloads\WholeSaleMavenSpringJPA-master\WholeSaleMavenSpringJPA-master\Tst\src\main\java\lk\ijse\dep\Business\custom\CustomerBO.java,lk.ijse.dep.Business.custom.CustomerBO,saveCustomer/1[lk.ijse.dep.DTO.CustomerDTO],FALSE,10,1,0,0,0,1,0,1,0,0,1,0,0,0,0,0,0,0,0,0,0,0,0,0,0,0,7,1,0,FALSE
C:\Users\OOPS\Downloads\WholeSaleMavenSpringJPA-master\WholeSaleMavenSpringJPA-master\Tst\src\main\java\lk\ijse\dep\Business\custom\CustomerBO.java,lk.ijse.dep.Business.custom.CustomerBO,deleteCustomer/1[java.lang.String],FALSE,11,0,0,0,0,1,0,1,0,0,1,0,0,0,0,0,0,0,0,0,0,0,0,0,0,0,4,1,0,FALSE
C:\Users\OOPS\Downloads\WholeSaleMavenSpringJPA-master\WholeSaleMavenSpringJPA-master\Tst\src\main\java\lk\ijse\dep\Business\custom\CustomerBO.java,lk.ijse.dep.Business.custom.CustomerBO,allCustomers/0,FALSE,9,1,1,1,0,1,0,1,0,0,0,0,0,0,0,0,0,0,0,0,0,0,0,0,0,0,3,1,0,FALSE
C:\Users\OOPS\Downloads\WholeSaleMavenSpringJPA-master\WholeSaleMavenSpringJPA-master\Tst\src\main\java\lk\ijse\dep\Business\custom\CustomerBO.java,lk.ijse.dep.Business.custom.CustomerBO,updateCustomer/1[lk.ijse.dep.DTO.CustomerDTO],FALSE,13,1,0,0,0,1,0,1,0,0,1,0,0,0,0,0,0,0,0,0,0,0,0,0,0,0,7,1,0,FALSE
C:\Users\OOPS\Downloads\WholeSaleMavenSpringJPA-master\WholeSaleMavenSpringJPA-master\Tst\src\main\java\lk\ijse\dep\DAO\DAO\custom\OrderDetailsDAO.java,lk.ijse.dep.DAO.DAO.custom.OrderDetailsDAO,getQtyByCode/1[java.lang.String],FALSE,7,0,0,0,0,1,0,1,0,0,1,0,0,0,0,0,0,0,0,0,0,0,0,0,0,0,5,1,0,FALSE
C:\Users\OOPS\Downloads\WholeSaleMavenSpringJPA-master\WholeSaleMavenSpringJPA-master\Tst\src\main\java\lk\ijse\dep\Entities\OrderItems.java,lk.ijse.dep.Entities.OrderItems,setItem/1[lk.ijse.dep.Entities.Item],FALSE,67,1,0,0,0,1,0,3,0,0,1,0,0,0,0,0,0,0,0,0,1,0,0,0,0,0,3,1,0,FALSE
C:\Users\OOPS\Downloads\WholeSaleMavenSpringJPA-master\WholeSaleMavenSpringJPA-master\Tst\src\main\java\lk\ijse\dep\Entities\OrderItems.java,lk.ijse.dep.Entities.OrderItems,"OrderItems/2[lk.ijse.dep.Entities.OrderItemsPK,java.lang.String]",TRUE,25,1,0,0,0,1,0,4,0,0,2,0,0,0,0,0,0,0,0,0,2,0,0,0,0,0,6,1,0,FALSE
C:\Users\OOPS\Downloads\WholeSaleMavenSpringJPA-master\WholeSaleMavenSpringJPA-master\Tst\src\main\java\lk\ijse\dep\Entities\OrderItems.java,lk.ijse.dep.Entities.OrderItems,"OrderItems/3[java.lang.String,java.lang.String,java.lang.String]",TRUE,30,1,2,1,1,1,0,4,0,0,3,0,0,0,0,0,0,0,0,0,2,0,0,0,0,0,5,1,0,FALSE
C:\Users\OOPS\Downloads\WholeSaleMavenSpringJPA-master\WholeSaleMavenSpringJPA-master\Tst\src\main\java\lk\ijse\dep\Entities\OrderItems.java,lk.ijse.dep.Entities.OrderItems,getItem/0,FALSE,63,1,0,0,0,1,0,3,1,0,0,0,0,0,0,0,0,0,0,0,0,0,0,0,0,0,3,1,0,FALSE
C:\Users\OOPS\Downloads\WholeSaleMavenSpringJPA-master\WholeSaleMavenSpringJPA-master\Tst\src\main\java\lk\ijse\dep\Entities\OrderItems.java,lk.ijse.dep.Entities.OrderItems,toString/0,FALSE,52,0,0,0,0,1,0,3,1,0,0,0,0,0,0,0,0,0,3,0,0,2,0,0,0,0,7,1,0,FALSE
C:\Users\OOPS\Downloads\WholeSaleMavenSpringJPA-master\WholeSaleMavenSpringJPA-master\Tst\src\main\java\lk\ijse\dep\Entities\OrderItems.java,lk.ijse.dep.Entities.OrderItems,setOrderItemsPK/1[lk.ijse.dep.Entities.OrderItemsPK],FALSE,39,1,0,0,0,1,0,3,0,0,1,0,0,0,0,0,0,0,0,0,1,0,0,0,0,0,6,1,0,FALSE
C:\Users\OOPS\Downloads\WholeSaleMavenSpringJPA-master\WholeSaleMavenSpringJPA-master\Tst\src\main\java\lk\ijse\dep\Entities\OrderItems.java,lk.ijse.dep.Entities.OrderItems,OrderItems/0,TRUE,22,0,0,0,0,1,0,2,0,0,0,0,0,0,0,0,0,0,0,0,0,0,0,0,0,0,2,1,0,FALSE
C:\Users\OOPS\Downloads\WholeSaleMavenSpringJPA-master\WholeSaleMavenSpringJPA-master\Tst\src\main\java\lk\ijse\dep\Entities\OrderItems.java,lk.ijse.dep.Entities.OrderItems,getOrderItemsPK/0,FALSE,35,1,1,1,0,1,0,3,1,0,0,0,0,0,0,0,0,0,0,0,0,0,0,0,0,0,6,1,0,FALSE
C:\Users\OOPS\Downloads\WholeSaleMavenSpringJPA-master\WholeSaleMavenSpringJPA-master\Tst\src\main\java\lk\ijse\dep\Entities\OrderItems.java,lk.ijse.dep.Entities.OrderItems,getQty/0,FALSE,43,0,0,0,0,1,0,3,1,0,0,0,0,0,0,0,0,0,0,0,0,0,0,0,0,0,3,1,0,FALSE
C:\Users\OOPS\Downloads\WholeSaleMavenSpringJPA-master\WholeSaleMavenSpringJPA-master\Tst\src\main\java\lk\ijse\dep\Entities\OrderItems.java,lk.ijse.dep.Entities.OrderItems,getOrderDetails/0,FALSE,59,1,0,0,0,1,0,3,1,0,0,0,0,0,0,0,0,0,0,0,0,0,0,0,0,0,4,1,0,FALSE
C:\Users\OOPS\Downloads\WholeSaleMavenSpringJPA-master\WholeSaleMavenSpringJPA-master\Tst\src\main\java\lk\ijse\dep\Entities\OrderItems.java,lk.ijse.dep.Entities.OrderItems,setQty/1[java.lang.String],FALSE,47,0,0,0,0,1,0,3,0,0,1,0,0,0,0,0,0,0,0,0,1,0,0,0,0,0,3,1,0,FALSE
C:\Users\OOPS\Downloads\WholeSaleMavenSpringJPA-master\WholeSaleMavenSpringJPA-master\Tst\src\main\java\lk\ijse\dep\Business\impl\ItemBOImpl.java,lk.ijse.dep.Business.impl.ItemBOImpl,deleteItem/1[java.lang.String],FALSE,54,1,2,0,2,1,2,4,0,0,1,2,0,0,0,0,0,0,0,0,0,0,0,0,0,0,5,1,0,FALSE
C:\Users\OOPS\Downloads\WholeSaleMavenSpringJPA-master\WholeSaleMavenSpringJPA-master\Tst\src\main\java\lk\ijse\dep\Business\impl\ItemBOImpl.java,lk.ijse.dep.Business.impl.ItemBOImpl,updateItem/1[lk.ijse.dep.DTO.ItemDTO],FALSE,72,3,8,1,7,1,6,4,0,0,1,6,0,0,0,0,0,0,0,0,0,0,0,0,0,0,8,1,0,FALSE
C:\Users\OOPS\Downloads\WholeSaleMavenSpringJPA-master\WholeSaleMavenSpringJPA-master\Tst\src\main\java\lk\ijse\dep\Business\impl\ItemBOImpl.java,lk.ijse.dep.Business.impl.ItemBOImpl,getAllItems/0,FALSE,28,3,5,2,3,1,6,9,1,0,0,6,0,0,0,0,0,0,0,0,0,0,0,1,0,0,11,1,0,FALSE
C:\Users\OOPS\Downloads\WholeSaleMavenSpringJPA-master\WholeSaleMavenSpringJPA-master\Tst\src\main\java\lk\ijse\dep\Business\impl\ItemBOImpl.java,lk.ijse.dep.Business.impl.ItemBOImpl,saveItem/1[lk.ijse.dep.DTO.ItemDTO],FALSE,48,3,8,1,7,1,6,4,0,0,1,6,0,0,0,0,0,0,0,0,0,0,0,0,0,0,8,1,0,FALSE
C:\Users\OOPS\Downloads\WholeSaleMavenSpringJPA-master\WholeSaleMavenSpringJPA-master\Tst\src\main\java\lk\ijse\dep\Business\impl\ItemBOImpl.java,lk.ijse.dep.Business.impl.ItemBOImpl,itemExistsinOrder/1[java.lang.String],FALSE,60,4,4,0,4,3,5,10,2,1,1,5,0,0,1,0,0,0,0,0,1,0,2,0,0,0,11,1,0,FALSE
C:\Users\OOPS\Downloads\WholeSaleMavenSpringJPA-master\WholeSaleMavenSpringJPA-master\Tst\src\main\java\lk\ijse\dep\Business\impl\ItemBOImpl.java,lk.ijse.dep.Business.impl.ItemBOImpl$Anonymous1,apply/1[lk.ijse.dep.Entities.Item],FALSE,33,2,5,0,5,1,4,3,1,0,1,4,0,0,0,0,0,0,0,0,0,0,0,0,0,0,6,1,0,FALSE
C:\Users\OOPS\Downloads\WholeSaleMavenSpringJPA-master\WholeSaleMavenSpringJPA-master\Tst\src\main\java\lk\ijse\dep\DAO\custom\Impl\CustomerDAOImpl.java,lk.ijse.dep.DAO.custom.Impl.CustomerDAOImpl,save/1[lk.ijse.dep.Entities.Customer],FALSE,17,1,0,0,0,1,1,3,0,0,1,1,0,0,0,0,0,0,0,0,0,0,0,0,0,0,4,1,0,FALSE
C:\Users\OOPS\Downloads\WholeSaleMavenSpringJPA-master\WholeSaleMavenSpringJPA-master\Tst\src\main\java\lk\ijse\dep\DAO\custom\Impl\CustomerDAOImpl.java,lk.ijse.dep.DAO.custom.Impl.CustomerDAOImpl,getEntityManager/0,FALSE,50,1,0,0,0,1,0,3,1,0,0,0,0,0,0,0,0,0,0,0,0,0,0,0,0,0,4,1,0,FALSE
C:\Users\OOPS\Downloads\WholeSaleMavenSpringJPA-master\WholeSaleMavenSpringJPA-master\Tst\src\main\java\lk\ijse\dep\DAO\custom\Impl\CustomerDAOImpl.java,lk.ijse.dep.DAO.custom.Impl.CustomerDAOImpl,findAll/0,FALSE,30,1,0,0,0,1,2,4,1,1,0,2,0,0,0,0,0,0,1,0,1,0,0,0,0,0,4,1,0,FALSE
C:\Users\OOPS\Downloads\WholeSaleMavenSpringJPA-master\WholeSaleMavenSpringJPA-master\Tst\src\main\java\lk\ijse\dep\DAO\custom\Impl\CustomerDAOImpl.java,lk.ijse.dep.DAO.custom.Impl.CustomerDAOImpl,getId/1[lk.ijse.dep.DAO.custom.Impl.ObservableList],FALSE,42,2,2,1,1,2,6,7,1,2,1,6,0,0,1,0,0,0,1,1,2,0,1,0,0,0,16,1,0,FALSE
C:\Users\OOPS\Downloads\WholeSaleMavenSpringJPA-master\WholeSaleMavenSpringJPA-master\Tst\src\main\java\lk\ijse\dep\DAO\custom\Impl\CustomerDAOImpl.java,lk.ijse.dep.DAO.custom.Impl.CustomerDAOImpl,setEntityManager/1[lk.ijse.dep.DAO.custom.Impl.EntityManager],FALSE,54,1,1,1,0,1,0,3,0,0,1,0,0,0,0,0,0,0,0,0,1,0,0,0,0,0,4,1,0,FALSE
C:\Users\OOPS\Downloads\WholeSaleMavenSpringJPA-master\WholeSaleMavenSpringJPA-master\Tst\src\main\java\lk\ijse\dep\DAO\custom\Impl\CustomerDAOImpl.java,lk.ijse.dep.DAO.custom.Impl.CustomerDAOImpl,update/1[lk.ijse.dep.Entities.Customer],FALSE,21,1,0,0,0,1,1,3,0,0,1,1,0,0,0,0,0,0,0,0,0,0,0,0,0,0,4,1,0,FALSE
C:\Users\OOPS\Downloads\WholeSaleMavenSpringJPA-master\WholeSaleMavenSpringJPA-master\Tst\src\main\java\lk\ijse\dep\DAO\custom\Impl\CustomerDAOImpl.java,lk.ijse.dep.DAO.custom.Impl.CustomerDAOImpl,find/1[java.lang.String],FALSE,37,1,0,0,0,1,3,4,1,1,1,3,0,0,0,0,0,0,1,1,1,0,0,0,0,0,12,1,0,FALSE
C:\Users\OOPS\Downloads\WholeSaleMavenSpringJPA-master\WholeSaleMavenSpringJPA-master\Tst\src\main\java\lk\ijse\dep\DAO\custom\Impl\CustomerDAOImpl.java,lk.ijse.dep.DAO.custom.Impl.CustomerDAOImpl,delete/1[java.lang.String],FALSE,25,1,0,0,0,1,2,4,0,1,1,2,0,0,0,0,0,0,0,0,1,0,0,0,0,0,5,1,0,FALSE
C:\Users\OOPS\Downloads\WholeSaleMavenSpringJPA-master\WholeSaleMavenSpringJPA-master\Tst\src\main\java\lk\ijse\dep\Controller\ItemManageController.java,lk.ijse.dep.Controller.ItemManageController$Anonymous1,"updateItem/2[Item,boolean]",FALSE,62,3,0,0,0,6,10,36,1,5,2,10,0,0,0,1,2,0,3,0,4,0,4,0,0,1,23,4,0,FALSE
C:\Users\OOPS\Downloads\WholeSaleMavenSpringJPA-master\WholeSaleMavenSpringJPA-master\Tst\src\main\java\lk\ijse\dep\Controller\CustomerManageController.java,lk.ijse.dep.Controller.CustomerManageController,initialize/0,FALSE,42,9,5,0,5,2,16,59,0,4,0,16,0,0,1,0,0,0,4,4,2,0,1,2,0,2,35,1,0,FALSE
C:\Users\OOPS\Downloads\WholeSaleMavenSpringJPA-master\WholeSaleMavenSpringJPA-master\Tst\src\main\java\lk\ijse\dep\Controller\CustomerManageController.java,lk.ijse.dep.Controller.CustomerManageController,toBack/1[lk.ijse.dep.Controller.ActionEvent],FALSE,143,4,0,0,0,1,6,6,0,3,1,6,0,0,0,0,0,0,1,0,3,0,0,0,0,0,17,1,0,FALSE
C:\Users\OOPS\Downloads\WholeSaleMavenSpringJPA-master\WholeSaleMavenSpringJPA-master\Tst\src\main\java\lk\ijse\dep\Controller\CustomerManageController.java,lk.ijse.dep.Controller.CustomerManageController,update/1[lk.ijse.dep.Controller.ActionEvent],FALSE,152,5,8,0,8,3,10,20,0,6,1,10,0,0,1,0,1,0,2,0,7,0,2,0,0,0,21,1,0,FALSE
C:\Users\OOPS\Downloads\WholeSaleMavenSpringJPA-master\WholeSaleMavenSpringJPA-master\Tst\src\main\java\lk\ijse\dep\Controller\CustomerManageController.java,lk.ijse.dep.Controller.CustomerManageController,btnSave/1[lk.ijse.dep.Controller.ActionEvent],FALSE,120,5,4,0,4,4,7,12,0,2,1,7,0,0,0,3,0,0,1,3,2,0,1,0,0,0,16,1,0,FALSE
C:\Users\OOPS\Downloads\WholeSaleMavenSpringJPA-master\WholeSaleMavenSpringJPA-master\Tst\src\main\java\lk\ijse\dep\Controller\CustomerManageController.java,lk.ijse.dep.Controller.CustomerManageController,generateCustomerReport/1[lk.ijse.dep.Controller.ActionEvent],FALSE,176,4,2,0,2,1,7,6,0,3,1,7,0,0,0,0,0,0,1,0,3,0,0,0,0,0,14,1,0,FALSE
C:\Users\OOPS\Downloads\WholeSaleMavenSpringJPA-master\WholeSaleMavenSpringJPA-master\Tst\src\main\java\lk\ijse\dep\Controller\CustomerManageController.java,lk.ijse.dep.Controller.CustomerManageController,newCus/1[lk.ijse.dep.Controller.ActionEvent],FALSE,133,1,0,0,0,1,2,7,0,0,1,2,0,0,0,0,0,0,0,0,0,0,0,0,0,0,8,1,0,FALSE
C:\Users\OOPS\Downloads\WholeSaleMavenSpringJPA-master\WholeSaleMavenSpringJPA-master\Tst\src\main\java\lk\ijse\dep\Controller\ItemManageController.java,lk.ijse.dep.Controller.ItemManageController$Anonymous2,"changed/3[lk.ijse.dep.Controller.ObservableValue<? extends java.lang.Number>,java.lang.Number,java.lang.Number]",FALSE,112,2,9,0,9,2,8,11,0,1,3,8,0,0,0,1,0,0,0,0,1,0,1,0,0,0,9,1,0,FALSE
C:\Users\OOPS\Downloads\WholeSaleMavenSpringJPA-master\WholeSaleMavenSpringJPA-master\Tst\src\main\java\lk\ijse\dep\UtilityClasses\DBConnection.java,lk.ijse.dep.UtilityClasses.DBConnection,DBConnection/0,TRUE,11,0,1,1,0,3,3,12,0,0,0,3,0,0,0,0,1,0,4,0,1,0,1,0,0,0,12,2,0,FALSE
C:\Users\OOPS\Downloads\WholeSaleMavenSpringJPA-master\WholeSaleMavenSpringJPA-master\Tst\src\main\java\lk\ijse\dep\UtilityClasses\DBConnection.java,lk.ijse.dep.UtilityClasses.DBConnection,getConnection/0,FALSE,30,0,3,3,0,1,0,3,1,0,0,0,0,0,0,0,0,0,0,0,0,0,0,0,0,0,3,1,0,FALSE
C:\Users\OOPS\Downloads\WholeSaleMavenSpringJPA-master\WholeSaleMavenSpringJPA-master\Tst\src\main\java\lk\ijse\dep\UtilityClasses\DBConnection.java,lk.ijse.dep.UtilityClasses.DBConnection,getInstance/0,FALSE,23,1,4,3,1,2,0,6,1,0,0,0,0,0,0,1,0,0,0,0,1,0,1,0,0,0,7,9,0,FALSE
C:\Users\OOPS\Downloads\WholeSaleMavenSpringJPA-master\WholeSaleMavenSpringJPA-master\Tst\src\main\java\lk\ijse\dep\Business\impl\OrderBOImpl.java,lk.ijse.dep.Business.impl.OrderBOImpl$Anonymous1,apply/1[lk.ijse.dep.Entities.Item],FALSE,77,2,5,0,5,1,4,3,1,0,1,4,0,0,0,0,0,0,0,0,0,0,0,0,0,0,6,1,0,FALSE
C:\Users\OOPS\Downloads\WholeSaleMavenSpringJPA-master\WholeSaleMavenSpringJPA-master\Tst\src\main\java\lk\ijse\dep\DAO\custom\Impl\OrderDetailsDAOImpl.java,lk.ijse.dep.DAO.custom.Impl.OrderDetailsDAOImpl,getSession/0,FALSE,45,1,0,0,0,1,0,3,1,0,0,0,0,0,0,0,0,0,0,0,0,0,0,0,0,0,5,1,0,FALSE
C:\Users\OOPS\Downloads\WholeSaleMavenSpringJPA-master\WholeSaleMavenSpringJPA-master\Tst\src\main\java\lk\ijse\dep\DAO\custom\Impl\OrderDetailsDAOImpl.java,lk.ijse.dep.DAO.custom.Impl.OrderDetailsDAOImpl,delete/1[java.lang.String],FALSE,23,1,0,0,0,1,2,4,0,1,1,2,0,0,0,0,0,0,0,0,1,0,0,0,0,0,9,1,0,FALSE
C:\Users\OOPS\Downloads\WholeSaleMavenSpringJPA-master\WholeSaleMavenSpringJPA-master\Tst\src\main\java\lk\ijse\dep\DAO\custom\Impl\OrderDetailsDAOImpl.java,lk.ijse.dep.DAO.custom.Impl.OrderDetailsDAOImpl,find/1[java.lang.String],FALSE,33,1,0,0,0,1,3,4,1,1,1,3,0,0,0,0,0,0,1,1,1,0,0,0,0,0,17,1,0,FALSE
C:\Users\OOPS\Downloads\WholeSaleMavenSpringJPA-master\WholeSaleMavenSpringJPA-master\Tst\src\main\java\lk\ijse\dep\DAO\custom\Impl\OrderDetailsDAOImpl.java,lk.ijse.dep.DAO.custom.Impl.OrderDetailsDAOImpl,findAll/0,FALSE,28,1,0,0,0,1,2,4,1,1,0,2,0,0,0,0,0,0,1,0,1,0,0,0,0,0,7,1,0,FALSE
C:\Users\OOPS\Downloads\WholeSaleMavenSpringJPA-master\WholeSaleMavenSpringJPA-master\Tst\src\main\java\lk\ijse\dep\DAO\custom\Impl\OrderDetailsDAOImpl.java,lk.ijse.dep.DAO.custom.Impl.OrderDetailsDAOImpl,save/1[lk.ijse.dep.Entities.OrderDetails],FALSE,15,1,0,0,0,1,1,3,0,0,1,1,0,0,0,0,0,0,0,0,0,0,0,0,0,0,8,1,0,FALSE
C:\Users\OOPS\Downloads\WholeSaleMavenSpringJPA-master\WholeSaleMavenSpringJPA-master\Tst\src\main\java\lk\ijse\dep\DAO\custom\Impl\OrderDetailsDAOImpl.java,lk.ijse.dep.DAO.custom.Impl.OrderDetailsDAOImpl,getQtyByCode/1[java.lang.String],FALSE,40,0,1,1,0,1,3,4,1,1,1,3,0,0,0,0,0,0,1,1,1,0,0,0,0,0,16,1,0,FALSE
C:\Users\OOPS\Downloads\WholeSaleMavenSpringJPA-master\WholeSaleMavenSpringJPA-master\Tst\src\main\java\lk\ijse\dep\DAO\custom\Impl\OrderDetailsDAOImpl.java,lk.ijse.dep.DAO.custom.Impl.OrderDetailsDAOImpl,update/1[lk.ijse.dep.Entities.OrderDetails],FALSE,19,1,0,0,0,1,1,3,0,0,1,1,0,0,0,0,0,0,0,0,0,0,0,0,0,0,8,1,0,FALSE
C:\Users\OOPS\Downloads\WholeSaleMavenSpringJPA-master\WholeSaleMavenSpringJPA-master\Tst\src\main\java\lk\ijse\dep\DAO\custom\Impl\OrderDetailsDAOImpl.java,lk.ijse.dep.DAO.custom.Impl.OrderDetailsDAOImpl,setSession/1[lk.ijse.dep.DAO.custom.Impl.EntityManager],FALSE,49,1,3,3,0,1,0,3,0,0,1,0,0,0,0,0,0,0,0,0,1,0,0,0,0,0,5,1,0,FALSE
C:\Users\OOPS\Downloads\WholeSaleMavenSpringJPA-master\WholeSaleMavenSpringJPA-master\Tst\src\main\java\lk\ijse\dep\Controller\OrderItemController.java,lk.ijse.dep.Controller.OrderItemController$Anonymous1,"updateItem/2[Order,boolean]",FALSE,89,3,0,0,0,10,19,40,1,6,2,19,0,0,2,3,0,0,0,4,5,2,5,0,0,1,19,4,0,FALSE
C:\Users\OOPS\Downloads\WholeSaleMavenSpringJPA-master\WholeSaleMavenSpringJPA-master\Tst\src\main\java\lk\ijse\dep\Controller\OrderItemController.java,lk.ijse.dep.Controller.OrderItemController$Anonymous2,"changed/3[lk.ijse.dep.Controller.ObservableValue<? extends java.lang.Number>,java.lang.Number,java.lang.Number]",FALSE,163,1,9,0,9,3,10,14,0,3,3,10,0,0,0,0,1,0,2,1,3,0,2,0,0,0,25,1,0,FALSE
C:\Users\OOPS\Downloads\WholeSaleMavenSpringJPA-master\WholeSaleMavenSpringJPA-master\Tst\src\main\java\lk\ijse\dep\Controller\OrderItemController.java,lk.ijse.dep.Controller.OrderItemController$Anonymous3,"changed/3[lk.ijse.dep.Controller.ObservableValue<? extends java.lang.Number>,java.lang.Number,java.lang.Number]",FALSE,181,2,9,0,9,5,15,21,0,5,3,15,0,0,1,0,1,0,3,2,5,0,4,0,0,0,30,1,0,FALSE
C:\Users\OOPS\Downloads\WholeSaleMavenSpringJPA-master\WholeSaleMavenSpringJPA-master\Tst\src\main\java\lk\ijse\dep\Controller\OrderItemController.java,lk.ijse.dep.Controller.OrderItemController$Anonymous4,handle/1[lk.ijse.dep.Controller.KeyEvent],FALSE,227,1,0,0,0,3,3,7,0,2,1,3,0,0,0,0,0,1,0,1,2,1,1,0,0,0,5,1,0,FALSE
C:\Users\OOPS\Downloads\WholeSaleMavenSpringJPA-master\WholeSaleMavenSpringJPA-master\Tst\src\main\java\lk\ijse\dep\DTO\CustomerDTO.java,lk.ijse.dep.DTO.CustomerDTO,getId/0,FALSE,18,0,4,4,0,1,0,3,1,0,0,0,0,0,0,0,0,0,0,0,0,0,0,0,0,0,3,1,0,FALSE
C:\Users\OOPS\Downloads\WholeSaleMavenSpringJPA-master\WholeSaleMavenSpringJPA-master\Tst\src\main\java\lk\ijse\dep\DTO\CustomerDTO.java,lk.ijse.dep.DTO.CustomerDTO,setId/1[java.lang.String],FALSE,22,0,0,0,0,1,0,3,0,0,1,0,0,0,0,0,0,0,0,0,1,0,0,0,0,0,3,1,0,FALSE
C:\Users\OOPS\Downloads\WholeSaleMavenSpringJPA-master\WholeSaleMavenSpringJPA-master\Tst\src\main\java\lk\ijse\dep\DTO\CustomerDTO.java,lk.ijse.dep.DTO.CustomerDTO,getName/0,FALSE,26,0,4,4,0,1,0,3,1,0,0,0,0,0,0,0,0,0,0,0,0,0,0,0,0,0,3,1,0,FALSE
C:\Users\OOPS\Downloads\WholeSaleMavenSpringJPA-master\WholeSaleMavenSpringJPA-master\Tst\src\main\java\lk\ijse\dep\DTO\CustomerDTO.java,lk.ijse.dep.DTO.CustomerDTO,setName/1[java.lang.String],FALSE,30,0,0,0,0,1,0,3,0,0,1,0,0,0,0,0,0,0,0,0,1,0,0,0,0,0,3,1,0,FALSE
C:\Users\OOPS\Downloads\WholeSaleMavenSpringJPA-master\WholeSaleMavenSpringJPA-master\Tst\src\main\java\lk\ijse\dep\DTO\CustomerDTO.java,lk.ijse.dep.DTO.CustomerDTO,CustomerDTO/0,TRUE,9,0,0,0,0,1,0,2,0,0,0,0,0,0,0,0,0,0,0,0,0,0,0,0,0,0,4,1,0,FALSE
C:\Users\OOPS\Downloads\WholeSaleMavenSpringJPA-master\WholeSaleMavenSpringJPA-master\Tst\src\main\java\lk\ijse\dep\DTO\CustomerDTO.java,lk.ijse.dep.DTO.CustomerDTO,getAddress/0,FALSE,34,0,4,4,0,1,0,3,1,0,0,0,0,0,0,0,0,0,0,0,0,0,0,0,0,0,3,1,0,FALSE
C:\Users\OOPS\Downloads\WholeSaleMavenSpringJPA-master\WholeSaleMavenSpringJPA-master\Tst\src\main\java\lk\ijse\dep\DTO\CustomerDTO.java,lk.ijse.dep.DTO.CustomerDTO,setAddress/1[java.lang.String],FALSE,38,0,0,0,0,1,0,3,0,0,1,0,0,0,0,0,0,0,0,0,1,0,0,0,0,0,3,1,0,FALSE
C:\Users\OOPS\Downloads\WholeSaleMavenSpringJPA-master\WholeSaleMavenSpringJPA-master\Tst\src\main\java\lk\ijse\dep\DTO\CustomerDTO.java,lk.ijse.dep.DTO.CustomerDTO,"CustomerDTO/3[java.lang.String,java.lang.String,java.lang.String]",TRUE,12,0,3,3,0,1,0,5,0,0,3,0,0,0,0,0,0,0,0,0,3,0,0,0,0,0,7,1,0,FALSE
C:\Users\OOPS\Downloads\WholeSaleMavenSpringJPA-master\WholeSaleMavenSpringJPA-master\Tst\src\main\java\lk\ijse\dep\Controller\OrderItemController.java,lk.ijse.dep.Controller.OrderItemController$Anonymous5,"changed/3[lk.ijse.dep.Controller.ObservableValue<? extends java.lang.Number>,java.lang.Number,java.lang.Number]",FALSE,239,2,9,0,9,2,7,9,0,1,3,7,0,0,0,1,0,0,0,0,1,0,1,0,0,0,10,1,0,FALSE
