file,class,method,variable,usage
/home/x1/Desktop/ass/ass16/OnlineBookStroe-main/onlinebookstore-J2EE/OnlineBookStore/servlets/DBConnection.java,servlets.DBConnection,(initializer 1),e,3
/home/x1/Desktop/ass/ass16/OnlineBookStroe-main/onlinebookstore-J2EE/OnlineBookStore/servlets/RemoveBookServlet.java,servlets.RemoveBookServlet,"service/2[servlets.ServletRequest,servlets.ServletResponse]",res,4
/home/x1/Desktop/ass/ass16/OnlineBookStroe-main/onlinebookstore-J2EE/OnlineBookStore/servlets/RemoveBookServlet.java,servlets.RemoveBookServlet,"service/2[servlets.ServletRequest,servlets.ServletResponse]",rd,3
/home/x1/Desktop/ass/ass16/OnlineBookStroe-main/onlinebookstore-J2EE/OnlineBookStore/servlets/RemoveBookServlet.java,servlets.RemoveBookServlet,"service/2[servlets.ServletRequest,servlets.ServletResponse]",con,1
/home/x1/Desktop/ass/ass16/OnlineBookStroe-main/onlinebookstore-J2EE/OnlineBookStore/servlets/RemoveBookServlet.java,servlets.RemoveBookServlet,"service/2[servlets.ServletRequest,servlets.ServletResponse]",ps,2
/home/x1/Desktop/ass/ass16/OnlineBookStroe-main/onlinebookstore-J2EE/OnlineBookStore/servlets/RemoveBookServlet.java,servlets.RemoveBookServlet,"service/2[servlets.ServletRequest,servlets.ServletResponse]",e,1
/home/x1/Desktop/ass/ass16/OnlineBookStroe-main/onlinebookstore-J2EE/OnlineBookStore/servlets/RemoveBookServlet.java,servlets.RemoveBookServlet,"service/2[servlets.ServletRequest,servlets.ServletResponse]",pw,4
/home/x1/Desktop/ass/ass16/OnlineBookStroe-main/onlinebookstore-J2EE/OnlineBookStore/servlets/RemoveBookServlet.java,servlets.RemoveBookServlet,"service/2[servlets.ServletRequest,servlets.ServletResponse]",bkid,1
/home/x1/Desktop/ass/ass16/OnlineBookStroe-main/onlinebookstore-J2EE/OnlineBookStore/servlets/RemoveBookServlet.java,servlets.RemoveBookServlet,"service/2[servlets.ServletRequest,servlets.ServletResponse]",k,1
/home/x1/Desktop/ass/ass16/OnlineBookStroe-main/onlinebookstore-J2EE/OnlineBookStore/servlets/RemoveBookServlet.java,servlets.RemoveBookServlet,"service/2[servlets.ServletRequest,servlets.ServletResponse]",req,5
/home/x1/Desktop/ass/ass16/OnlineBookStroe-main/onlinebookstore-J2EE/OnlineBookStore/servlets/AdminLoginServlet.java,servlets.AdminLoginServlet,"service/2[servlets.ServletRequest,servlets.ServletResponse]",res,4
/home/x1/Desktop/ass/ass16/OnlineBookStroe-main/onlinebookstore-J2EE/OnlineBookStore/servlets/AdminLoginServlet.java,servlets.AdminLoginServlet,"service/2[servlets.ServletRequest,servlets.ServletResponse]",rs,1
/home/x1/Desktop/ass/ass16/OnlineBookStroe-main/onlinebookstore-J2EE/OnlineBookStore/servlets/AdminLoginServlet.java,servlets.AdminLoginServlet,"service/2[servlets.ServletRequest,servlets.ServletResponse]",rd,3
/home/x1/Desktop/ass/ass16/OnlineBookStroe-main/onlinebookstore-J2EE/OnlineBookStore/servlets/AdminLoginServlet.java,servlets.AdminLoginServlet,"service/2[servlets.ServletRequest,servlets.ServletResponse]",con,1
/home/x1/Desktop/ass/ass16/OnlineBookStroe-main/onlinebookstore-J2EE/OnlineBookStore/servlets/AdminLoginServlet.java,servlets.AdminLoginServlet,"service/2[servlets.ServletRequest,servlets.ServletResponse]",ps,3
/home/x1/Desktop/ass/ass16/OnlineBookStroe-main/onlinebookstore-J2EE/OnlineBookStore/servlets/AdminLoginServlet.java,servlets.AdminLoginServlet,"service/2[servlets.ServletRequest,servlets.ServletResponse]",uName,1
/home/x1/Desktop/ass/ass16/OnlineBookStroe-main/onlinebookstore-J2EE/OnlineBookStore/servlets/AdminLoginServlet.java,servlets.AdminLoginServlet,"service/2[servlets.ServletRequest,servlets.ServletResponse]",e,1
/home/x1/Desktop/ass/ass16/OnlineBookStroe-main/onlinebookstore-J2EE/OnlineBookStore/servlets/AdminLoginServlet.java,servlets.AdminLoginServlet,"service/2[servlets.ServletRequest,servlets.ServletResponse]",pw,5
/home/x1/Desktop/ass/ass16/OnlineBookStroe-main/onlinebookstore-J2EE/OnlineBookStore/servlets/AdminLoginServlet.java,servlets.AdminLoginServlet,"service/2[servlets.ServletRequest,servlets.ServletResponse]",ck,0
/home/x1/Desktop/ass/ass16/OnlineBookStroe-main/onlinebookstore-J2EE/OnlineBookStore/servlets/AdminLoginServlet.java,servlets.AdminLoginServlet,"service/2[servlets.ServletRequest,servlets.ServletResponse]",pWord,1
/home/x1/Desktop/ass/ass16/OnlineBookStroe-main/onlinebookstore-J2EE/OnlineBookStore/servlets/AdminLoginServlet.java,servlets.AdminLoginServlet,"service/2[servlets.ServletRequest,servlets.ServletResponse]",req,6
/home/x1/Desktop/ass/ass16/OnlineBookStroe-main/onlinebookstore-J2EE/OnlineBookStore/servlets/UserLoginServlet.java,servlets.UserLoginServlet,"service/2[servlets.ServletRequest,servlets.ServletResponse]",res,4
/home/x1/Desktop/ass/ass16/OnlineBookStroe-main/onlinebookstore-J2EE/OnlineBookStore/servlets/UserLoginServlet.java,servlets.UserLoginServlet,"service/2[servlets.ServletRequest,servlets.ServletResponse]",rs,1
/home/x1/Desktop/ass/ass16/OnlineBookStroe-main/onlinebookstore-J2EE/OnlineBookStore/servlets/UserLoginServlet.java,servlets.UserLoginServlet,"service/2[servlets.ServletRequest,servlets.ServletResponse]",rd,3
/home/x1/Desktop/ass/ass16/OnlineBookStroe-main/onlinebookstore-J2EE/OnlineBookStore/servlets/UserLoginServlet.java,servlets.UserLoginServlet,"service/2[servlets.ServletRequest,servlets.ServletResponse]",con,1
/home/x1/Desktop/ass/ass16/OnlineBookStroe-main/onlinebookstore-J2EE/OnlineBookStore/servlets/UserLoginServlet.java,servlets.UserLoginServlet,"service/2[servlets.ServletRequest,servlets.ServletResponse]",ps,3
/home/x1/Desktop/ass/ass16/OnlineBookStroe-main/onlinebookstore-J2EE/OnlineBookStore/servlets/UserLoginServlet.java,servlets.UserLoginServlet,"service/2[servlets.ServletRequest,servlets.ServletResponse]",uName,2
/home/x1/Desktop/ass/ass16/OnlineBookStroe-main/onlinebookstore-J2EE/OnlineBookStore/servlets/UserLoginServlet.java,servlets.UserLoginServlet,"service/2[servlets.ServletRequest,servlets.ServletResponse]",e,1
/home/x1/Desktop/ass/ass16/OnlineBookStroe-main/onlinebookstore-J2EE/OnlineBookStore/servlets/UserLoginServlet.java,servlets.UserLoginServlet,"service/2[servlets.ServletRequest,servlets.ServletResponse]",pw,5
/home/x1/Desktop/ass/ass16/OnlineBookStroe-main/onlinebookstore-J2EE/OnlineBookStore/servlets/UserLoginServlet.java,servlets.UserLoginServlet,"service/2[servlets.ServletRequest,servlets.ServletResponse]",pWord,1
/home/x1/Desktop/ass/ass16/OnlineBookStroe-main/onlinebookstore-J2EE/OnlineBookStore/servlets/UserLoginServlet.java,servlets.UserLoginServlet,"service/2[servlets.ServletRequest,servlets.ServletResponse]",req,6
/home/x1/Desktop/ass/ass16/OnlineBookStroe-main/onlinebookstore-J2EE/OnlineBookStore/servlets/ViewBookServlet.java,servlets.ViewBookServlet,"service/2[servlets.ServletRequest,servlets.ServletResponse]",res,3
/home/x1/Desktop/ass/ass16/OnlineBookStroe-main/onlinebookstore-J2EE/OnlineBookStore/servlets/ViewBookServlet.java,servlets.ViewBookServlet,"service/2[servlets.ServletRequest,servlets.ServletResponse]",rs,6
/home/x1/Desktop/ass/ass16/OnlineBookStroe-main/onlinebookstore-J2EE/OnlineBookStore/servlets/ViewBookServlet.java,servlets.ViewBookServlet,"service/2[servlets.ServletRequest,servlets.ServletResponse]",con,1
/home/x1/Desktop/ass/ass16/OnlineBookStroe-main/onlinebookstore-J2EE/OnlineBookStore/servlets/ViewBookServlet.java,servlets.ViewBookServlet,"service/2[servlets.ServletRequest,servlets.ServletResponse]",ps,1
/home/x1/Desktop/ass/ass16/OnlineBookStroe-main/onlinebookstore-J2EE/OnlineBookStore/servlets/ViewBookServlet.java,servlets.ViewBookServlet,"service/2[servlets.ServletRequest,servlets.ServletResponse]",bName,1
/home/x1/Desktop/ass/ass16/OnlineBookStroe-main/onlinebookstore-J2EE/OnlineBookStore/servlets/ViewBookServlet.java,servlets.ViewBookServlet,"service/2[servlets.ServletRequest,servlets.ServletResponse]",e,1
/home/x1/Desktop/ass/ass16/OnlineBookStroe-main/onlinebookstore-J2EE/OnlineBookStore/servlets/ViewBookServlet.java,servlets.ViewBookServlet,"service/2[servlets.ServletRequest,servlets.ServletResponse]",pw,8
/home/x1/Desktop/ass/ass16/OnlineBookStroe-main/onlinebookstore-J2EE/OnlineBookStore/servlets/ViewBookServlet.java,servlets.ViewBookServlet,"service/2[servlets.ServletRequest,servlets.ServletResponse]",bCode,1
/home/x1/Desktop/ass/ass16/OnlineBookStroe-main/onlinebookstore-J2EE/OnlineBookStore/servlets/ViewBookServlet.java,servlets.ViewBookServlet,"service/2[servlets.ServletRequest,servlets.ServletResponse]",bPrice,1
/home/x1/Desktop/ass/ass16/OnlineBookStroe-main/onlinebookstore-J2EE/OnlineBookStore/servlets/ViewBookServlet.java,servlets.ViewBookServlet,"service/2[servlets.ServletRequest,servlets.ServletResponse]",rd,1
/home/x1/Desktop/ass/ass16/OnlineBookStroe-main/onlinebookstore-J2EE/OnlineBookStore/servlets/ViewBookServlet.java,servlets.ViewBookServlet,"service/2[servlets.ServletRequest,servlets.ServletResponse]",bAuthor,1
/home/x1/Desktop/ass/ass16/OnlineBookStroe-main/onlinebookstore-J2EE/OnlineBookStore/servlets/ViewBookServlet.java,servlets.ViewBookServlet,"service/2[servlets.ServletRequest,servlets.ServletResponse]",bQty,1
/home/x1/Desktop/ass/ass16/OnlineBookStroe-main/onlinebookstore-J2EE/OnlineBookStore/servlets/ViewBookServlet.java,servlets.ViewBookServlet,"service/2[servlets.ServletRequest,servlets.ServletResponse]",req,2
/home/x1/Desktop/ass/ass16/OnlineBookStroe-main/onlinebookstore-J2EE/OnlineBookStore/servlets/AddBookServlet.java,servlets.AddBookServlet,"service/2[servlets.ServletRequest,servlets.ServletResponse]",res,4
/home/x1/Desktop/ass/ass16/OnlineBookStroe-main/onlinebookstore-J2EE/OnlineBookStore/servlets/AddBookServlet.java,servlets.AddBookServlet,"service/2[servlets.ServletRequest,servlets.ServletResponse]",con,1
/home/x1/Desktop/ass/ass16/OnlineBookStroe-main/onlinebookstore-J2EE/OnlineBookStore/servlets/AddBookServlet.java,servlets.AddBookServlet,"service/2[servlets.ServletRequest,servlets.ServletResponse]",ps,6
/home/x1/Desktop/ass/ass16/OnlineBookStroe-main/onlinebookstore-J2EE/OnlineBookStore/servlets/AddBookServlet.java,servlets.AddBookServlet,"service/2[servlets.ServletRequest,servlets.ServletResponse]",bName,1
/home/x1/Desktop/ass/ass16/OnlineBookStroe-main/onlinebookstore-J2EE/OnlineBookStore/servlets/AddBookServlet.java,servlets.AddBookServlet,"service/2[servlets.ServletRequest,servlets.ServletResponse]",e,1
/home/x1/Desktop/ass/ass16/OnlineBookStroe-main/onlinebookstore-J2EE/OnlineBookStore/servlets/AddBookServlet.java,servlets.AddBookServlet,"service/2[servlets.ServletRequest,servlets.ServletResponse]",pw,2
/home/x1/Desktop/ass/ass16/OnlineBookStroe-main/onlinebookstore-J2EE/OnlineBookStore/servlets/AddBookServlet.java,servlets.AddBookServlet,"service/2[servlets.ServletRequest,servlets.ServletResponse]",bCode,1
/home/x1/Desktop/ass/ass16/OnlineBookStroe-main/onlinebookstore-J2EE/OnlineBookStore/servlets/AddBookServlet.java,servlets.AddBookServlet,"service/2[servlets.ServletRequest,servlets.ServletResponse]",k,1
/home/x1/Desktop/ass/ass16/OnlineBookStroe-main/onlinebookstore-J2EE/OnlineBookStore/servlets/AddBookServlet.java,servlets.AddBookServlet,"service/2[servlets.ServletRequest,servlets.ServletResponse]",bPrice,1
/home/x1/Desktop/ass/ass16/OnlineBookStroe-main/onlinebookstore-J2EE/OnlineBookStore/servlets/AddBookServlet.java,servlets.AddBookServlet,"service/2[servlets.ServletRequest,servlets.ServletResponse]",rd,3
/home/x1/Desktop/ass/ass16/OnlineBookStroe-main/onlinebookstore-J2EE/OnlineBookStore/servlets/AddBookServlet.java,servlets.AddBookServlet,"service/2[servlets.ServletRequest,servlets.ServletResponse]",bAuthor,1
/home/x1/Desktop/ass/ass16/OnlineBookStroe-main/onlinebookstore-J2EE/OnlineBookStore/servlets/AddBookServlet.java,servlets.AddBookServlet,"service/2[servlets.ServletRequest,servlets.ServletResponse]",bQty,1
/home/x1/Desktop/ass/ass16/OnlineBookStroe-main/onlinebookstore-J2EE/OnlineBookStore/servlets/AddBookServlet.java,servlets.AddBookServlet,"service/2[servlets.ServletRequest,servlets.ServletResponse]",req,9
/home/x1/Desktop/ass/ass16/OnlineBookStroe-main/onlinebookstore-J2EE/OnlineBookStore/servlets/UserRegisterServlet.java,servlets.UserRegisterServlet,"service/2[servlets.ServletRequest,servlets.ServletResponse]",res,4
/home/x1/Desktop/ass/ass16/OnlineBookStroe-main/onlinebookstore-J2EE/OnlineBookStore/servlets/UserRegisterServlet.java,servlets.UserRegisterServlet,"service/2[servlets.ServletRequest,servlets.ServletResponse]",lName,1
/home/x1/Desktop/ass/ass16/OnlineBookStroe-main/onlinebookstore-J2EE/OnlineBookStore/servlets/UserRegisterServlet.java,servlets.UserRegisterServlet,"service/2[servlets.ServletRequest,servlets.ServletResponse]",con,1
/home/x1/Desktop/ass/ass16/OnlineBookStroe-main/onlinebookstore-J2EE/OnlineBookStore/servlets/UserRegisterServlet.java,servlets.UserRegisterServlet,"service/2[servlets.ServletRequest,servlets.ServletResponse]",ps,9
/home/x1/Desktop/ass/ass16/OnlineBookStroe-main/onlinebookstore-J2EE/OnlineBookStore/servlets/UserRegisterServlet.java,servlets.UserRegisterServlet,"service/2[servlets.ServletRequest,servlets.ServletResponse]",e,1
/home/x1/Desktop/ass/ass16/OnlineBookStroe-main/onlinebookstore-J2EE/OnlineBookStore/servlets/UserRegisterServlet.java,servlets.UserRegisterServlet,"service/2[servlets.ServletRequest,servlets.ServletResponse]",pw,2
/home/x1/Desktop/ass/ass16/OnlineBookStroe-main/onlinebookstore-J2EE/OnlineBookStore/servlets/UserRegisterServlet.java,servlets.UserRegisterServlet,"service/2[servlets.ServletRequest,servlets.ServletResponse]",pWord,1
/home/x1/Desktop/ass/ass16/OnlineBookStroe-main/onlinebookstore-J2EE/OnlineBookStore/servlets/UserRegisterServlet.java,servlets.UserRegisterServlet,"service/2[servlets.ServletRequest,servlets.ServletResponse]",k,1
/home/x1/Desktop/ass/ass16/OnlineBookStroe-main/onlinebookstore-J2EE/OnlineBookStore/servlets/UserRegisterServlet.java,servlets.UserRegisterServlet,"service/2[servlets.ServletRequest,servlets.ServletResponse]",phNo,1
/home/x1/Desktop/ass/ass16/OnlineBookStroe-main/onlinebookstore-J2EE/OnlineBookStore/servlets/UserRegisterServlet.java,servlets.UserRegisterServlet,"service/2[servlets.ServletRequest,servlets.ServletResponse]",rd,3
/home/x1/Desktop/ass/ass16/OnlineBookStroe-main/onlinebookstore-J2EE/OnlineBookStore/servlets/UserRegisterServlet.java,servlets.UserRegisterServlet,"service/2[servlets.ServletRequest,servlets.ServletResponse]",fName,1
/home/x1/Desktop/ass/ass16/OnlineBookStroe-main/onlinebookstore-J2EE/OnlineBookStore/servlets/UserRegisterServlet.java,servlets.UserRegisterServlet,"service/2[servlets.ServletRequest,servlets.ServletResponse]",uName,1
/home/x1/Desktop/ass/ass16/OnlineBookStroe-main/onlinebookstore-J2EE/OnlineBookStore/servlets/UserRegisterServlet.java,servlets.UserRegisterServlet,"service/2[servlets.ServletRequest,servlets.ServletResponse]",mailId,1
/home/x1/Desktop/ass/ass16/OnlineBookStroe-main/onlinebookstore-J2EE/OnlineBookStore/servlets/UserRegisterServlet.java,servlets.UserRegisterServlet,"service/2[servlets.ServletRequest,servlets.ServletResponse]",addr,1
/home/x1/Desktop/ass/ass16/OnlineBookStroe-main/onlinebookstore-J2EE/OnlineBookStore/servlets/UserRegisterServlet.java,servlets.UserRegisterServlet,"service/2[servlets.ServletRequest,servlets.ServletResponse]",req,11
/home/x1/Desktop/ass/ass16/OnlineBookStroe-main/onlinebookstore-J2EE/OnlineBookStore/servlets/ReceiptServlet.java,servlets.ReceiptServlet,"service/2[servlets.ServletRequest,servlets.ServletResponse]",res,3
/home/x1/Desktop/ass/ass16/OnlineBookStroe-main/onlinebookstore-J2EE/OnlineBookStore/servlets/ReceiptServlet.java,servlets.ReceiptServlet,"service/2[servlets.ServletRequest,servlets.ServletResponse]",rs,6
/home/x1/Desktop/ass/ass16/OnlineBookStroe-main/onlinebookstore-J2EE/OnlineBookStore/servlets/ReceiptServlet.java,servlets.ReceiptServlet,"service/2[servlets.ServletRequest,servlets.ServletResponse]",amount,2
/home/x1/Desktop/ass/ass16/OnlineBookStroe-main/onlinebookstore-J2EE/OnlineBookStore/servlets/ReceiptServlet.java,servlets.ReceiptServlet,"service/2[servlets.ServletRequest,servlets.ServletResponse]",con,2
/home/x1/Desktop/ass/ass16/OnlineBookStroe-main/onlinebookstore-J2EE/OnlineBookStore/servlets/ReceiptServlet.java,servlets.ReceiptServlet,"service/2[servlets.ServletRequest,servlets.ServletResponse]",ps,1
/home/x1/Desktop/ass/ass16/OnlineBookStroe-main/onlinebookstore-J2EE/OnlineBookStore/servlets/ReceiptServlet.java,servlets.ReceiptServlet,"service/2[servlets.ServletRequest,servlets.ServletResponse]",qt,1
/home/x1/Desktop/ass/ass16/OnlineBookStroe-main/onlinebookstore-J2EE/OnlineBookStore/servlets/ReceiptServlet.java,servlets.ReceiptServlet,"service/2[servlets.ServletRequest,servlets.ServletResponse]",quantity,4
/home/x1/Desktop/ass/ass16/OnlineBookStroe-main/onlinebookstore-J2EE/OnlineBookStore/servlets/ReceiptServlet.java,servlets.ReceiptServlet,"service/2[servlets.ServletRequest,servlets.ServletResponse]",bName,1
/home/x1/Desktop/ass/ass16/OnlineBookStroe-main/onlinebookstore-J2EE/OnlineBookStore/servlets/ReceiptServlet.java,servlets.ReceiptServlet,"service/2[servlets.ServletRequest,servlets.ServletResponse]",e,2
/home/x1/Desktop/ass/ass16/OnlineBookStroe-main/onlinebookstore-J2EE/OnlineBookStore/servlets/ReceiptServlet.java,servlets.ReceiptServlet,"service/2[servlets.ServletRequest,servlets.ServletResponse]",pw,10
/home/x1/Desktop/ass/ass16/OnlineBookStroe-main/onlinebookstore-J2EE/OnlineBookStore/servlets/ReceiptServlet.java,servlets.ReceiptServlet,"service/2[servlets.ServletRequest,servlets.ServletResponse]",i,4
/home/x1/Desktop/ass/ass16/OnlineBookStroe-main/onlinebookstore-J2EE/OnlineBookStore/servlets/ReceiptServlet.java,servlets.ReceiptServlet,"service/2[servlets.ServletRequest,servlets.ServletResponse]",bCode,2
/home/x1/Desktop/ass/ass16/OnlineBookStroe-main/onlinebookstore-J2EE/OnlineBookStore/servlets/ReceiptServlet.java,servlets.ReceiptServlet,"service/2[servlets.ServletRequest,servlets.ServletResponse]",fPay,0
/home/x1/Desktop/ass/ass16/OnlineBookStroe-main/onlinebookstore-J2EE/OnlineBookStore/servlets/ReceiptServlet.java,servlets.ReceiptServlet,"service/2[servlets.ServletRequest,servlets.ServletResponse]",ps1,3
/home/x1/Desktop/ass/ass16/OnlineBookStroe-main/onlinebookstore-J2EE/OnlineBookStore/servlets/ReceiptServlet.java,servlets.ReceiptServlet,"service/2[servlets.ServletRequest,servlets.ServletResponse]",bPrice,2
/home/x1/Desktop/ass/ass16/OnlineBookStroe-main/onlinebookstore-J2EE/OnlineBookStore/servlets/ReceiptServlet.java,servlets.ReceiptServlet,"service/2[servlets.ServletRequest,servlets.ServletResponse]",check1,1
/home/x1/Desktop/ass/ass16/OnlineBookStroe-main/onlinebookstore-J2EE/OnlineBookStore/servlets/ReceiptServlet.java,servlets.ReceiptServlet,"service/2[servlets.ServletRequest,servlets.ServletResponse]",rd,1
/home/x1/Desktop/ass/ass16/OnlineBookStroe-main/onlinebookstore-J2EE/OnlineBookStore/servlets/ReceiptServlet.java,servlets.ReceiptServlet,"service/2[servlets.ServletRequest,servlets.ServletResponse]",total,3
/home/x1/Desktop/ass/ass16/OnlineBookStroe-main/onlinebookstore-J2EE/OnlineBookStore/servlets/ReceiptServlet.java,servlets.ReceiptServlet,"service/2[servlets.ServletRequest,servlets.ServletResponse]",bAuthor,1
/home/x1/Desktop/ass/ass16/OnlineBookStroe-main/onlinebookstore-J2EE/OnlineBookStore/servlets/ReceiptServlet.java,servlets.ReceiptServlet,"service/2[servlets.ServletRequest,servlets.ServletResponse]",bQty,5
/home/x1/Desktop/ass/ass16/OnlineBookStroe-main/onlinebookstore-J2EE/OnlineBookStore/servlets/ReceiptServlet.java,servlets.ReceiptServlet,"service/2[servlets.ServletRequest,servlets.ServletResponse]",getChecked,1
/home/x1/Desktop/ass/ass16/OnlineBookStroe-main/onlinebookstore-J2EE/OnlineBookStore/servlets/ReceiptServlet.java,servlets.ReceiptServlet,"service/2[servlets.ServletRequest,servlets.ServletResponse]",req,5
/home/x1/Desktop/ass/ass16/OnlineBookStroe-main/onlinebookstore-J2EE/OnlineBookStore/servlets/BuyBooksServlet.java,servlets.BuyBooksServlet,"service/2[servlets.ServletRequest,servlets.ServletResponse]",res,3
/home/x1/Desktop/ass/ass16/OnlineBookStroe-main/onlinebookstore-J2EE/OnlineBookStore/servlets/BuyBooksServlet.java,servlets.BuyBooksServlet,"service/2[servlets.ServletRequest,servlets.ServletResponse]",rs,6
/home/x1/Desktop/ass/ass16/OnlineBookStroe-main/onlinebookstore-J2EE/OnlineBookStore/servlets/BuyBooksServlet.java,servlets.BuyBooksServlet,"service/2[servlets.ServletRequest,servlets.ServletResponse]",con,1
/home/x1/Desktop/ass/ass16/OnlineBookStroe-main/onlinebookstore-J2EE/OnlineBookStore/servlets/BuyBooksServlet.java,servlets.BuyBooksServlet,"service/2[servlets.ServletRequest,servlets.ServletResponse]",ps,1
/home/x1/Desktop/ass/ass16/OnlineBookStroe-main/onlinebookstore-J2EE/OnlineBookStore/servlets/BuyBooksServlet.java,servlets.BuyBooksServlet,"service/2[servlets.ServletRequest,servlets.ServletResponse]",bName,1
/home/x1/Desktop/ass/ass16/OnlineBookStroe-main/onlinebookstore-J2EE/OnlineBookStore/servlets/BuyBooksServlet.java,servlets.BuyBooksServlet,"service/2[servlets.ServletRequest,servlets.ServletResponse]",e,1
/home/x1/Desktop/ass/ass16/OnlineBookStroe-main/onlinebookstore-J2EE/OnlineBookStore/servlets/BuyBooksServlet.java,servlets.BuyBooksServlet,"service/2[servlets.ServletRequest,servlets.ServletResponse]",pw,11
/home/x1/Desktop/ass/ass16/OnlineBookStroe-main/onlinebookstore-J2EE/OnlineBookStore/servlets/BuyBooksServlet.java,servlets.BuyBooksServlet,"service/2[servlets.ServletRequest,servlets.ServletResponse]",i,4
/home/x1/Desktop/ass/ass16/OnlineBookStroe-main/onlinebookstore-J2EE/OnlineBookStore/servlets/BuyBooksServlet.java,servlets.BuyBooksServlet,"service/2[servlets.ServletRequest,servlets.ServletResponse]",bCode,1
/home/x1/Desktop/ass/ass16/OnlineBookStroe-main/onlinebookstore-J2EE/OnlineBookStore/servlets/BuyBooksServlet.java,servlets.BuyBooksServlet,"service/2[servlets.ServletRequest,servlets.ServletResponse]",n,1
/home/x1/Desktop/ass/ass16/OnlineBookStroe-main/onlinebookstore-J2EE/OnlineBookStore/servlets/BuyBooksServlet.java,servlets.BuyBooksServlet,"service/2[servlets.ServletRequest,servlets.ServletResponse]",bPrice,1
/home/x1/Desktop/ass/ass16/OnlineBookStroe-main/onlinebookstore-J2EE/OnlineBookStore/servlets/BuyBooksServlet.java,servlets.BuyBooksServlet,"service/2[servlets.ServletRequest,servlets.ServletResponse]",q,1
/home/x1/Desktop/ass/ass16/OnlineBookStroe-main/onlinebookstore-J2EE/OnlineBookStore/servlets/BuyBooksServlet.java,servlets.BuyBooksServlet,"service/2[servlets.ServletRequest,servlets.ServletResponse]",rd,1
/home/x1/Desktop/ass/ass16/OnlineBookStroe-main/onlinebookstore-J2EE/OnlineBookStore/servlets/BuyBooksServlet.java,servlets.BuyBooksServlet,"service/2[servlets.ServletRequest,servlets.ServletResponse]",bAvl,1
/home/x1/Desktop/ass/ass16/OnlineBookStroe-main/onlinebookstore-J2EE/OnlineBookStore/servlets/BuyBooksServlet.java,servlets.BuyBooksServlet,"service/2[servlets.ServletRequest,servlets.ServletResponse]",bAuthor,1
/home/x1/Desktop/ass/ass16/OnlineBookStroe-main/onlinebookstore-J2EE/OnlineBookStore/servlets/BuyBooksServlet.java,servlets.BuyBooksServlet,"service/2[servlets.ServletRequest,servlets.ServletResponse]",req,2
