file,class,method,variable,usage
/home/x1/Desktop/ass/ass16/Sudoku-java-project-master/finalsudokuproject/src/finalsudokuproject/ProjectSudoku.java,finalsudokuproject.ProjectSudoku,"gui/3[int,int,java.lang.String]",textField,10
/home/x1/Desktop/ass/ass16/Sudoku-java-project-master/finalsudokuproject/src/finalsudokuproject/ProjectSudoku.java,finalsudokuproject.ProjectSudoku,ProjectSudoku/0,button,3
/home/x1/Desktop/ass/ass16/Sudoku-java-project-master/finalsudokuproject/src/finalsudokuproject/ProjectSudoku.java,finalsudokuproject.ProjectSudoku,ProjectSudoku/0,get,2
/home/x1/Desktop/ass/ass16/Sudoku-java-project-master/finalsudokuproject/src/finalsudokuproject/ProjectSudoku.java,finalsudokuproject.ProjectSudoku,ProjectSudoku/0,panel,6
/home/x1/Desktop/ass/ass16/Sudoku-java-project-master/finalsudokuproject/src/finalsudokuproject/ProjectSudoku.java,finalsudokuproject.ProjectSudoku,ProjectSudoku/0,font,3
/home/x1/Desktop/ass/ass16/Sudoku-java-project-master/finalsudokuproject/src/finalsudokuproject/ProjectSudoku.java,finalsudokuproject.ProjectSudoku,ProjectSudoku/0,textField,9
/home/x1/Desktop/ass/ass16/Sudoku-java-project-master/sourcecode.java,ProjectSudoku,"gui/3[int,int,java.lang.String]",textField,10
/home/x1/Desktop/ass/ass16/Sudoku-java-project-master/sourcecode.java,ProjectSudoku,ProjectSudoku/0,button,3
/home/x1/Desktop/ass/ass16/Sudoku-java-project-master/sourcecode.java,ProjectSudoku,ProjectSudoku/0,get,2
/home/x1/Desktop/ass/ass16/Sudoku-java-project-master/sourcecode.java,ProjectSudoku,ProjectSudoku/0,panel,6
/home/x1/Desktop/ass/ass16/Sudoku-java-project-master/sourcecode.java,ProjectSudoku,ProjectSudoku/0,font,3
/home/x1/Desktop/ass/ass16/Sudoku-java-project-master/sourcecode.java,ProjectSudoku,ProjectSudoku/0,textField,9
