file,class,method,constructor,line,cbo,cboModified,fanin,fanout,wmc,rfc,loc,returnsQty,variablesQty,parametersQty,methodsInvokedQty,methodsInvokedLocalQty,methodsInvokedIndirectLocalQty,loopQty,comparisonsQty,tryCatchQty,parenthesizedExpsQty,stringLiteralsQty,numbersQty,assignmentsQty,mathOperationsQty,maxNestedBlocksQty,anonymousClassesQty,innerClassesQty,lambdasQty,uniqueWordsQty,modifiers,logStatementsQty,hasJavaDoc
/home/x1/Desktop/ass/ass16/Sudoku-java-project-master/finalsudokuproject/src/finalsudokuproject/ProjectSudoku.java,finalsudokuproject.ProjectSudoku,"gui/3[int,int,java.lang.String]",false,29,0,1,1,0,12,2,20,0,4,3,2,0,0,2,9,0,2,9,6,4,6,3,0,0,0,9,17,0,false
/home/x1/Desktop/ass/ass16/Sudoku-java-project-master/finalsudokuproject/src/finalsudokuproject/ProjectSudoku.java,finalsudokuproject.ProjectSudoku,ProjectSudoku/0,true,59,1,3,1,2,4,12,115,0,4,0,12,1,1,2,1,0,0,13,31,9,1,3,1,0,0,49,0,0,false
/home/x1/Desktop/ass/ass16/Sudoku-java-project-master/finalsudokuproject/src/finalsudokuproject/ProjectSudoku.java,finalsudokuproject.ProjectSudoku,main/1[java.lang.String[]],false,220,1,1,0,1,1,0,3,0,1,1,0,0,0,0,0,0,0,0,0,1,0,0,0,0,0,5,9,0,false
/home/x1/Desktop/ass/ass16/Sudoku-java-project-master/finalsudokuproject/src/finalsudokuproject/ProjectSudoku.java,finalsudokuproject.ProjectSudoku$Anonymous1,"FindEmptyLoction/2[int,int]",false,161,1,1,1,0,4,0,16,2,5,2,0,0,0,2,1,0,0,0,7,8,0,3,0,0,0,13,1,0,false
/home/x1/Desktop/ass/ass16/Sudoku-java-project-master/finalsudokuproject/src/finalsudokuproject/ProjectSudoku.java,finalsudokuproject.ProjectSudoku$Anonymous1,solveSudoku/0,false,124,2,5,2,3,5,3,17,3,4,0,3,3,1,1,1,0,0,0,8,8,0,3,0,0,0,17,1,0,false
/home/x1/Desktop/ass/ass16/Sudoku-java-project-master/finalsudokuproject/src/finalsudokuproject/ProjectSudoku.java,finalsudokuproject.ProjectSudoku$Anonymous1,actionPerformed/1[java.awt.event.ActionEvent],false,100,1,2,0,2,5,6,15,0,2,1,6,2,2,2,0,0,0,3,5,4,1,3,0,0,0,12,1,0,false
/home/x1/Desktop/ass/ass16/Sudoku-java-project-master/finalsudokuproject/src/finalsudokuproject/ProjectSudoku.java,finalsudokuproject.ProjectSudoku$Anonymous1,"Numberissafe/3[int,int,int]",false,181,0,1,1,0,8,0,16,4,6,3,0,0,0,4,3,0,2,0,8,6,6,3,0,0,0,15,1,0,false
/home/x1/Desktop/ass/ass16/Sudoku-java-project-master/finalsudokuproject/src/finalsudokuproject/ProjectSudoku.java,finalsudokuproject.ProjectSudoku$Anonymous1,printSudoku/0,false,204,0,1,1,0,3,3,9,0,2,0,3,0,0,2,0,0,0,1,4,2,1,2,0,0,0,5,1,0,false
/home/x1/Desktop/ass/ass16/Sudoku-java-project-master/sourcecode.java,ProjectSudoku,main/1[java.lang.String[]],false,222,1,1,0,1,1,0,3,0,1,1,0,0,0,0,0,0,0,0,0,1,0,0,0,0,0,5,9,0,false
/home/x1/Desktop/ass/ass16/Sudoku-java-project-master/sourcecode.java,ProjectSudoku,"gui/3[int,int,java.lang.String]",false,31,0,1,1,0,12,2,20,0,4,3,2,0,0,2,9,0,2,9,6,4,6,3,0,0,0,9,17,0,false
/home/x1/Desktop/ass/ass16/Sudoku-java-project-master/sourcecode.java,ProjectSudoku,ProjectSudoku/0,true,61,1,3,1,2,4,12,115,0,4,0,12,1,1,2,1,0,0,13,31,9,1,3,1,0,0,49,0,0,false
/home/x1/Desktop/ass/ass16/Sudoku-java-project-master/sourcecode.java,ProjectSudoku$Anonymous1,actionPerformed/1[java.awt.event.ActionEvent],false,105,1,2,0,2,5,6,15,0,2,1,6,2,2,2,0,0,0,3,5,4,1,3,0,0,0,12,1,0,false
/home/x1/Desktop/ass/ass16/Sudoku-java-project-master/sourcecode.java,ProjectSudoku$Anonymous1,"Numberissafe/3[int,int,int]",false,183,0,1,1,0,8,0,16,4,6,3,0,0,0,4,3,0,2,0,8,6,6,3,0,0,0,15,1,0,false
/home/x1/Desktop/ass/ass16/Sudoku-java-project-master/sourcecode.java,ProjectSudoku$Anonymous1,solveSudoku/0,false,127,2,5,2,3,5,3,17,3,4,0,3,3,1,1,1,0,0,0,8,8,0,3,0,0,0,17,1,0,false
/home/x1/Desktop/ass/ass16/Sudoku-java-project-master/sourcecode.java,ProjectSudoku$Anonymous1,printSudoku/0,false,208,0,1,1,0,3,3,9,0,2,0,3,0,0,2,0,0,0,1,4,2,1,2,0,0,0,5,1,0,false
/home/x1/Desktop/ass/ass16/Sudoku-java-project-master/sourcecode.java,ProjectSudoku$Anonymous1,"FindEmptyLoction/2[int,int]",false,164,1,1,1,0,4,0,16,2,5,2,0,0,0,2,1,0,0,0,7,8,0,3,0,0,0,13,1,0,false
