file,class,method,variable,usage
/home/x1/Desktop/ass/ass16/Sudoku-java-project-master/finalsudokuproject/src/finalsudokuproject/ProjectSudoku.java,finalsudokuproject.ProjectSudoku,"gui/3[int,int,java.lang.String]",r,1
/home/x1/Desktop/ass/ass16/Sudoku-java-project-master/finalsudokuproject/src/finalsudokuproject/ProjectSudoku.java,finalsudokuproject.ProjectSudoku,"gui/3[int,int,java.lang.String]",col_start,2
/home/x1/Desktop/ass/ass16/Sudoku-java-project-master/finalsudokuproject/src/finalsudokuproject/ProjectSudoku.java,finalsudokuproject.ProjectSudoku,"gui/3[int,int,java.lang.String]",c,1
/home/x1/Desktop/ass/ass16/Sudoku-java-project-master/finalsudokuproject/src/finalsudokuproject/ProjectSudoku.java,finalsudokuproject.ProjectSudoku,"gui/3[int,int,java.lang.String]",s,9
/home/x1/Desktop/ass/ass16/Sudoku-java-project-master/finalsudokuproject/src/finalsudokuproject/ProjectSudoku.java,finalsudokuproject.ProjectSudoku,"gui/3[int,int,java.lang.String]",row_start,2
/home/x1/Desktop/ass/ass16/Sudoku-java-project-master/finalsudokuproject/src/finalsudokuproject/ProjectSudoku.java,finalsudokuproject.ProjectSudoku,"gui/3[int,int,java.lang.String]",i,12
/home/x1/Desktop/ass/ass16/Sudoku-java-project-master/finalsudokuproject/src/finalsudokuproject/ProjectSudoku.java,finalsudokuproject.ProjectSudoku,"gui/3[int,int,java.lang.String]",j,12
/home/x1/Desktop/ass/ass16/Sudoku-java-project-master/finalsudokuproject/src/finalsudokuproject/ProjectSudoku.java,finalsudokuproject.ProjectSudoku,ProjectSudoku/0,grid,1
/home/x1/Desktop/ass/ass16/Sudoku-java-project-master/finalsudokuproject/src/finalsudokuproject/ProjectSudoku.java,finalsudokuproject.ProjectSudoku,ProjectSudoku/0,i,12
/home/x1/Desktop/ass/ass16/Sudoku-java-project-master/finalsudokuproject/src/finalsudokuproject/ProjectSudoku.java,finalsudokuproject.ProjectSudoku,ProjectSudoku/0,j,12
/home/x1/Desktop/ass/ass16/Sudoku-java-project-master/finalsudokuproject/src/finalsudokuproject/ProjectSudoku.java,finalsudokuproject.ProjectSudoku,ProjectSudoku/0,frame,4
/home/x1/Desktop/ass/ass16/Sudoku-java-project-master/finalsudokuproject/src/finalsudokuproject/ProjectSudoku.java,finalsudokuproject.ProjectSudoku,main/1[java.lang.String[]],args,0
/home/x1/Desktop/ass/ass16/Sudoku-java-project-master/finalsudokuproject/src/finalsudokuproject/ProjectSudoku.java,finalsudokuproject.ProjectSudoku,main/1[java.lang.String[]],sample,0
/home/x1/Desktop/ass/ass16/Sudoku-java-project-master/finalsudokuproject/src/finalsudokuproject/ProjectSudoku.java,finalsudokuproject.ProjectSudoku$Anonymous1,"FindEmptyLoction/2[int,int]",col,2
/home/x1/Desktop/ass/ass16/Sudoku-java-project-master/finalsudokuproject/src/finalsudokuproject/ProjectSudoku.java,finalsudokuproject.ProjectSudoku$Anonymous1,"FindEmptyLoction/2[int,int]",a,3
/home/x1/Desktop/ass/ass16/Sudoku-java-project-master/finalsudokuproject/src/finalsudokuproject/ProjectSudoku.java,finalsudokuproject.ProjectSudoku$Anonymous1,"FindEmptyLoction/2[int,int]",flag,3
/home/x1/Desktop/ass/ass16/Sudoku-java-project-master/finalsudokuproject/src/finalsudokuproject/ProjectSudoku.java,finalsudokuproject.ProjectSudoku$Anonymous1,"FindEmptyLoction/2[int,int]",i,4
/home/x1/Desktop/ass/ass16/Sudoku-java-project-master/finalsudokuproject/src/finalsudokuproject/ProjectSudoku.java,finalsudokuproject.ProjectSudoku$Anonymous1,"FindEmptyLoction/2[int,int]",j,4
/home/x1/Desktop/ass/ass16/Sudoku-java-project-master/finalsudokuproject/src/finalsudokuproject/ProjectSudoku.java,finalsudokuproject.ProjectSudoku$Anonymous1,"FindEmptyLoction/2[int,int]",row,2
/home/x1/Desktop/ass/ass16/Sudoku-java-project-master/finalsudokuproject/src/finalsudokuproject/ProjectSudoku.java,finalsudokuproject.ProjectSudoku$Anonymous1,solveSudoku/0,col,5
/home/x1/Desktop/ass/ass16/Sudoku-java-project-master/finalsudokuproject/src/finalsudokuproject/ProjectSudoku.java,finalsudokuproject.ProjectSudoku$Anonymous1,solveSudoku/0,a,3
/home/x1/Desktop/ass/ass16/Sudoku-java-project-master/finalsudokuproject/src/finalsudokuproject/ProjectSudoku.java,finalsudokuproject.ProjectSudoku$Anonymous1,solveSudoku/0,i,4
/home/x1/Desktop/ass/ass16/Sudoku-java-project-master/finalsudokuproject/src/finalsudokuproject/ProjectSudoku.java,finalsudokuproject.ProjectSudoku$Anonymous1,solveSudoku/0,row,5
/home/x1/Desktop/ass/ass16/Sudoku-java-project-master/finalsudokuproject/src/finalsudokuproject/ProjectSudoku.java,finalsudokuproject.ProjectSudoku$Anonymous1,actionPerformed/1[java.awt.event.ActionEvent],ae,0
/home/x1/Desktop/ass/ass16/Sudoku-java-project-master/finalsudokuproject/src/finalsudokuproject/ProjectSudoku.java,finalsudokuproject.ProjectSudoku$Anonymous1,actionPerformed/1[java.awt.event.ActionEvent],i,6
/home/x1/Desktop/ass/ass16/Sudoku-java-project-master/finalsudokuproject/src/finalsudokuproject/ProjectSudoku.java,finalsudokuproject.ProjectSudoku$Anonymous1,actionPerformed/1[java.awt.event.ActionEvent],j,6
/home/x1/Desktop/ass/ass16/Sudoku-java-project-master/finalsudokuproject/src/finalsudokuproject/ProjectSudoku.java,finalsudokuproject.ProjectSudoku$Anonymous1,"Numberissafe/3[int,int,int]",r,2
/home/x1/Desktop/ass/ass16/Sudoku-java-project-master/finalsudokuproject/src/finalsudokuproject/ProjectSudoku.java,finalsudokuproject.ProjectSudoku$Anonymous1,"Numberissafe/3[int,int,int]",col_start,2
/home/x1/Desktop/ass/ass16/Sudoku-java-project-master/finalsudokuproject/src/finalsudokuproject/ProjectSudoku.java,finalsudokuproject.ProjectSudoku$Anonymous1,"Numberissafe/3[int,int,int]",c,2
/home/x1/Desktop/ass/ass16/Sudoku-java-project-master/finalsudokuproject/src/finalsudokuproject/ProjectSudoku.java,finalsudokuproject.ProjectSudoku$Anonymous1,"Numberissafe/3[int,int,int]",row_start,2
/home/x1/Desktop/ass/ass16/Sudoku-java-project-master/finalsudokuproject/src/finalsudokuproject/ProjectSudoku.java,finalsudokuproject.ProjectSudoku$Anonymous1,"Numberissafe/3[int,int,int]",i,11
/home/x1/Desktop/ass/ass16/Sudoku-java-project-master/finalsudokuproject/src/finalsudokuproject/ProjectSudoku.java,finalsudokuproject.ProjectSudoku$Anonymous1,"Numberissafe/3[int,int,int]",j,3
/home/x1/Desktop/ass/ass16/Sudoku-java-project-master/finalsudokuproject/src/finalsudokuproject/ProjectSudoku.java,finalsudokuproject.ProjectSudoku$Anonymous1,"Numberissafe/3[int,int,int]",n,3
/home/x1/Desktop/ass/ass16/Sudoku-java-project-master/finalsudokuproject/src/finalsudokuproject/ProjectSudoku.java,finalsudokuproject.ProjectSudoku$Anonymous1,printSudoku/0,i,7
/home/x1/Desktop/ass/ass16/Sudoku-java-project-master/finalsudokuproject/src/finalsudokuproject/ProjectSudoku.java,finalsudokuproject.ProjectSudoku$Anonymous1,printSudoku/0,j,7
/home/x1/Desktop/ass/ass16/Sudoku-java-project-master/sourcecode.java,ProjectSudoku,main/1[java.lang.String[]],args,0
/home/x1/Desktop/ass/ass16/Sudoku-java-project-master/sourcecode.java,ProjectSudoku,main/1[java.lang.String[]],sample,0
/home/x1/Desktop/ass/ass16/Sudoku-java-project-master/sourcecode.java,ProjectSudoku,"gui/3[int,int,java.lang.String]",r,1
/home/x1/Desktop/ass/ass16/Sudoku-java-project-master/sourcecode.java,ProjectSudoku,"gui/3[int,int,java.lang.String]",col_start,2
/home/x1/Desktop/ass/ass16/Sudoku-java-project-master/sourcecode.java,ProjectSudoku,"gui/3[int,int,java.lang.String]",c,1
/home/x1/Desktop/ass/ass16/Sudoku-java-project-master/sourcecode.java,ProjectSudoku,"gui/3[int,int,java.lang.String]",s,9
/home/x1/Desktop/ass/ass16/Sudoku-java-project-master/sourcecode.java,ProjectSudoku,"gui/3[int,int,java.lang.String]",row_start,2
/home/x1/Desktop/ass/ass16/Sudoku-java-project-master/sourcecode.java,ProjectSudoku,"gui/3[int,int,java.lang.String]",i,12
/home/x1/Desktop/ass/ass16/Sudoku-java-project-master/sourcecode.java,ProjectSudoku,"gui/3[int,int,java.lang.String]",j,12
/home/x1/Desktop/ass/ass16/Sudoku-java-project-master/sourcecode.java,ProjectSudoku,ProjectSudoku/0,grid,1
/home/x1/Desktop/ass/ass16/Sudoku-java-project-master/sourcecode.java,ProjectSudoku,ProjectSudoku/0,i,12
/home/x1/Desktop/ass/ass16/Sudoku-java-project-master/sourcecode.java,ProjectSudoku,ProjectSudoku/0,j,12
/home/x1/Desktop/ass/ass16/Sudoku-java-project-master/sourcecode.java,ProjectSudoku,ProjectSudoku/0,frame,4
/home/x1/Desktop/ass/ass16/Sudoku-java-project-master/sourcecode.java,ProjectSudoku$Anonymous1,actionPerformed/1[java.awt.event.ActionEvent],ae,0
/home/x1/Desktop/ass/ass16/Sudoku-java-project-master/sourcecode.java,ProjectSudoku$Anonymous1,actionPerformed/1[java.awt.event.ActionEvent],i,6
/home/x1/Desktop/ass/ass16/Sudoku-java-project-master/sourcecode.java,ProjectSudoku$Anonymous1,actionPerformed/1[java.awt.event.ActionEvent],j,6
/home/x1/Desktop/ass/ass16/Sudoku-java-project-master/sourcecode.java,ProjectSudoku$Anonymous1,"Numberissafe/3[int,int,int]",r,2
/home/x1/Desktop/ass/ass16/Sudoku-java-project-master/sourcecode.java,ProjectSudoku$Anonymous1,"Numberissafe/3[int,int,int]",col_start,2
/home/x1/Desktop/ass/ass16/Sudoku-java-project-master/sourcecode.java,ProjectSudoku$Anonymous1,"Numberissafe/3[int,int,int]",c,2
/home/x1/Desktop/ass/ass16/Sudoku-java-project-master/sourcecode.java,ProjectSudoku$Anonymous1,"Numberissafe/3[int,int,int]",row_start,2
/home/x1/Desktop/ass/ass16/Sudoku-java-project-master/sourcecode.java,ProjectSudoku$Anonymous1,"Numberissafe/3[int,int,int]",i,11
/home/x1/Desktop/ass/ass16/Sudoku-java-project-master/sourcecode.java,ProjectSudoku$Anonymous1,"Numberissafe/3[int,int,int]",j,3
/home/x1/Desktop/ass/ass16/Sudoku-java-project-master/sourcecode.java,ProjectSudoku$Anonymous1,"Numberissafe/3[int,int,int]",n,3
/home/x1/Desktop/ass/ass16/Sudoku-java-project-master/sourcecode.java,ProjectSudoku$Anonymous1,solveSudoku/0,col,5
/home/x1/Desktop/ass/ass16/Sudoku-java-project-master/sourcecode.java,ProjectSudoku$Anonymous1,solveSudoku/0,a,3
/home/x1/Desktop/ass/ass16/Sudoku-java-project-master/sourcecode.java,ProjectSudoku$Anonymous1,solveSudoku/0,i,4
/home/x1/Desktop/ass/ass16/Sudoku-java-project-master/sourcecode.java,ProjectSudoku$Anonymous1,solveSudoku/0,row,5
/home/x1/Desktop/ass/ass16/Sudoku-java-project-master/sourcecode.java,ProjectSudoku$Anonymous1,printSudoku/0,i,7
/home/x1/Desktop/ass/ass16/Sudoku-java-project-master/sourcecode.java,ProjectSudoku$Anonymous1,printSudoku/0,j,7
/home/x1/Desktop/ass/ass16/Sudoku-java-project-master/sourcecode.java,ProjectSudoku$Anonymous1,"FindEmptyLoction/2[int,int]",col,2
/home/x1/Desktop/ass/ass16/Sudoku-java-project-master/sourcecode.java,ProjectSudoku$Anonymous1,"FindEmptyLoction/2[int,int]",a,3
/home/x1/Desktop/ass/ass16/Sudoku-java-project-master/sourcecode.java,ProjectSudoku$Anonymous1,"FindEmptyLoction/2[int,int]",flag,3
/home/x1/Desktop/ass/ass16/Sudoku-java-project-master/sourcecode.java,ProjectSudoku$Anonymous1,"FindEmptyLoction/2[int,int]",i,4
/home/x1/Desktop/ass/ass16/Sudoku-java-project-master/sourcecode.java,ProjectSudoku$Anonymous1,"FindEmptyLoction/2[int,int]",j,4
/home/x1/Desktop/ass/ass16/Sudoku-java-project-master/sourcecode.java,ProjectSudoku$Anonymous1,"FindEmptyLoction/2[int,int]",row,2
