file,class,method,variable,usage
C:\Users\OOPS\Downloads\Java-Media-Converter-mp4-to-mkv-mp3-and-flv-master\Java-Media-Converter-mp4-to-mkv-mp3-and-flv-master\src\main\java\MediaConvertor\WatcherAdapter.java,MediaConvertor.WatcherAdapter,adapted_mp4TOflv/0,watch,1
C:\Users\OOPS\Downloads\Java-Media-Converter-mp4-to-mkv-mp3-and-flv-master\Java-Media-Converter-mp4-to-mkv-mp3-and-flv-master\src\main\java\MediaConvertor\WatcherAdapter.java,MediaConvertor.WatcherAdapter,adapted_mp4TOmp3/0,watch,1
C:\Users\OOPS\Downloads\Java-Media-Converter-mp4-to-mkv-mp3-and-flv-master\Java-Media-Converter-mp4-to-mkv-mp3-and-flv-master\src\main\java\MediaConvertor\WatcherAdapter.java,MediaConvertor.WatcherAdapter,adapted_mp4TOmkv/0,watch,1
C:\Users\OOPS\Downloads\Java-Media-Converter-mp4-to-mkv-mp3-and-flv-master\Java-Media-Converter-mp4-to-mkv-mp3-and-flv-master\src\main\java\MediaConvertor\Watcher\Watcher.java,MediaConvertor.Watcher.Watcher,check_mp4TOflv/0,factory,1
C:\Users\OOPS\Downloads\Java-Media-Converter-mp4-to-mkv-mp3-and-flv-master\Java-Media-Converter-mp4-to-mkv-mp3-and-flv-master\src\main\java\MediaConvertor\Watcher\Watcher.java,MediaConvertor.Watcher.Watcher,check_mp4TOmp3/0,factory,1
C:\Users\OOPS\Downloads\Java-Media-Converter-mp4-to-mkv-mp3-and-flv-master\Java-Media-Converter-mp4-to-mkv-mp3-and-flv-master\src\main\java\MediaConvertor\Watcher\Watcher.java,MediaConvertor.Watcher.Watcher,check_mp4TOmkv/0,factory,1
C:\Users\OOPS\Downloads\Java-Media-Converter-mp4-to-mkv-mp3-and-flv-master\Java-Media-Converter-mp4-to-mkv-mp3-and-flv-master\src\main\java\MediaConvertor\ThreadAllocator.java,MediaConvertor.ThreadAllocator,getInstance/0,instance,3
