file,class,method,constructor,line,cbo,cboModified,fanin,fanout,wmc,rfc,loc,returnsQty,variablesQty,parametersQty,methodsInvokedQty,methodsInvokedLocalQty,methodsInvokedIndirectLocalQty,loopQty,comparisonsQty,tryCatchQty,parenthesizedExpsQty,stringLiteralsQty,numbersQty,assignmentsQty,mathOperationsQty,maxNestedBlocksQty,anonymousClassesQty,innerClassesQty,lambdasQty,uniqueWordsQty,modifiers,logStatementsQty,hasJavaDoc
C:\Users\OOPS\Downloads\Java-Media-Converter-mp4-to-mkv-mp3-and-flv-master\Java-Media-Converter-mp4-to-mkv-mp3-and-flv-master\src\main\java\MediaConvertor\mp4TOmp3.java,MediaConvertor.mp4TOmp3,encode/1[java.lang.String],FALSE,16,4,0,0,0,2,7,19,0,6,1,7,0,0,0,0,1,0,5,3,6,2,1,0,0,0,27,1,0,FALSE
C:\Users\OOPS\Downloads\Java-Media-Converter-mp4-to-mkv-mp3-and-flv-master\Java-Media-Converter-mp4-to-mkv-mp3-and-flv-master\src\main\java\MediaConvertor\WatcherAdapter.java,MediaConvertor.WatcherAdapter,adapted_mp4TOflv/0,FALSE,15,1,2,1,1,3,2,11,0,0,0,2,0,0,0,0,1,0,0,0,0,0,1,0,0,0,9,1,0,FALSE
C:\Users\OOPS\Downloads\Java-Media-Converter-mp4-to-mkv-mp3-and-flv-master\Java-Media-Converter-mp4-to-mkv-mp3-and-flv-master\src\main\java\MediaConvertor\WatcherAdapter.java,MediaConvertor.WatcherAdapter,adapted_mp4TOmp3/0,FALSE,35,1,2,1,1,3,2,11,0,0,0,2,0,0,0,0,1,0,0,0,0,0,1,0,0,0,9,1,0,FALSE
C:\Users\OOPS\Downloads\Java-Media-Converter-mp4-to-mkv-mp3-and-flv-master\Java-Media-Converter-mp4-to-mkv-mp3-and-flv-master\src\main\java\MediaConvertor\WatcherAdapter.java,MediaConvertor.WatcherAdapter,adapted_mp4TOmkv/0,FALSE,25,1,2,1,1,3,2,11,0,0,0,2,0,0,0,0,1,0,0,0,0,0,1,0,0,0,9,1,0,FALSE
C:\Users\OOPS\Downloads\Java-Media-Converter-mp4-to-mkv-mp3-and-flv-master\Java-Media-Converter-mp4-to-mkv-mp3-and-flv-master\src\main\java\MediaConvertor\EcoderFactory.java,MediaConvertor.EcoderFactory,getInstence/1[java.lang.String],FALSE,4,4,6,3,3,4,1,12,4,0,1,1,0,0,0,0,0,0,3,0,0,0,1,0,0,0,12,1,0,FALSE
C:\Users\OOPS\Downloads\Java-Media-Converter-mp4-to-mkv-mp3-and-flv-master\Java-Media-Converter-mp4-to-mkv-mp3-and-flv-master\src\main\java\MediaConvertor\MediaEncoder.java,MediaConvertor.MediaEncoder,encode/1[java.lang.String],FALSE,4,0,3,3,0,1,0,1,0,0,1,0,0,0,0,0,0,0,0,0,0,0,0,0,0,0,3,1025,0,FALSE
C:\Users\OOPS\Downloads\Java-Media-Converter-mp4-to-mkv-mp3-and-flv-master\Java-Media-Converter-mp4-to-mkv-mp3-and-flv-master\src\main\java\MediaConvertor\mp4toflv.java,MediaConvertor.mp4toflv,encode/1[java.lang.String],FALSE,13,6,0,0,0,2,10,25,0,7,1,10,0,0,0,0,1,0,6,7,7,2,1,0,0,0,31,1,0,FALSE
C:\Users\OOPS\Downloads\Java-Media-Converter-mp4-to-mkv-mp3-and-flv-master\Java-Media-Converter-mp4-to-mkv-mp3-and-flv-master\src\main\java\MediaConvertor\Watcher\Watcher.java,MediaConvertor.Watcher.Watcher,check_mp4TOflv/0,FALSE,17,2,2,0,2,5,16,25,0,7,0,16,0,0,2,0,0,0,6,0,8,2,4,0,0,0,37,1,0,FALSE
C:\Users\OOPS\Downloads\Java-Media-Converter-mp4-to-mkv-mp3-and-flv-master\Java-Media-Converter-mp4-to-mkv-mp3-and-flv-master\src\main\java\MediaConvertor\Watcher\Watcher.java,MediaConvertor.Watcher.Watcher,check_mp4TOmp3/0,FALSE,94,2,2,0,2,5,16,25,0,7,0,16,0,0,2,0,0,0,6,0,8,2,4,0,0,0,37,1,0,FALSE
C:\Users\OOPS\Downloads\Java-Media-Converter-mp4-to-mkv-mp3-and-flv-master\Java-Media-Converter-mp4-to-mkv-mp3-and-flv-master\src\main\java\MediaConvertor\Watcher\Watcher.java,MediaConvertor.Watcher.Watcher,check_mp4TOmkv/0,FALSE,55,2,2,0,2,5,16,25,0,7,0,16,0,0,2,0,0,0,6,0,8,2,4,0,0,0,37,1,0,FALSE
C:\Users\OOPS\Downloads\Java-Media-Converter-mp4-to-mkv-mp3-and-flv-master\Java-Media-Converter-mp4-to-mkv-mp3-and-flv-master\src\main\java\MediaConvertor\mp4tomkv.java,MediaConvertor.mp4tomkv,encode/1[java.lang.String],FALSE,13,6,0,0,0,2,10,25,0,7,1,10,0,0,0,0,1,0,6,7,7,2,1,0,0,0,31,1,0,FALSE
C:\Users\OOPS\Downloads\Java-Media-Converter-mp4-to-mkv-mp3-and-flv-master\Java-Media-Converter-mp4-to-mkv-mp3-and-flv-master\src\main\java\MediaConvertor\Main.java,MediaConvertor.Main,main/1[java.lang.String[]],FALSE,15,1,2,0,2,1,3,5,0,1,1,3,0,0,0,0,0,0,0,0,1,0,0,0,0,0,5,9,0,FALSE
C:\Users\OOPS\Downloads\Java-Media-Converter-mp4-to-mkv-mp3-and-flv-master\Java-Media-Converter-mp4-to-mkv-mp3-and-flv-master\src\main\java\MediaConvertor\Main.java,MediaConvertor.Main,mp4TOflv/0,FALSE,94,6,0,0,0,2,10,25,0,7,0,10,0,0,0,0,1,0,5,7,7,0,1,0,0,0,31,1,0,FALSE
C:\Users\OOPS\Downloads\Java-Media-Converter-mp4-to-mkv-mp3-and-flv-master\Java-Media-Converter-mp4-to-mkv-mp3-and-flv-master\src\main\java\MediaConvertor\Main.java,MediaConvertor.Main,mp4TOmkv/0,FALSE,56,6,0,0,0,2,10,25,0,7,0,10,0,0,0,0,1,0,5,7,7,0,1,0,0,0,31,1,0,FALSE
C:\Users\OOPS\Downloads\Java-Media-Converter-mp4-to-mkv-mp3-and-flv-master\Java-Media-Converter-mp4-to-mkv-mp3-and-flv-master\src\main\java\MediaConvertor\Main.java,MediaConvertor.Main,mp4TOmp3/0,FALSE,27,4,0,0,0,2,7,19,0,6,0,7,0,0,0,0,1,0,4,3,6,0,1,0,0,0,27,1,0,FALSE
C:\Users\OOPS\Downloads\Java-Media-Converter-mp4-to-mkv-mp3-and-flv-master\Java-Media-Converter-mp4-to-mkv-mp3-and-flv-master\src\main\java\MediaConvertor\ThreadAllocator.java,MediaConvertor.ThreadAllocator,ThreadAllocator/0,TRUE,12,0,1,1,0,1,0,2,0,0,0,0,0,0,0,0,0,0,0,0,0,0,0,0,0,0,2,2,0,FALSE
C:\Users\OOPS\Downloads\Java-Media-Converter-mp4-to-mkv-mp3-and-flv-master\Java-Media-Converter-mp4-to-mkv-mp3-and-flv-master\src\main\java\MediaConvertor\ThreadAllocator.java,MediaConvertor.ThreadAllocator,threadAssigner/0,FALSE,23,1,5,1,4,2,6,29,0,7,0,6,0,0,0,0,1,0,0,0,7,0,1,0,0,3,16,1,0,FALSE
C:\Users\OOPS\Downloads\Java-Media-Converter-mp4-to-mkv-mp3-and-flv-master\Java-Media-Converter-mp4-to-mkv-mp3-and-flv-master\src\main\java\MediaConvertor\ThreadAllocator.java,MediaConvertor.ThreadAllocator,getInstance/0,FALSE,16,1,2,1,1,2,0,6,1,0,0,0,0,0,0,1,0,0,0,0,1,0,1,0,0,0,6,9,0,FALSE
C:\Users\OOPS\Downloads\Java-Media-Converter-mp4-to-mkv-mp3-and-flv-master\Java-Media-Converter-mp4-to-mkv-mp3-and-flv-master\src\main\java\MediaConvertor\Watcher\WatcherInterface.java,MediaConvertor.Watcher.WatcherInterface,check_mp4TOflv/0,FALSE,8,0,1,1,0,1,0,1,0,0,0,0,0,0,0,0,0,0,0,0,0,0,0,0,0,0,6,1,0,FALSE
C:\Users\OOPS\Downloads\Java-Media-Converter-mp4-to-mkv-mp3-and-flv-master\Java-Media-Converter-mp4-to-mkv-mp3-and-flv-master\src\main\java\MediaConvertor\Watcher\WatcherInterface.java,MediaConvertor.Watcher.WatcherInterface,check_mp4TOmkv/0,FALSE,9,0,1,1,0,1,0,1,0,0,0,0,0,0,0,0,0,0,0,0,0,0,0,0,0,0,6,1,0,FALSE
C:\Users\OOPS\Downloads\Java-Media-Converter-mp4-to-mkv-mp3-and-flv-master\Java-Media-Converter-mp4-to-mkv-mp3-and-flv-master\src\main\java\MediaConvertor\Watcher\WatcherInterface.java,MediaConvertor.Watcher.WatcherInterface,check_mp4TOmp3/0,FALSE,10,0,1,1,0,1,0,1,0,0,0,0,0,0,0,0,0,0,0,0,0,0,0,0,0,0,6,1,0,FALSE
