file,class,method,variable,usage
C:\Users\OOPS\Downloads\Java-Media-Converter-mp4-to-mkv-mp3-and-flv-master\Java-Media-Converter-mp4-to-mkv-mp3-and-flv-master\src\main\java\MediaConvertor\mp4TOmp3.java,MediaConvertor.mp4TOmp3,encode/1[java.lang.String],filename,2
C:\Users\OOPS\Downloads\Java-Media-Converter-mp4-to-mkv-mp3-and-flv-master\Java-Media-Converter-mp4-to-mkv-mp3-and-flv-master\src\main\java\MediaConvertor\mp4TOmp3.java,MediaConvertor.mp4TOmp3,encode/1[java.lang.String],ex,0
C:\Users\OOPS\Downloads\Java-Media-Converter-mp4-to-mkv-mp3-and-flv-master\Java-Media-Converter-mp4-to-mkv-mp3-and-flv-master\src\main\java\MediaConvertor\mp4TOmp3.java,MediaConvertor.mp4TOmp3,encode/1[java.lang.String],source,1
C:\Users\OOPS\Downloads\Java-Media-Converter-mp4-to-mkv-mp3-and-flv-master\Java-Media-Converter-mp4-to-mkv-mp3-and-flv-master\src\main\java\MediaConvertor\mp4TOmp3.java,MediaConvertor.mp4TOmp3,encode/1[java.lang.String],audio,5
C:\Users\OOPS\Downloads\Java-Media-Converter-mp4-to-mkv-mp3-and-flv-master\Java-Media-Converter-mp4-to-mkv-mp3-and-flv-master\src\main\java\MediaConvertor\mp4TOmp3.java,MediaConvertor.mp4TOmp3,encode/1[java.lang.String],encoder,1
C:\Users\OOPS\Downloads\Java-Media-Converter-mp4-to-mkv-mp3-and-flv-master\Java-Media-Converter-mp4-to-mkv-mp3-and-flv-master\src\main\java\MediaConvertor\mp4TOmp3.java,MediaConvertor.mp4TOmp3,encode/1[java.lang.String],target,1
C:\Users\OOPS\Downloads\Java-Media-Converter-mp4-to-mkv-mp3-and-flv-master\Java-Media-Converter-mp4-to-mkv-mp3-and-flv-master\src\main\java\MediaConvertor\mp4TOmp3.java,MediaConvertor.mp4TOmp3,encode/1[java.lang.String],attrs,3
C:\Users\OOPS\Downloads\Java-Media-Converter-mp4-to-mkv-mp3-and-flv-master\Java-Media-Converter-mp4-to-mkv-mp3-and-flv-master\src\main\java\MediaConvertor\mp4TOmp3.java,MediaConvertor.mp4TOmp3,encode/1[java.lang.String],succeeded,0
C:\Users\OOPS\Downloads\Java-Media-Converter-mp4-to-mkv-mp3-and-flv-master\Java-Media-Converter-mp4-to-mkv-mp3-and-flv-master\src\main\java\MediaConvertor\WatcherAdapter.java,MediaConvertor.WatcherAdapter,adapted_mp4TOflv/0,e,3
C:\Users\OOPS\Downloads\Java-Media-Converter-mp4-to-mkv-mp3-and-flv-master\Java-Media-Converter-mp4-to-mkv-mp3-and-flv-master\src\main\java\MediaConvertor\WatcherAdapter.java,MediaConvertor.WatcherAdapter,adapted_mp4TOmp3/0,e,3
C:\Users\OOPS\Downloads\Java-Media-Converter-mp4-to-mkv-mp3-and-flv-master\Java-Media-Converter-mp4-to-mkv-mp3-and-flv-master\src\main\java\MediaConvertor\WatcherAdapter.java,MediaConvertor.WatcherAdapter,adapted_mp4TOmkv/0,e,3
C:\Users\OOPS\Downloads\Java-Media-Converter-mp4-to-mkv-mp3-and-flv-master\Java-Media-Converter-mp4-to-mkv-mp3-and-flv-master\src\main\java\MediaConvertor\EcoderFactory.java,MediaConvertor.EcoderFactory,getInstence/1[java.lang.String],codecType,3
C:\Users\OOPS\Downloads\Java-Media-Converter-mp4-to-mkv-mp3-and-flv-master\Java-Media-Converter-mp4-to-mkv-mp3-and-flv-master\src\main\java\MediaConvertor\MediaEncoder.java,MediaConvertor.MediaEncoder,encode/1[java.lang.String],fileName,0
C:\Users\OOPS\Downloads\Java-Media-Converter-mp4-to-mkv-mp3-and-flv-master\Java-Media-Converter-mp4-to-mkv-mp3-and-flv-master\src\main\java\MediaConvertor\mp4toflv.java,MediaConvertor.mp4toflv,encode/1[java.lang.String],filename,2
C:\Users\OOPS\Downloads\Java-Media-Converter-mp4-to-mkv-mp3-and-flv-master\Java-Media-Converter-mp4-to-mkv-mp3-and-flv-master\src\main\java\MediaConvertor\mp4toflv.java,MediaConvertor.mp4toflv,encode/1[java.lang.String],ex,0
C:\Users\OOPS\Downloads\Java-Media-Converter-mp4-to-mkv-mp3-and-flv-master\Java-Media-Converter-mp4-to-mkv-mp3-and-flv-master\src\main\java\MediaConvertor\mp4toflv.java,MediaConvertor.mp4toflv,encode/1[java.lang.String],source,1
C:\Users\OOPS\Downloads\Java-Media-Converter-mp4-to-mkv-mp3-and-flv-master\Java-Media-Converter-mp4-to-mkv-mp3-and-flv-master\src\main\java\MediaConvertor\mp4toflv.java,MediaConvertor.mp4toflv,encode/1[java.lang.String],audio,5
C:\Users\OOPS\Downloads\Java-Media-Converter-mp4-to-mkv-mp3-and-flv-master\Java-Media-Converter-mp4-to-mkv-mp3-and-flv-master\src\main\java\MediaConvertor\mp4toflv.java,MediaConvertor.mp4toflv,encode/1[java.lang.String],video,5
C:\Users\OOPS\Downloads\Java-Media-Converter-mp4-to-mkv-mp3-and-flv-master\Java-Media-Converter-mp4-to-mkv-mp3-and-flv-master\src\main\java\MediaConvertor\mp4toflv.java,MediaConvertor.mp4toflv,encode/1[java.lang.String],encoder,1
C:\Users\OOPS\Downloads\Java-Media-Converter-mp4-to-mkv-mp3-and-flv-master\Java-Media-Converter-mp4-to-mkv-mp3-and-flv-master\src\main\java\MediaConvertor\mp4toflv.java,MediaConvertor.mp4toflv,encode/1[java.lang.String],target,1
C:\Users\OOPS\Downloads\Java-Media-Converter-mp4-to-mkv-mp3-and-flv-master\Java-Media-Converter-mp4-to-mkv-mp3-and-flv-master\src\main\java\MediaConvertor\mp4toflv.java,MediaConvertor.mp4toflv,encode/1[java.lang.String],attrs,4
C:\Users\OOPS\Downloads\Java-Media-Converter-mp4-to-mkv-mp3-and-flv-master\Java-Media-Converter-mp4-to-mkv-mp3-and-flv-master\src\main\java\MediaConvertor\mp4toflv.java,MediaConvertor.mp4toflv,encode/1[java.lang.String],succeeded,0
C:\Users\OOPS\Downloads\Java-Media-Converter-mp4-to-mkv-mp3-and-flv-master\Java-Media-Converter-mp4-to-mkv-mp3-and-flv-master\src\main\java\MediaConvertor\Watcher\Watcher.java,MediaConvertor.Watcher.Watcher,check_mp4TOflv/0,valid,2
C:\Users\OOPS\Downloads\Java-Media-Converter-mp4-to-mkv-mp3-and-flv-master\Java-Media-Converter-mp4-to-mkv-mp3-and-flv-master\src\main\java\MediaConvertor\Watcher\Watcher.java,MediaConvertor.Watcher.Watcher,check_mp4TOflv/0,flv,1
C:\Users\OOPS\Downloads\Java-Media-Converter-mp4-to-mkv-mp3-and-flv-master\Java-Media-Converter-mp4-to-mkv-mp3-and-flv-master\src\main\java\MediaConvertor\Watcher\Watcher.java,MediaConvertor.Watcher.Watcher,check_mp4TOflv/0,fileName,4
C:\Users\OOPS\Downloads\Java-Media-Converter-mp4-to-mkv-mp3-and-flv-master\Java-Media-Converter-mp4-to-mkv-mp3-and-flv-master\src\main\java\MediaConvertor\Watcher\Watcher.java,MediaConvertor.Watcher.Watcher,check_mp4TOflv/0,watchService,2
C:\Users\OOPS\Downloads\Java-Media-Converter-mp4-to-mkv-mp3-and-flv-master\Java-Media-Converter-mp4-to-mkv-mp3-and-flv-master\src\main\java\MediaConvertor\Watcher\Watcher.java,MediaConvertor.Watcher.Watcher,check_mp4TOflv/0,kind,2
C:\Users\OOPS\Downloads\Java-Media-Converter-mp4-to-mkv-mp3-and-flv-master\Java-Media-Converter-mp4-to-mkv-mp3-and-flv-master\src\main\java\MediaConvertor\Watcher\Watcher.java,MediaConvertor.Watcher.Watcher,check_mp4TOflv/0,event,3
C:\Users\OOPS\Downloads\Java-Media-Converter-mp4-to-mkv-mp3-and-flv-master\Java-Media-Converter-mp4-to-mkv-mp3-and-flv-master\src\main\java\MediaConvertor\Watcher\Watcher.java,MediaConvertor.Watcher.Watcher,check_mp4TOflv/0,watchKey,2
C:\Users\OOPS\Downloads\Java-Media-Converter-mp4-to-mkv-mp3-and-flv-master\Java-Media-Converter-mp4-to-mkv-mp3-and-flv-master\src\main\java\MediaConvertor\Watcher\Watcher.java,MediaConvertor.Watcher.Watcher,check_mp4TOflv/0,faxFolder,1
C:\Users\OOPS\Downloads\Java-Media-Converter-mp4-to-mkv-mp3-and-flv-master\Java-Media-Converter-mp4-to-mkv-mp3-and-flv-master\src\main\java\MediaConvertor\Watcher\Watcher.java,MediaConvertor.Watcher.Watcher,check_mp4TOmp3/0,valid,2
C:\Users\OOPS\Downloads\Java-Media-Converter-mp4-to-mkv-mp3-and-flv-master\Java-Media-Converter-mp4-to-mkv-mp3-and-flv-master\src\main\java\MediaConvertor\Watcher\Watcher.java,MediaConvertor.Watcher.Watcher,check_mp4TOmp3/0,mp3,1
C:\Users\OOPS\Downloads\Java-Media-Converter-mp4-to-mkv-mp3-and-flv-master\Java-Media-Converter-mp4-to-mkv-mp3-and-flv-master\src\main\java\MediaConvertor\Watcher\Watcher.java,MediaConvertor.Watcher.Watcher,check_mp4TOmp3/0,fileName,4
C:\Users\OOPS\Downloads\Java-Media-Converter-mp4-to-mkv-mp3-and-flv-master\Java-Media-Converter-mp4-to-mkv-mp3-and-flv-master\src\main\java\MediaConvertor\Watcher\Watcher.java,MediaConvertor.Watcher.Watcher,check_mp4TOmp3/0,watchService,2
C:\Users\OOPS\Downloads\Java-Media-Converter-mp4-to-mkv-mp3-and-flv-master\Java-Media-Converter-mp4-to-mkv-mp3-and-flv-master\src\main\java\MediaConvertor\Watcher\Watcher.java,MediaConvertor.Watcher.Watcher,check_mp4TOmp3/0,kind,2
C:\Users\OOPS\Downloads\Java-Media-Converter-mp4-to-mkv-mp3-and-flv-master\Java-Media-Converter-mp4-to-mkv-mp3-and-flv-master\src\main\java\MediaConvertor\Watcher\Watcher.java,MediaConvertor.Watcher.Watcher,check_mp4TOmp3/0,event,3
C:\Users\OOPS\Downloads\Java-Media-Converter-mp4-to-mkv-mp3-and-flv-master\Java-Media-Converter-mp4-to-mkv-mp3-and-flv-master\src\main\java\MediaConvertor\Watcher\Watcher.java,MediaConvertor.Watcher.Watcher,check_mp4TOmp3/0,watchKey,2
C:\Users\OOPS\Downloads\Java-Media-Converter-mp4-to-mkv-mp3-and-flv-master\Java-Media-Converter-mp4-to-mkv-mp3-and-flv-master\src\main\java\MediaConvertor\Watcher\Watcher.java,MediaConvertor.Watcher.Watcher,check_mp4TOmp3/0,faxFolder,1
C:\Users\OOPS\Downloads\Java-Media-Converter-mp4-to-mkv-mp3-and-flv-master\Java-Media-Converter-mp4-to-mkv-mp3-and-flv-master\src\main\java\MediaConvertor\Watcher\Watcher.java,MediaConvertor.Watcher.Watcher,check_mp4TOmkv/0,valid,2
C:\Users\OOPS\Downloads\Java-Media-Converter-mp4-to-mkv-mp3-and-flv-master\Java-Media-Converter-mp4-to-mkv-mp3-and-flv-master\src\main\java\MediaConvertor\Watcher\Watcher.java,MediaConvertor.Watcher.Watcher,check_mp4TOmkv/0,fileName,4
C:\Users\OOPS\Downloads\Java-Media-Converter-mp4-to-mkv-mp3-and-flv-master\Java-Media-Converter-mp4-to-mkv-mp3-and-flv-master\src\main\java\MediaConvertor\Watcher\Watcher.java,MediaConvertor.Watcher.Watcher,check_mp4TOmkv/0,watchService,2
C:\Users\OOPS\Downloads\Java-Media-Converter-mp4-to-mkv-mp3-and-flv-master\Java-Media-Converter-mp4-to-mkv-mp3-and-flv-master\src\main\java\MediaConvertor\Watcher\Watcher.java,MediaConvertor.Watcher.Watcher,check_mp4TOmkv/0,kind,2
C:\Users\OOPS\Downloads\Java-Media-Converter-mp4-to-mkv-mp3-and-flv-master\Java-Media-Converter-mp4-to-mkv-mp3-and-flv-master\src\main\java\MediaConvertor\Watcher\Watcher.java,MediaConvertor.Watcher.Watcher,check_mp4TOmkv/0,mkv,1
C:\Users\OOPS\Downloads\Java-Media-Converter-mp4-to-mkv-mp3-and-flv-master\Java-Media-Converter-mp4-to-mkv-mp3-and-flv-master\src\main\java\MediaConvertor\Watcher\Watcher.java,MediaConvertor.Watcher.Watcher,check_mp4TOmkv/0,event,3
C:\Users\OOPS\Downloads\Java-Media-Converter-mp4-to-mkv-mp3-and-flv-master\Java-Media-Converter-mp4-to-mkv-mp3-and-flv-master\src\main\java\MediaConvertor\Watcher\Watcher.java,MediaConvertor.Watcher.Watcher,check_mp4TOmkv/0,watchKey,2
C:\Users\OOPS\Downloads\Java-Media-Converter-mp4-to-mkv-mp3-and-flv-master\Java-Media-Converter-mp4-to-mkv-mp3-and-flv-master\src\main\java\MediaConvertor\Watcher\Watcher.java,MediaConvertor.Watcher.Watcher,check_mp4TOmkv/0,faxFolder,1
C:\Users\OOPS\Downloads\Java-Media-Converter-mp4-to-mkv-mp3-and-flv-master\Java-Media-Converter-mp4-to-mkv-mp3-and-flv-master\src\main\java\MediaConvertor\mp4tomkv.java,MediaConvertor.mp4tomkv,encode/1[java.lang.String],filename,2
C:\Users\OOPS\Downloads\Java-Media-Converter-mp4-to-mkv-mp3-and-flv-master\Java-Media-Converter-mp4-to-mkv-mp3-and-flv-master\src\main\java\MediaConvertor\mp4tomkv.java,MediaConvertor.mp4tomkv,encode/1[java.lang.String],ex,0
C:\Users\OOPS\Downloads\Java-Media-Converter-mp4-to-mkv-mp3-and-flv-master\Java-Media-Converter-mp4-to-mkv-mp3-and-flv-master\src\main\java\MediaConvertor\mp4tomkv.java,MediaConvertor.mp4tomkv,encode/1[java.lang.String],source,1
C:\Users\OOPS\Downloads\Java-Media-Converter-mp4-to-mkv-mp3-and-flv-master\Java-Media-Converter-mp4-to-mkv-mp3-and-flv-master\src\main\java\MediaConvertor\mp4tomkv.java,MediaConvertor.mp4tomkv,encode/1[java.lang.String],audio,5
C:\Users\OOPS\Downloads\Java-Media-Converter-mp4-to-mkv-mp3-and-flv-master\Java-Media-Converter-mp4-to-mkv-mp3-and-flv-master\src\main\java\MediaConvertor\mp4tomkv.java,MediaConvertor.mp4tomkv,encode/1[java.lang.String],video,5
C:\Users\OOPS\Downloads\Java-Media-Converter-mp4-to-mkv-mp3-and-flv-master\Java-Media-Converter-mp4-to-mkv-mp3-and-flv-master\src\main\java\MediaConvertor\mp4tomkv.java,MediaConvertor.mp4tomkv,encode/1[java.lang.String],encoder,1
C:\Users\OOPS\Downloads\Java-Media-Converter-mp4-to-mkv-mp3-and-flv-master\Java-Media-Converter-mp4-to-mkv-mp3-and-flv-master\src\main\java\MediaConvertor\mp4tomkv.java,MediaConvertor.mp4tomkv,encode/1[java.lang.String],target,1
C:\Users\OOPS\Downloads\Java-Media-Converter-mp4-to-mkv-mp3-and-flv-master\Java-Media-Converter-mp4-to-mkv-mp3-and-flv-master\src\main\java\MediaConvertor\mp4tomkv.java,MediaConvertor.mp4tomkv,encode/1[java.lang.String],attrs,4
C:\Users\OOPS\Downloads\Java-Media-Converter-mp4-to-mkv-mp3-and-flv-master\Java-Media-Converter-mp4-to-mkv-mp3-and-flv-master\src\main\java\MediaConvertor\mp4tomkv.java,MediaConvertor.mp4tomkv,encode/1[java.lang.String],succeeded,0
C:\Users\OOPS\Downloads\Java-Media-Converter-mp4-to-mkv-mp3-and-flv-master\Java-Media-Converter-mp4-to-mkv-mp3-and-flv-master\src\main\java\MediaConvertor\Main.java,MediaConvertor.Main,main/1[java.lang.String[]],args,0
C:\Users\OOPS\Downloads\Java-Media-Converter-mp4-to-mkv-mp3-and-flv-master\Java-Media-Converter-mp4-to-mkv-mp3-and-flv-master\src\main\java\MediaConvertor\Main.java,MediaConvertor.Main,main/1[java.lang.String[]],assingThread,1
C:\Users\OOPS\Downloads\Java-Media-Converter-mp4-to-mkv-mp3-and-flv-master\Java-Media-Converter-mp4-to-mkv-mp3-and-flv-master\src\main\java\MediaConvertor\Main.java,MediaConvertor.Main,mp4TOflv/0,ex,0
C:\Users\OOPS\Downloads\Java-Media-Converter-mp4-to-mkv-mp3-and-flv-master\Java-Media-Converter-mp4-to-mkv-mp3-and-flv-master\src\main\java\MediaConvertor\Main.java,MediaConvertor.Main,mp4TOflv/0,source,1
C:\Users\OOPS\Downloads\Java-Media-Converter-mp4-to-mkv-mp3-and-flv-master\Java-Media-Converter-mp4-to-mkv-mp3-and-flv-master\src\main\java\MediaConvertor\Main.java,MediaConvertor.Main,mp4TOflv/0,audio,5
C:\Users\OOPS\Downloads\Java-Media-Converter-mp4-to-mkv-mp3-and-flv-master\Java-Media-Converter-mp4-to-mkv-mp3-and-flv-master\src\main\java\MediaConvertor\Main.java,MediaConvertor.Main,mp4TOflv/0,video,5
C:\Users\OOPS\Downloads\Java-Media-Converter-mp4-to-mkv-mp3-and-flv-master\Java-Media-Converter-mp4-to-mkv-mp3-and-flv-master\src\main\java\MediaConvertor\Main.java,MediaConvertor.Main,mp4TOflv/0,encoder,1
C:\Users\OOPS\Downloads\Java-Media-Converter-mp4-to-mkv-mp3-and-flv-master\Java-Media-Converter-mp4-to-mkv-mp3-and-flv-master\src\main\java\MediaConvertor\Main.java,MediaConvertor.Main,mp4TOflv/0,target,1
C:\Users\OOPS\Downloads\Java-Media-Converter-mp4-to-mkv-mp3-and-flv-master\Java-Media-Converter-mp4-to-mkv-mp3-and-flv-master\src\main\java\MediaConvertor\Main.java,MediaConvertor.Main,mp4TOflv/0,attrs,4
C:\Users\OOPS\Downloads\Java-Media-Converter-mp4-to-mkv-mp3-and-flv-master\Java-Media-Converter-mp4-to-mkv-mp3-and-flv-master\src\main\java\MediaConvertor\Main.java,MediaConvertor.Main,mp4TOflv/0,succeeded,0
C:\Users\OOPS\Downloads\Java-Media-Converter-mp4-to-mkv-mp3-and-flv-master\Java-Media-Converter-mp4-to-mkv-mp3-and-flv-master\src\main\java\MediaConvertor\Main.java,MediaConvertor.Main,mp4TOmkv/0,ex,0
C:\Users\OOPS\Downloads\Java-Media-Converter-mp4-to-mkv-mp3-and-flv-master\Java-Media-Converter-mp4-to-mkv-mp3-and-flv-master\src\main\java\MediaConvertor\Main.java,MediaConvertor.Main,mp4TOmkv/0,source,1
C:\Users\OOPS\Downloads\Java-Media-Converter-mp4-to-mkv-mp3-and-flv-master\Java-Media-Converter-mp4-to-mkv-mp3-and-flv-master\src\main\java\MediaConvertor\Main.java,MediaConvertor.Main,mp4TOmkv/0,audio,5
C:\Users\OOPS\Downloads\Java-Media-Converter-mp4-to-mkv-mp3-and-flv-master\Java-Media-Converter-mp4-to-mkv-mp3-and-flv-master\src\main\java\MediaConvertor\Main.java,MediaConvertor.Main,mp4TOmkv/0,video,5
C:\Users\OOPS\Downloads\Java-Media-Converter-mp4-to-mkv-mp3-and-flv-master\Java-Media-Converter-mp4-to-mkv-mp3-and-flv-master\src\main\java\MediaConvertor\Main.java,MediaConvertor.Main,mp4TOmkv/0,encoder,1
C:\Users\OOPS\Downloads\Java-Media-Converter-mp4-to-mkv-mp3-and-flv-master\Java-Media-Converter-mp4-to-mkv-mp3-and-flv-master\src\main\java\MediaConvertor\Main.java,MediaConvertor.Main,mp4TOmkv/0,target,1
C:\Users\OOPS\Downloads\Java-Media-Converter-mp4-to-mkv-mp3-and-flv-master\Java-Media-Converter-mp4-to-mkv-mp3-and-flv-master\src\main\java\MediaConvertor\Main.java,MediaConvertor.Main,mp4TOmkv/0,attrs,4
C:\Users\OOPS\Downloads\Java-Media-Converter-mp4-to-mkv-mp3-and-flv-master\Java-Media-Converter-mp4-to-mkv-mp3-and-flv-master\src\main\java\MediaConvertor\Main.java,MediaConvertor.Main,mp4TOmkv/0,succeeded,0
C:\Users\OOPS\Downloads\Java-Media-Converter-mp4-to-mkv-mp3-and-flv-master\Java-Media-Converter-mp4-to-mkv-mp3-and-flv-master\src\main\java\MediaConvertor\Main.java,MediaConvertor.Main,mp4TOmp3/0,ex,0
C:\Users\OOPS\Downloads\Java-Media-Converter-mp4-to-mkv-mp3-and-flv-master\Java-Media-Converter-mp4-to-mkv-mp3-and-flv-master\src\main\java\MediaConvertor\Main.java,MediaConvertor.Main,mp4TOmp3/0,source,1
C:\Users\OOPS\Downloads\Java-Media-Converter-mp4-to-mkv-mp3-and-flv-master\Java-Media-Converter-mp4-to-mkv-mp3-and-flv-master\src\main\java\MediaConvertor\Main.java,MediaConvertor.Main,mp4TOmp3/0,audio,5
C:\Users\OOPS\Downloads\Java-Media-Converter-mp4-to-mkv-mp3-and-flv-master\Java-Media-Converter-mp4-to-mkv-mp3-and-flv-master\src\main\java\MediaConvertor\Main.java,MediaConvertor.Main,mp4TOmp3/0,encoder,1
C:\Users\OOPS\Downloads\Java-Media-Converter-mp4-to-mkv-mp3-and-flv-master\Java-Media-Converter-mp4-to-mkv-mp3-and-flv-master\src\main\java\MediaConvertor\Main.java,MediaConvertor.Main,mp4TOmp3/0,target,1
C:\Users\OOPS\Downloads\Java-Media-Converter-mp4-to-mkv-mp3-and-flv-master\Java-Media-Converter-mp4-to-mkv-mp3-and-flv-master\src\main\java\MediaConvertor\Main.java,MediaConvertor.Main,mp4TOmp3/0,attrs,3
C:\Users\OOPS\Downloads\Java-Media-Converter-mp4-to-mkv-mp3-and-flv-master\Java-Media-Converter-mp4-to-mkv-mp3-and-flv-master\src\main\java\MediaConvertor\Main.java,MediaConvertor.Main,mp4TOmp3/0,succeeded,0
C:\Users\OOPS\Downloads\Java-Media-Converter-mp4-to-mkv-mp3-and-flv-master\Java-Media-Converter-mp4-to-mkv-mp3-and-flv-master\src\main\java\MediaConvertor\ThreadAllocator.java,MediaConvertor.ThreadAllocator,threadAssigner/0,watch,3
C:\Users\OOPS\Downloads\Java-Media-Converter-mp4-to-mkv-mp3-and-flv-master\Java-Media-Converter-mp4-to-mkv-mp3-and-flv-master\src\main\java\MediaConvertor\ThreadAllocator.java,MediaConvertor.ThreadAllocator,threadAssigner/0,e,1
C:\Users\OOPS\Downloads\Java-Media-Converter-mp4-to-mkv-mp3-and-flv-master\Java-Media-Converter-mp4-to-mkv-mp3-and-flv-master\src\main\java\MediaConvertor\ThreadAllocator.java,MediaConvertor.ThreadAllocator,threadAssigner/0,thread1,1
C:\Users\OOPS\Downloads\Java-Media-Converter-mp4-to-mkv-mp3-and-flv-master\Java-Media-Converter-mp4-to-mkv-mp3-and-flv-master\src\main\java\MediaConvertor\ThreadAllocator.java,MediaConvertor.ThreadAllocator,threadAssigner/0,thread2,1
C:\Users\OOPS\Downloads\Java-Media-Converter-mp4-to-mkv-mp3-and-flv-master\Java-Media-Converter-mp4-to-mkv-mp3-and-flv-master\src\main\java\MediaConvertor\ThreadAllocator.java,MediaConvertor.ThreadAllocator,threadAssigner/0,thread3,1
C:\Users\OOPS\Downloads\Java-Media-Converter-mp4-to-mkv-mp3-and-flv-master\Java-Media-Converter-mp4-to-mkv-mp3-and-flv-master\src\main\java\MediaConvertor\ThreadAllocator.java,MediaConvertor.ThreadAllocator,threadAssigner/0,t1,2
C:\Users\OOPS\Downloads\Java-Media-Converter-mp4-to-mkv-mp3-and-flv-master\Java-Media-Converter-mp4-to-mkv-mp3-and-flv-master\src\main\java\MediaConvertor\ThreadAllocator.java,MediaConvertor.ThreadAllocator,threadAssigner/0,t2,2
C:\Users\OOPS\Downloads\Java-Media-Converter-mp4-to-mkv-mp3-and-flv-master\Java-Media-Converter-mp4-to-mkv-mp3-and-flv-master\src\main\java\MediaConvertor\ThreadAllocator.java,MediaConvertor.ThreadAllocator,threadAssigner/0,t3,2
