file,class,type,cbo,cboModified,fanin,fanout,wmc,dit,noc,rfc,lcom,lcom*,tcc,lcc,totalMethodsQty,staticMethodsQty,publicMethodsQty,privateMethodsQty,protectedMethodsQty,defaultMethodsQty,visibleMethodsQty,abstractMethodsQty,finalMethodsQty,synchronizedMethodsQty,totalFieldsQty,staticFieldsQty,publicFieldsQty,privateFieldsQty,protectedFieldsQty,defaultFieldsQty,finalFieldsQty,synchronizedFieldsQty,nosi,loc,returnQty,loopQty,comparisonsQty,tryCatchQty,parenthesizedExpsQty,stringLiteralsQty,numbersQty,assignmentsQty,mathOperationsQty,variablesQty,maxNestedBlocksQty,anonymousClassesQty,innerClassesQty,lambdasQty,uniqueWordsQty,modifiers,logStatementsQty
/home/x1/Desktop/ass/ass16/ecommerce-website-main/src/java/ChangePassword.java,ChangePassword,class,6,6,0,6,3,2,0,20,0,0.0,NaN,NaN,1,0,1,0,0,0,1,0,0,0,0,0,0,0,0,0,0,0,1,38,0,0,0,1,0,22,3,10,0,9,2,0,0,0,42,1,0
/home/x1/Desktop/ass/ass16/ecommerce-website-main/src/java/AddNewProduct.java,AddNewProduct,class,7,7,0,7,6,2,0,23,0,0.0,NaN,NaN,1,0,1,0,0,0,1,0,0,0,0,0,0,0,0,0,0,0,2,51,0,2,1,1,1,7,18,18,0,14,4,0,0,0,43,1,0
/home/x1/Desktop/ass/ass16/ecommerce-website-main/src/java/NewUser1.java,NewUser1,class,5,5,0,5,3,2,0,15,0,0.0,NaN,NaN,1,0,1,0,0,0,1,0,0,0,0,0,0,0,0,0,0,0,1,50,0,0,0,1,0,26,6,13,0,13,2,0,0,0,55,1,0
/home/x1/Desktop/ass/ass16/ecommerce-website-main/src/java/ViewProducts.java,ViewProducts,class,5,5,0,5,4,2,0,10,0,0.0,NaN,NaN,1,0,1,0,0,0,1,0,0,0,0,0,0,0,0,0,0,0,1,35,0,1,0,1,0,15,7,15,8,7,3,0,0,0,44,1,0
/home/x1/Desktop/ass/ass16/ecommerce-website-main/src/java/GetProductImage.java,GetProductImage,class,5,5,0,5,2,2,0,12,0,0.0,NaN,NaN,1,0,1,0,0,0,1,0,0,0,0,0,0,0,0,0,0,0,1,21,0,0,0,1,0,4,1,7,0,6,1,0,0,0,31,1,0
/home/x1/Desktop/ass/ass16/ecommerce-website-main/src/java/GetProductType.java,GetProductType,class,4,4,0,4,3,2,0,7,0,0.0,NaN,NaN,1,0,1,0,0,0,1,0,0,0,0,0,0,0,0,0,0,0,1,17,0,1,0,1,0,3,1,6,1,5,2,0,0,0,28,1,0
/home/x1/Desktop/ass/ass16/ecommerce-website-main/src/java/ForgotPassword.java,ForgotPassword$Anonymous1,anonymous,1,1,0,1,1,1,0,0,0,0.0,NaN,NaN,1,0,0,0,1,0,1,0,0,0,0,0,0,0,0,0,0,0,0,5,1,0,0,0,0,0,0,0,0,0,0,0,0,0,3,-1,0
/home/x1/Desktop/ass/ass16/ecommerce-website-main/src/java/p1/DB_Connection.java,p1.DB_Connection,class,0,26,26,0,2,1,0,3,0,1.0,NaN,NaN,1,1,1,0,0,0,1,0,0,0,2,2,2,0,0,0,0,0,2,15,1,0,0,1,0,6,0,4,0,3,1,0,0,0,21,1,0
/home/x1/Desktop/ass/ass16/ecommerce-website-main/src/java/PlaceOrder.java,PlaceOrder$Anonymous1,anonymous,1,1,0,1,1,1,0,0,0,0.0,NaN,NaN,1,0,0,0,1,0,1,0,0,0,0,0,0,0,0,0,0,0,0,5,1,0,0,0,0,0,0,0,0,0,0,0,0,0,3,-1,0
/home/x1/Desktop/ass/ass16/ecommerce-website-main/src/java/ViewOrders.java,ViewOrders,class,5,5,0,5,6,2,0,15,0,0.0,NaN,NaN,1,0,1,0,0,0,1,0,0,0,0,0,0,0,0,0,0,0,1,54,0,2,1,1,0,35,10,25,14,10,4,0,0,0,57,1,0
/home/x1/Desktop/ass/ass16/ecommerce-website-main/src/java/Feedback.java,Feedback,class,5,5,0,5,2,2,0,13,0,0.0,NaN,NaN,1,0,1,0,0,0,1,0,0,0,0,0,0,0,0,0,0,0,1,26,0,0,0,1,0,9,4,8,0,8,1,0,0,0,41,1,0
/home/x1/Desktop/ass/ass16/ecommerce-website-main/src/java/DeleteProduct.java,DeleteProduct,class,5,5,0,5,2,2,0,10,0,0.0,NaN,NaN,1,0,1,0,0,0,1,0,0,0,0,0,0,0,0,0,0,0,1,18,0,0,0,1,0,3,1,5,0,5,1,0,0,0,28,1,0
/home/x1/Desktop/ass/ass16/ecommerce-website-main/src/java/NewUser.java,NewUser$Anonymous1,anonymous,1,1,0,1,1,1,0,0,0,0.0,NaN,NaN,1,0,0,0,1,0,1,0,0,0,0,0,0,0,0,0,0,0,0,5,1,0,0,0,0,0,0,0,0,0,0,0,0,0,3,-1,0
/home/x1/Desktop/ass/ass16/ecommerce-website-main/src/java/NewUser.java,NewUser,class,9,9,0,9,3,2,0,21,0,0.0,NaN,NaN,1,0,1,0,0,0,1,0,0,0,0,0,0,0,0,0,0,0,1,64,0,0,1,1,0,38,5,21,2,21,2,1,0,0,87,1,0
/home/x1/Desktop/ass/ass16/ecommerce-website-main/src/java/Cart.java,Cart,class,6,6,0,6,10,2,0,25,0,0.0,NaN,NaN,1,0,1,0,0,0,1,0,0,0,1,0,0,0,0,1,0,0,2,71,0,1,7,1,2,48,5,33,17,17,3,0,0,0,99,1,0
/home/x1/Desktop/ass/ass16/ecommerce-website-main/src/java/ManageProducts.java,ManageProducts,class,5,5,0,5,4,2,0,10,0,0.0,NaN,NaN,1,0,1,0,0,0,1,0,0,0,0,0,0,0,0,0,0,0,1,36,0,1,0,1,0,18,8,16,9,7,3,0,0,0,47,1,0
/home/x1/Desktop/ass/ass16/ecommerce-website-main/src/java/ViewAllCustomers.java,ViewAllCustomers,class,5,5,0,5,4,2,0,11,0,0.0,NaN,NaN,1,0,1,0,0,0,1,0,0,0,0,0,0,0,0,0,0,0,1,32,0,1,0,1,0,11,5,12,6,6,3,0,0,0,41,1,0
/home/x1/Desktop/ass/ass16/ecommerce-website-main/src/java/DisplayProducts.java,DisplayProducts,class,5,5,0,5,7,2,0,14,0,0.0,NaN,NaN,1,0,1,0,0,0,1,0,0,0,0,0,0,0,0,0,0,0,1,65,0,1,3,1,0,37,12,29,10,16,3,0,0,0,66,1,0
/home/x1/Desktop/ass/ass16/ecommerce-website-main/src/java/GetProfileDetails.java,GetProfileDetails,class,4,4,0,4,3,2,0,9,0,0.0,NaN,NaN,1,0,1,0,0,0,1,0,0,0,0,0,0,0,0,0,0,0,1,17,0,0,0,1,0,4,4,5,1,5,2,0,0,0,29,1,0
/home/x1/Desktop/ass/ass16/ecommerce-website-main/src/java/ModifyProduct.java,ModifyProduct,class,7,7,0,7,6,2,0,23,0,0.0,NaN,NaN,1,0,1,0,0,0,1,0,0,0,0,0,0,0,0,0,0,0,3,56,0,2,1,1,1,7,27,16,0,14,4,0,0,0,43,1,0
/home/x1/Desktop/ass/ass16/ecommerce-website-main/src/java/Login.java,Login,class,6,6,0,6,7,2,0,19,0,0.0,NaN,NaN,1,0,1,0,0,0,1,0,0,0,0,0,0,0,0,0,0,0,1,44,0,0,1,1,0,16,2,9,0,9,3,0,0,0,38,1,0
/home/x1/Desktop/ass/ass16/ecommerce-website-main/src/java/ForgotPassword.java,ForgotPassword,class,9,9,0,9,3,2,0,21,0,0.0,NaN,NaN,1,0,1,0,0,0,1,0,0,0,0,0,0,0,0,0,0,0,1,53,0,0,1,1,0,27,5,17,2,17,2,1,0,0,78,1,0
/home/x1/Desktop/ass/ass16/ecommerce-website-main/src/java/ModifyProfile.java,ModifyProfile,class,6,6,0,6,2,2,0,15,0,0.0,NaN,NaN,1,0,1,0,0,0,1,0,0,0,0,0,0,0,0,0,0,0,1,26,0,0,0,1,0,9,4,8,0,8,1,0,0,0,33,1,0
/home/x1/Desktop/ass/ass16/ecommerce-website-main/src/java/PlaceOrder.java,PlaceOrder,class,11,12,1,11,7,2,0,38,0,0.1,1.0,1.0,2,0,2,0,0,0,2,0,0,0,1,0,0,0,0,1,0,0,4,115,0,1,2,2,2,79,16,56,24,34,3,1,0,0,122,1,0
/home/x1/Desktop/ass/ass16/ecommerce-website-main/src/java/DisplaySuggestions.java,DisplaySuggestions,class,5,5,0,5,5,2,0,14,0,0.0,NaN,NaN,1,0,1,0,0,0,1,0,0,0,0,0,0,0,0,0,0,0,1,38,0,1,1,1,0,14,5,13,6,6,3,0,0,0,40,1,0
/home/x1/Desktop/ass/ass16/ecommerce-website-main/src/java/GetProductid.java,GetProductid,class,4,4,0,4,4,2,0,18,0,0.0,NaN,NaN,1,0,1,0,0,0,1,0,0,0,0,0,0,0,0,0,0,0,5,32,0,0,1,1,0,8,5,12,5,8,3,0,0,0,31,1,0
/home/x1/Desktop/ass/ass16/ecommerce-website-main/src/java/Cart_Login.java,Cart_Login,class,7,8,1,7,11,2,0,24,0,0.0,1.0,1.0,2,0,2,0,0,0,2,0,0,0,1,0,0,0,0,1,0,0,2,96,1,1,3,2,2,60,6,45,14,29,5,0,0,0,86,1,0
/home/x1/Desktop/ass/ass16/ecommerce-website-main/src/java/GetProduct.java,GetProduct,class,4,4,0,4,3,2,0,9,0,0.0,NaN,NaN,1,0,1,0,0,0,1,0,0,0,0,0,0,0,0,0,0,0,1,17,0,0,0,1,0,5,5,5,1,5,2,0,0,0,28,1,0
/home/x1/Desktop/ass/ass16/ecommerce-website-main/src/java/ForgotPassword2.java,ForgotPassword2,class,5,5,0,5,3,2,0,13,0,0.0,NaN,NaN,1,0,1,0,0,0,1,0,0,0,0,0,0,0,0,0,0,0,1,31,0,0,0,1,0,15,2,8,0,8,2,0,0,0,47,1,0
/home/x1/Desktop/ass/ass16/ecommerce-website-main/src/java/SelectProduct.java,SelectProduct,class,5,5,0,5,3,2,0,12,0,0.0,NaN,NaN,1,0,1,0,0,0,1,0,0,0,0,0,0,0,0,0,0,0,1,37,0,0,0,1,0,29,1,19,12,7,2,0,0,0,80,1,0
/home/x1/Desktop/ass/ass16/ecommerce-website-main/src/java/ForgotPassword1.java,ForgotPassword1,class,4,4,0,4,3,2,0,9,0,0.0,NaN,NaN,1,0,1,0,0,0,1,0,0,0,0,0,0,0,0,0,0,0,0,27,0,0,0,1,0,13,0,6,0,6,2,0,0,0,36,1,0
