file,class,method,variable,usage
/home/x1/Desktop/ass/ass16/FlexScript-pl/src/flexscript/SyntaxAnalyzer.java,flexscript.Parser$TokenType,getPrecedence/0,precedence,1
/home/x1/Desktop/ass/ass16/FlexScript-pl/src/flexscript/SyntaxAnalyzer.java,flexscript.Parser$TokenType,isUnary/0,is_unary,1
/home/x1/Desktop/ass/ass16/FlexScript-pl/src/flexscript/SyntaxAnalyzer.java,flexscript.Parser$TokenType,isRightAssoc/0,right_assoc,1
/home/x1/Desktop/ass/ass16/FlexScript-pl/src/flexscript/SyntaxAnalyzer.java,flexscript.Parser$TokenType,getNodeType/0,node_type,1
/home/x1/Desktop/ass/ass16/FlexScript-pl/src/flexscript/SyntaxAnalyzer.java,flexscript.Parser$TokenType,"TokenType/5[boolean,boolean,boolean,int,flexscript.Parser.NodeType]",is_unary,3
/home/x1/Desktop/ass/ass16/FlexScript-pl/src/flexscript/SyntaxAnalyzer.java,flexscript.Parser$TokenType,"TokenType/5[boolean,boolean,boolean,int,flexscript.Parser.NodeType]",node_type,1
/home/x1/Desktop/ass/ass16/FlexScript-pl/src/flexscript/SyntaxAnalyzer.java,flexscript.Parser$TokenType,"TokenType/5[boolean,boolean,boolean,int,flexscript.Parser.NodeType]",right_assoc,3
/home/x1/Desktop/ass/ass16/FlexScript-pl/src/flexscript/SyntaxAnalyzer.java,flexscript.Parser$TokenType,"TokenType/5[boolean,boolean,boolean,int,flexscript.Parser.NodeType]",is_binary,3
/home/x1/Desktop/ass/ass16/FlexScript-pl/src/flexscript/SyntaxAnalyzer.java,flexscript.Parser$TokenType,"TokenType/5[boolean,boolean,boolean,int,flexscript.Parser.NodeType]",precedence,3
/home/x1/Desktop/ass/ass16/FlexScript-pl/src/flexscript/SyntaxAnalyzer.java,flexscript.Parser$TokenType,isBinary/0,is_binary,1
/home/x1/Desktop/ass/ass16/FlexScript-pl/src/flexscript/SyntaxAnalyzer.java,flexscript.Parser,getNextToken/0,source,1
/home/x1/Desktop/ass/ass16/FlexScript-pl/src/flexscript/SyntaxAnalyzer.java,flexscript.Parser,getNextToken/0,position,1
/home/x1/Desktop/ass/ass16/FlexScript-pl/src/flexscript/SyntaxAnalyzer.java,flexscript.Parser,getNextToken/0,token,2
/home/x1/Desktop/ass/ass16/FlexScript-pl/src/flexscript/SyntaxAnalyzer.java,flexscript.Parser,parse/0,token,1
/home/x1/Desktop/ass/ass16/FlexScript-pl/src/flexscript/SyntaxAnalyzer.java,flexscript.Parser,expr/1[int],token,15
/home/x1/Desktop/ass/ass16/FlexScript-pl/src/flexscript/SyntaxAnalyzer.java,flexscript.Parser,stmt/0,token,19
/home/x1/Desktop/ass/ass16/FlexScript-pl/src/flexscript/SyntaxAnalyzer.java,flexscript.Parser,Parser/1[java.util.List<flexscript.Parser.Token>],source,3
/home/x1/Desktop/ass/ass16/FlexScript-pl/src/flexscript/SyntaxAnalyzer.java,flexscript.Parser,Parser/1[java.util.List<flexscript.Parser.Token>],position,1
/home/x1/Desktop/ass/ass16/FlexScript-pl/src/flexscript/SyntaxAnalyzer.java,flexscript.Parser,Parser/1[java.util.List<flexscript.Parser.Token>],token,1
/home/x1/Desktop/ass/ass16/FlexScript-pl/src/flexscript/SyntaxAnalyzer.java,flexscript.Parser,"expect/2[java.lang.String,flexscript.Parser.TokenType]",token,4
/home/x1/Desktop/ass/ass16/FlexScript-pl/src/flexscript/BaseLexer.java,flexscript.BaseLexer$Token,"Token/4[flexscript.BaseLexer.TokenType,java.lang.String,int,int]",pos,3
/home/x1/Desktop/ass/ass16/FlexScript-pl/src/flexscript/BaseLexer.java,flexscript.BaseLexer$Token,"Token/4[flexscript.BaseLexer.TokenType,java.lang.String,int,int]",line,3
/home/x1/Desktop/ass/ass16/FlexScript-pl/src/flexscript/BaseLexer.java,flexscript.BaseLexer$Token,"Token/4[flexscript.BaseLexer.TokenType,java.lang.String,int,int]",value,3
/home/x1/Desktop/ass/ass16/FlexScript-pl/src/flexscript/BaseLexer.java,flexscript.BaseLexer$Token,"Token/4[flexscript.BaseLexer.TokenType,java.lang.String,int,int]",tokentype,1
/home/x1/Desktop/ass/ass16/FlexScript-pl/src/flexscript/BaseLexer.java,flexscript.BaseLexer$Token,toString/0,pos,1
/home/x1/Desktop/ass/ass16/FlexScript-pl/src/flexscript/BaseLexer.java,flexscript.BaseLexer$Token,toString/0,line,1
/home/x1/Desktop/ass/ass16/FlexScript-pl/src/flexscript/BaseLexer.java,flexscript.BaseLexer$Token,toString/0,value,3
/home/x1/Desktop/ass/ass16/FlexScript-pl/src/flexscript/BaseLexer.java,flexscript.BaseLexer$Token,toString/0,tokentype,2
/home/x1/Desktop/ass/ass16/FlexScript-pl/src/flexscript/BaseLexer.java,flexscript.BaseLexer,"string_lit/3[char,int,int]",pos,4
/home/x1/Desktop/ass/ass16/FlexScript-pl/src/flexscript/BaseLexer.java,flexscript.BaseLexer,"string_lit/3[char,int,int]",line,4
/home/x1/Desktop/ass/ass16/FlexScript-pl/src/flexscript/BaseLexer.java,flexscript.BaseLexer,"string_lit/3[char,int,int]",chr,3
/home/x1/Desktop/ass/ass16/FlexScript-pl/src/flexscript/BaseLexer.java,flexscript.BaseLexer,BaseLexer/1[java.lang.String],s,2
/home/x1/Desktop/ass/ass16/FlexScript-pl/src/flexscript/BaseLexer.java,flexscript.BaseLexer,BaseLexer/1[java.lang.String],keywords,7
/home/x1/Desktop/ass/ass16/FlexScript-pl/src/flexscript/BaseLexer.java,flexscript.BaseLexer,BaseLexer/1[java.lang.String],pos,1
/home/x1/Desktop/ass/ass16/FlexScript-pl/src/flexscript/BaseLexer.java,flexscript.BaseLexer,BaseLexer/1[java.lang.String],line,1
/home/x1/Desktop/ass/ass16/FlexScript-pl/src/flexscript/BaseLexer.java,flexscript.BaseLexer,BaseLexer/1[java.lang.String],position,1
/home/x1/Desktop/ass/ass16/FlexScript-pl/src/flexscript/BaseLexer.java,flexscript.BaseLexer,BaseLexer/1[java.lang.String],chr,1
/home/x1/Desktop/ass/ass16/FlexScript-pl/src/flexscript/BaseLexer.java,flexscript.BaseLexer,"error/3[int,int,java.lang.String]",pos,3
/home/x1/Desktop/ass/ass16/FlexScript-pl/src/flexscript/BaseLexer.java,flexscript.BaseLexer,"error/3[int,int,java.lang.String]",line,3
/home/x1/Desktop/ass/ass16/FlexScript-pl/src/flexscript/BaseLexer.java,flexscript.BaseLexer,"div_or_comment/2[int,int]",pos,3
/home/x1/Desktop/ass/ass16/FlexScript-pl/src/flexscript/BaseLexer.java,flexscript.BaseLexer,"div_or_comment/2[int,int]",line,3
/home/x1/Desktop/ass/ass16/FlexScript-pl/src/flexscript/BaseLexer.java,flexscript.BaseLexer,"div_or_comment/2[int,int]",chr,2
/home/x1/Desktop/ass/ass16/FlexScript-pl/src/flexscript/BaseLexer.java,flexscript.BaseLexer,"follow/5[char,flexscript.BaseLexer.TokenType,flexscript.BaseLexer.TokenType,int,int]",pos,4
/home/x1/Desktop/ass/ass16/FlexScript-pl/src/flexscript/BaseLexer.java,flexscript.BaseLexer,"follow/5[char,flexscript.BaseLexer.TokenType,flexscript.BaseLexer.TokenType,int,int]",line,4
/home/x1/Desktop/ass/ass16/FlexScript-pl/src/flexscript/BaseLexer.java,flexscript.BaseLexer,"follow/5[char,flexscript.BaseLexer.TokenType,flexscript.BaseLexer.TokenType,int,int]",chr,2
/home/x1/Desktop/ass/ass16/FlexScript-pl/src/flexscript/BaseLexer.java,flexscript.BaseLexer,"char_lit/2[int,int]",pos,5
/home/x1/Desktop/ass/ass16/FlexScript-pl/src/flexscript/BaseLexer.java,flexscript.BaseLexer,"char_lit/2[int,int]",line,5
/home/x1/Desktop/ass/ass16/FlexScript-pl/src/flexscript/BaseLexer.java,flexscript.BaseLexer,getToken/0,pos,2
/home/x1/Desktop/ass/ass16/FlexScript-pl/src/flexscript/BaseLexer.java,flexscript.BaseLexer,getToken/0,line,2
/home/x1/Desktop/ass/ass16/FlexScript-pl/src/flexscript/BaseLexer.java,flexscript.BaseLexer,getToken/0,chr,3
/home/x1/Desktop/ass/ass16/FlexScript-pl/src/flexscript/BaseLexer.java,flexscript.BaseLexer,"identifier_or_integer/2[int,int]",keywords,2
/home/x1/Desktop/ass/ass16/FlexScript-pl/src/flexscript/BaseLexer.java,flexscript.BaseLexer,"identifier_or_integer/2[int,int]",pos,6
/home/x1/Desktop/ass/ass16/FlexScript-pl/src/flexscript/BaseLexer.java,flexscript.BaseLexer,"identifier_or_integer/2[int,int]",line,6
/home/x1/Desktop/ass/ass16/FlexScript-pl/src/flexscript/BaseLexer.java,flexscript.BaseLexer,"identifier_or_integer/2[int,int]",chr,7
/home/x1/Desktop/ass/ass16/FlexScript-pl/src/flexscript/BaseLexer.java,flexscript.BaseLexer,getNextChar/0,s,2
/home/x1/Desktop/ass/ass16/FlexScript-pl/src/flexscript/BaseLexer.java,flexscript.BaseLexer,getNextChar/0,pos,2
/home/x1/Desktop/ass/ass16/FlexScript-pl/src/flexscript/BaseLexer.java,flexscript.BaseLexer,getNextChar/0,line,1
/home/x1/Desktop/ass/ass16/FlexScript-pl/src/flexscript/BaseLexer.java,flexscript.BaseLexer,getNextChar/0,position,3
/home/x1/Desktop/ass/ass16/FlexScript-pl/src/flexscript/BaseLexer.java,flexscript.BaseLexer,getNextChar/0,chr,5
/home/x1/Desktop/ass/ass16/FlexScript-pl/src/flexscript/SyntaxAnalyzer.java,flexscript.Parser$Token,"Token/4[flexscript.Parser.TokenType,java.lang.String,int,int]",pos,3
/home/x1/Desktop/ass/ass16/FlexScript-pl/src/flexscript/SyntaxAnalyzer.java,flexscript.Parser$Token,"Token/4[flexscript.Parser.TokenType,java.lang.String,int,int]",line,3
/home/x1/Desktop/ass/ass16/FlexScript-pl/src/flexscript/SyntaxAnalyzer.java,flexscript.Parser$Token,"Token/4[flexscript.Parser.TokenType,java.lang.String,int,int]",value,3
/home/x1/Desktop/ass/ass16/FlexScript-pl/src/flexscript/SyntaxAnalyzer.java,flexscript.Parser$Token,"Token/4[flexscript.Parser.TokenType,java.lang.String,int,int]",tokentype,1
/home/x1/Desktop/ass/ass16/FlexScript-pl/src/flexscript/SyntaxAnalyzer.java,flexscript.Parser$Token,toString/0,pos,1
/home/x1/Desktop/ass/ass16/FlexScript-pl/src/flexscript/SyntaxAnalyzer.java,flexscript.Parser$Token,toString/0,line,1
/home/x1/Desktop/ass/ass16/FlexScript-pl/src/flexscript/SyntaxAnalyzer.java,flexscript.Parser$Token,toString/0,value,1
/home/x1/Desktop/ass/ass16/FlexScript-pl/src/flexscript/SyntaxAnalyzer.java,flexscript.Parser$Token,toString/0,tokentype,1
/home/x1/Desktop/ass/ass16/FlexScript-pl/src/flexscript/SyntaxAnalyzer.java,flexscript.Parser$NodeType,NodeType/1[java.lang.String],name,3
/home/x1/Desktop/ass/ass16/FlexScript-pl/src/flexscript/SyntaxAnalyzer.java,flexscript.Parser$NodeType,toString/0,name,1
/home/x1/Desktop/ass/ass16/FlexScript-pl/src/flexscript/SyntaxAnalyzer.java,flexscript.Parser$Node,"make_node/3[flexscript.Parser.NodeType,flexscript.Parser.Node,flexscript.Parser.Node]",left,2
/home/x1/Desktop/ass/ass16/FlexScript-pl/src/flexscript/SyntaxAnalyzer.java,flexscript.Parser$Node,"make_node/3[flexscript.Parser.NodeType,flexscript.Parser.Node,flexscript.Parser.Node]",right,2
/home/x1/Desktop/ass/ass16/FlexScript-pl/src/flexscript/SyntaxAnalyzer.java,flexscript.Parser$Node,"make_node/2[flexscript.Parser.NodeType,flexscript.Parser.Node]",left,2
/home/x1/Desktop/ass/ass16/FlexScript-pl/src/flexscript/SyntaxAnalyzer.java,flexscript.Parser$Node,"Node/4[flexscript.Parser.NodeType,flexscript.Parser.Node,flexscript.Parser.Node,java.lang.String]",left,3
/home/x1/Desktop/ass/ass16/FlexScript-pl/src/flexscript/SyntaxAnalyzer.java,flexscript.Parser$Node,"Node/4[flexscript.Parser.NodeType,flexscript.Parser.Node,flexscript.Parser.Node,java.lang.String]",nt,1
/home/x1/Desktop/ass/ass16/FlexScript-pl/src/flexscript/SyntaxAnalyzer.java,flexscript.Parser$Node,"Node/4[flexscript.Parser.NodeType,flexscript.Parser.Node,flexscript.Parser.Node,java.lang.String]",right,3
/home/x1/Desktop/ass/ass16/FlexScript-pl/src/flexscript/SyntaxAnalyzer.java,flexscript.Parser$Node,"Node/4[flexscript.Parser.NodeType,flexscript.Parser.Node,flexscript.Parser.Node,java.lang.String]",value,3
/home/x1/Desktop/ass/ass16/FlexScript-pl/src/flexscript/SyntaxAnalyzer.java,flexscript.Parser$Node,"make_leaf/2[flexscript.Parser.NodeType,java.lang.String]",value,2
/home/x1/Desktop/ass/ass16/FlexScript-pl/src/flexscript/SyntaxAnalyzer.java,flexscript.Parser$Node,Node/0,left,1
/home/x1/Desktop/ass/ass16/FlexScript-pl/src/flexscript/SyntaxAnalyzer.java,flexscript.Parser$Node,Node/0,nt,1
/home/x1/Desktop/ass/ass16/FlexScript-pl/src/flexscript/SyntaxAnalyzer.java,flexscript.Parser$Node,Node/0,right,1
/home/x1/Desktop/ass/ass16/FlexScript-pl/src/flexscript/SyntaxAnalyzer.java,flexscript.Parser$Node,Node/0,value,1
