file,class,method,constructor,line,cbo,cboModified,fanin,fanout,wmc,rfc,loc,returnsQty,variablesQty,parametersQty,methodsInvokedQty,methodsInvokedLocalQty,methodsInvokedIndirectLocalQty,loopQty,comparisonsQty,tryCatchQty,parenthesizedExpsQty,stringLiteralsQty,numbersQty,assignmentsQty,mathOperationsQty,maxNestedBlocksQty,anonymousClassesQty,innerClassesQty,lambdasQty,uniqueWordsQty,modifiers,logStatementsQty,hasJavaDoc
/home/x1/Desktop/ass/ass16/FlexScript-pl/src/flexscript/SyntaxAnalyzer.java,flexscript.Parser$TokenType,getPrecedence/0,false,112,0,1,1,0,1,0,3,1,0,0,0,0,0,0,0,0,0,0,0,0,0,0,0,0,0,2,0,0,false
/home/x1/Desktop/ass/ass16/FlexScript-pl/src/flexscript/SyntaxAnalyzer.java,flexscript.Parser$TokenType,isUnary/0,false,111,0,0,0,0,1,0,3,1,0,0,0,0,0,0,0,0,0,0,0,0,0,0,0,0,0,2,0,0,false
/home/x1/Desktop/ass/ass16/FlexScript-pl/src/flexscript/SyntaxAnalyzer.java,flexscript.Parser$TokenType,isRightAssoc/0,false,109,0,1,1,0,1,0,3,1,0,0,0,0,0,0,0,0,0,0,0,0,0,0,0,0,0,3,0,0,false
/home/x1/Desktop/ass/ass16/FlexScript-pl/src/flexscript/SyntaxAnalyzer.java,flexscript.Parser$TokenType,getNodeType/0,false,113,1,1,1,0,1,0,3,1,0,0,0,0,0,0,0,0,0,0,0,0,0,0,0,0,0,3,0,0,false
/home/x1/Desktop/ass/ass16/FlexScript-pl/src/flexscript/SyntaxAnalyzer.java,flexscript.Parser$TokenType,"TokenType/5[boolean,boolean,boolean,int,flexscript.Parser.NodeType]",true,102,1,0,0,0,1,0,7,0,0,5,0,0,0,0,0,0,0,0,0,5,0,0,0,0,0,9,0,0,false
/home/x1/Desktop/ass/ass16/FlexScript-pl/src/flexscript/SyntaxAnalyzer.java,flexscript.Parser$TokenType,isBinary/0,false,110,0,1,1,0,1,0,3,1,0,0,0,0,0,0,0,0,0,0,0,0,0,0,0,0,0,2,0,0,false
/home/x1/Desktop/ass/ass16/FlexScript-pl/src/flexscript/SyntaxAnalyzer.java,flexscript.Parser,getNextToken/0,false,145,1,4,4,0,1,1,4,1,0,0,1,0,0,0,0,0,0,0,0,1,0,0,0,0,0,3,0,0,false
/home/x1/Desktop/ass/ass16/FlexScript-pl/src/flexscript/SyntaxAnalyzer.java,flexscript.Parser,"error/3[int,int,java.lang.String]",false,132,0,4,4,0,3,3,9,0,0,3,3,0,0,0,0,0,0,1,3,0,0,1,0,0,0,5,8,0,false
/home/x1/Desktop/ass/ass16/FlexScript-pl/src/flexscript/SyntaxAnalyzer.java,flexscript.Parser,parse/0,false,268,2,3,0,3,2,3,8,1,1,0,3,2,5,1,1,0,0,0,0,2,0,1,0,0,0,7,0,0,false
/home/x1/Desktop/ass/ass16/FlexScript-pl/src/flexscript/SyntaxAnalyzer.java,flexscript.Parser,paren_expr/0,false,186,2,4,2,2,1,2,6,1,1,0,2,2,3,0,0,0,0,2,1,1,0,0,0,0,0,5,0,0,false
/home/x1/Desktop/ass/ass16/FlexScript-pl/src/flexscript/SyntaxAnalyzer.java,flexscript.Parser,expr/1[int],false,149,3,14,3,11,12,11,40,1,4,1,11,4,3,1,8,0,2,1,0,12,1,2,0,0,0,14,0,0,false
/home/x1/Desktop/ass/ass16/FlexScript-pl/src/flexscript/SyntaxAnalyzer.java,flexscript.Parser,stmt/0,false,202,2,11,2,9,16,9,74,1,5,0,9,6,4,2,14,0,0,8,2,19,1,3,0,0,0,18,0,0,false
/home/x1/Desktop/ass/ass16/FlexScript-pl/src/flexscript/SyntaxAnalyzer.java,flexscript.Parser,printAST/1[flexscript.Parser.Node],false,276,2,2,1,1,5,4,16,0,0,1,4,1,0,0,4,0,0,3,0,0,1,2,0,0,0,7,0,0,false
/home/x1/Desktop/ass/ass16/FlexScript-pl/src/flexscript/SyntaxAnalyzer.java,flexscript.Parser,Parser/1[java.util.List<flexscript.Parser.Token>],true,140,1,1,1,0,1,0,5,0,0,1,0,0,0,0,0,0,0,0,1,3,0,0,0,0,0,3,0,0,false
/home/x1/Desktop/ass/ass16/FlexScript-pl/src/flexscript/SyntaxAnalyzer.java,flexscript.Parser,"expect/2[java.lang.String,flexscript.Parser.TokenType]",false,192,2,4,2,2,2,2,7,1,0,2,2,2,1,0,1,0,0,3,0,0,1,1,0,0,0,7,0,0,false
/home/x1/Desktop/ass/ass16/FlexScript-pl/src/flexscript/BaseLexer.java,flexscript.BaseLexer$Token,"Token/4[flexscript.BaseLexer.TokenType,java.lang.String,int,int]",true,23,1,6,6,0,1,0,6,0,0,4,0,0,0,0,0,0,0,0,0,4,0,0,0,0,0,6,0,0,false
/home/x1/Desktop/ass/ass16/FlexScript-pl/src/flexscript/BaseLexer.java,flexscript.BaseLexer$Token,toString/0,false,27,0,0,0,0,4,1,15,1,1,0,1,0,0,0,0,0,0,4,0,4,0,1,0,0,0,3,1,0,false
/home/x1/Desktop/ass/ass16/FlexScript-pl/src/flexscript/BaseLexer.java,flexscript.BaseLexer,"string_lit/3[char,int,int]",false,106,2,4,1,3,4,2,14,1,1,3,2,2,1,1,3,0,0,3,0,2,0,2,0,0,0,11,0,0,false
/home/x1/Desktop/ass/ass16/FlexScript-pl/src/flexscript/BaseLexer.java,flexscript.BaseLexer,BaseLexer/1[java.lang.String],true,60,0,2,2,0,1,2,14,0,0,1,2,0,0,0,0,0,0,7,4,5,0,0,0,0,0,3,0,0,false
/home/x1/Desktop/ass/ass16/FlexScript-pl/src/flexscript/BaseLexer.java,flexscript.BaseLexer,"error/3[int,int,java.lang.String]",false,52,0,6,6,0,3,3,9,0,0,3,3,0,0,0,0,0,0,1,3,0,0,1,0,0,0,5,8,0,false
/home/x1/Desktop/ass/ass16/FlexScript-pl/src/flexscript/BaseLexer.java,flexscript.BaseLexer,"div_or_comment/2[int,int]",false,120,2,5,1,4,6,3,20,2,0,2,3,3,6,1,4,0,0,2,0,0,0,3,0,0,0,11,0,0,false
/home/x1/Desktop/ass/ass16/FlexScript-pl/src/flexscript/BaseLexer.java,flexscript.BaseLexer,"follow/5[char,flexscript.BaseLexer.TokenType,flexscript.BaseLexer.TokenType,int,int]",false,75,3,4,1,3,3,3,10,2,0,5,3,2,1,0,2,0,0,3,0,0,0,1,0,0,0,10,0,0,false
/home/x1/Desktop/ass/ass16/FlexScript-pl/src/flexscript/BaseLexer.java,flexscript.BaseLexer,to_string_token/0,false,223,2,2,1,1,2,3,8,1,2,0,3,1,7,1,1,0,1,1,0,2,1,1,0,0,0,9,0,0,false
/home/x1/Desktop/ass/ass16/FlexScript-pl/src/flexscript/BaseLexer.java,flexscript.BaseLexer,printTokens/0,false,215,2,2,1,1,2,2,7,0,1,0,2,1,7,1,1,0,1,0,0,1,0,1,0,0,0,5,0,0,false
/home/x1/Desktop/ass/ass16/FlexScript-pl/src/flexscript/BaseLexer.java,flexscript.BaseLexer,"char_lit/2[int,int]",false,85,2,4,1,3,6,3,24,1,2,2,3,2,1,0,5,0,0,4,1,5,1,2,0,0,0,13,0,0,false
/home/x1/Desktop/ass/ass16/FlexScript-pl/src/flexscript/BaseLexer.java,flexscript.BaseLexer,main/1[java.lang.String[]],false,233,1,3,0,3,4,5,20,0,4,1,5,2,8,1,0,1,0,4,6,5,2,3,0,0,0,15,9,0,false
/home/x1/Desktop/ass/ass16/FlexScript-pl/src/flexscript/BaseLexer.java,flexscript.BaseLexer,getToken/0,false,166,2,10,3,7,24,7,62,21,2,0,7,6,6,1,0,0,0,11,0,2,0,1,0,0,0,15,0,0,false
/home/x1/Desktop/ass/ass16/FlexScript-pl/src/flexscript/BaseLexer.java,flexscript.BaseLexer,"identifier_or_integer/2[int,int]",false,138,2,4,1,3,9,9,24,3,2,2,9,2,1,1,1,0,0,5,1,4,0,2,0,0,0,15,0,0,false
/home/x1/Desktop/ass/ass16/FlexScript-pl/src/flexscript/BaseLexer.java,flexscript.BaseLexer,getNextChar/0,false,200,0,6,6,0,3,2,14,2,0,0,2,0,0,0,1,0,0,0,1,3,0,1,0,0,0,3,0,0,false
/home/x1/Desktop/ass/ass16/FlexScript-pl/src/flexscript/Main.java,flexscript.Main,read/1[java.lang.String],false,102,0,1,1,0,3,7,16,1,3,1,7,0,0,1,0,1,0,2,0,3,1,2,0,0,0,16,10,0,false
/home/x1/Desktop/ass/ass16/FlexScript-pl/src/flexscript/Main.java,flexscript.Main,main/1[java.lang.String[]],false,9,5,6,0,6,6,15,72,0,15,1,15,1,1,2,1,1,0,42,2,17,5,3,0,0,0,31,9,1,false
/home/x1/Desktop/ass/ass16/FlexScript-pl/src/flexscript/SyntaxAnalyzer.java,flexscript.Parser$Token,"Token/4[flexscript.Parser.TokenType,java.lang.String,int,int]",true,49,1,1,1,0,1,0,6,0,0,4,0,0,0,0,0,0,0,0,0,4,0,0,0,0,0,6,0,0,false
/home/x1/Desktop/ass/ass16/FlexScript-pl/src/flexscript/SyntaxAnalyzer.java,flexscript.Parser$Token,toString/0,false,53,0,0,0,0,1,1,3,1,0,0,1,0,0,0,0,0,0,1,0,0,0,0,0,0,0,3,1,0,false
/home/x1/Desktop/ass/ass16/FlexScript-pl/src/flexscript/SyntaxAnalyzer.java,flexscript.Parser$NodeType,NodeType/1[java.lang.String],true,125,0,0,0,0,1,0,3,0,0,1,0,0,0,0,0,0,0,0,0,1,0,0,0,0,0,3,0,0,false
/home/x1/Desktop/ass/ass16/FlexScript-pl/src/flexscript/SyntaxAnalyzer.java,flexscript.Parser$NodeType,toString/0,false,130,0,0,0,0,1,0,3,1,0,0,0,0,0,0,0,0,0,0,0,0,0,0,0,0,0,2,1,0,false
/home/x1/Desktop/ass/ass16/FlexScript-pl/src/ParserTest.java,ParserTest,stmt/0,false,30,1,0,0,0,1,0,2,0,0,0,0,0,0,0,0,0,0,0,0,0,0,0,0,0,0,1,0,0,false
/home/x1/Desktop/ass/ass16/FlexScript-pl/src/ParserTest.java,ParserTest,error/0,false,10,1,0,0,0,1,0,2,0,0,0,0,0,0,0,0,0,0,0,0,0,0,0,0,0,0,1,0,0,false
/home/x1/Desktop/ass/ass16/FlexScript-pl/src/ParserTest.java,ParserTest,expr/0,false,18,1,0,0,0,1,0,2,0,0,0,0,0,0,0,0,0,0,0,0,0,0,0,0,0,0,1,0,0,false
/home/x1/Desktop/ass/ass16/FlexScript-pl/src/ParserTest.java,ParserTest,parse/0,false,34,1,0,0,0,1,0,2,0,0,0,0,0,0,0,0,0,0,0,0,0,0,0,0,0,0,1,0,0,false
/home/x1/Desktop/ass/ass16/FlexScript-pl/src/ParserTest.java,ParserTest,main/0,false,42,1,0,0,0,1,2,10,0,0,0,2,0,0,0,0,0,0,16,0,0,0,0,0,0,0,10,0,0,false
/home/x1/Desktop/ass/ass16/FlexScript-pl/src/ParserTest.java,ParserTest,paren_expr/0,false,22,1,0,0,0,1,0,2,0,0,0,0,0,0,0,0,0,0,0,0,0,0,0,0,0,0,2,0,0,false
/home/x1/Desktop/ass/ass16/FlexScript-pl/src/ParserTest.java,ParserTest,expect/0,false,26,1,0,0,0,1,0,2,0,0,0,0,0,0,0,0,0,0,0,0,0,0,0,0,0,0,1,0,0,false
/home/x1/Desktop/ass/ass16/FlexScript-pl/src/ParserTest.java,ParserTest,printAST/0,false,38,1,0,0,0,1,0,2,0,0,0,0,0,0,0,0,0,0,0,0,0,0,0,0,0,0,4,0,0,false
/home/x1/Desktop/ass/ass16/FlexScript-pl/src/ParserTest.java,ParserTest,getNextToken/0,false,14,1,0,0,0,1,0,2,0,0,0,0,0,0,0,0,0,0,0,0,0,0,0,0,0,0,3,0,0,false
/home/x1/Desktop/ass/ass16/FlexScript-pl/src/flexscript/SyntaxAnalyzer.java,flexscript.Parser$Node,"make_node/3[flexscript.Parser.NodeType,flexscript.Parser.Node,flexscript.Parser.Node]",false,32,2,4,3,1,1,0,3,1,0,3,0,0,0,0,0,0,0,1,0,0,0,0,0,0,0,5,9,0,false
/home/x1/Desktop/ass/ass16/FlexScript-pl/src/flexscript/SyntaxAnalyzer.java,flexscript.Parser$Node,"make_node/2[flexscript.Parser.NodeType,flexscript.Parser.Node]",false,35,2,3,2,1,1,0,3,1,0,2,0,0,0,0,0,0,0,1,0,0,0,0,0,0,0,5,9,0,false
/home/x1/Desktop/ass/ass16/FlexScript-pl/src/flexscript/SyntaxAnalyzer.java,flexscript.Parser$Node,"Node/4[flexscript.Parser.NodeType,flexscript.Parser.Node,flexscript.Parser.Node,java.lang.String]",true,26,2,3,3,0,1,0,6,0,0,4,0,0,0,0,0,0,0,0,0,4,0,0,0,0,0,7,0,0,false
/home/x1/Desktop/ass/ass16/FlexScript-pl/src/flexscript/SyntaxAnalyzer.java,flexscript.Parser$Node,"make_leaf/2[flexscript.Parser.NodeType,java.lang.String]",false,38,2,3,2,1,1,0,3,1,0,2,0,0,0,0,0,0,0,0,0,0,0,0,0,0,0,5,9,0,false
/home/x1/Desktop/ass/ass16/FlexScript-pl/src/flexscript/SyntaxAnalyzer.java,flexscript.Parser$Node,Node/0,true,20,0,0,0,0,1,0,6,0,0,0,0,0,0,0,0,0,0,0,0,4,0,0,0,0,0,2,0,0,false
