file,class,method,variable,usage
/home/x1/Desktop/ass/ass16/FlexScript-pl/src/flexscript/SyntaxAnalyzer.java,flexscript.Parser$TokenType,"TokenType/5[boolean,boolean,boolean,int,flexscript.Parser.NodeType]",node,1
/home/x1/Desktop/ass/ass16/FlexScript-pl/src/flexscript/SyntaxAnalyzer.java,flexscript.Parser$TokenType,"TokenType/5[boolean,boolean,boolean,int,flexscript.Parser.NodeType]",is_unary,2
/home/x1/Desktop/ass/ass16/FlexScript-pl/src/flexscript/SyntaxAnalyzer.java,flexscript.Parser$TokenType,"TokenType/5[boolean,boolean,boolean,int,flexscript.Parser.NodeType]",right_assoc,2
/home/x1/Desktop/ass/ass16/FlexScript-pl/src/flexscript/SyntaxAnalyzer.java,flexscript.Parser$TokenType,"TokenType/5[boolean,boolean,boolean,int,flexscript.Parser.NodeType]",is_binary,2
/home/x1/Desktop/ass/ass16/FlexScript-pl/src/flexscript/SyntaxAnalyzer.java,flexscript.Parser$TokenType,"TokenType/5[boolean,boolean,boolean,int,flexscript.Parser.NodeType]",precedence,2
/home/x1/Desktop/ass/ass16/FlexScript-pl/src/flexscript/SyntaxAnalyzer.java,flexscript.Parser,"error/3[int,int,java.lang.String]",msg,2
/home/x1/Desktop/ass/ass16/FlexScript-pl/src/flexscript/SyntaxAnalyzer.java,flexscript.Parser,"error/3[int,int,java.lang.String]",pos,2
/home/x1/Desktop/ass/ass16/FlexScript-pl/src/flexscript/SyntaxAnalyzer.java,flexscript.Parser,"error/3[int,int,java.lang.String]",line,2
/home/x1/Desktop/ass/ass16/FlexScript-pl/src/flexscript/SyntaxAnalyzer.java,flexscript.Parser,parse/0,t,3
/home/x1/Desktop/ass/ass16/FlexScript-pl/src/flexscript/SyntaxAnalyzer.java,flexscript.Parser,paren_expr/0,node,1
/home/x1/Desktop/ass/ass16/FlexScript-pl/src/flexscript/SyntaxAnalyzer.java,flexscript.Parser,expr/1[int],p,1
/home/x1/Desktop/ass/ass16/FlexScript-pl/src/flexscript/SyntaxAnalyzer.java,flexscript.Parser,expr/1[int],result,8
/home/x1/Desktop/ass/ass16/FlexScript-pl/src/flexscript/SyntaxAnalyzer.java,flexscript.Parser,expr/1[int],node,5
/home/x1/Desktop/ass/ass16/FlexScript-pl/src/flexscript/SyntaxAnalyzer.java,flexscript.Parser,expr/1[int],op,6
/home/x1/Desktop/ass/ass16/FlexScript-pl/src/flexscript/SyntaxAnalyzer.java,flexscript.Parser,expr/1[int],q,3
/home/x1/Desktop/ass/ass16/FlexScript-pl/src/flexscript/SyntaxAnalyzer.java,flexscript.Parser,stmt/0,s,4
/home/x1/Desktop/ass/ass16/FlexScript-pl/src/flexscript/SyntaxAnalyzer.java,flexscript.Parser,stmt/0,t,9
/home/x1/Desktop/ass/ass16/FlexScript-pl/src/flexscript/SyntaxAnalyzer.java,flexscript.Parser,stmt/0,e,11
/home/x1/Desktop/ass/ass16/FlexScript-pl/src/flexscript/SyntaxAnalyzer.java,flexscript.Parser,stmt/0,v,2
/home/x1/Desktop/ass/ass16/FlexScript-pl/src/flexscript/SyntaxAnalyzer.java,flexscript.Parser,stmt/0,s2,4
/home/x1/Desktop/ass/ass16/FlexScript-pl/src/flexscript/SyntaxAnalyzer.java,flexscript.Parser,printAST/1[flexscript.Parser.Node],t,8
/home/x1/Desktop/ass/ass16/FlexScript-pl/src/flexscript/SyntaxAnalyzer.java,flexscript.Parser,Parser/1[java.util.List<flexscript.Parser.Token>],source,2
/home/x1/Desktop/ass/ass16/FlexScript-pl/src/flexscript/SyntaxAnalyzer.java,flexscript.Parser,"expect/2[java.lang.String,flexscript.Parser.TokenType]",msg,1
/home/x1/Desktop/ass/ass16/FlexScript-pl/src/flexscript/SyntaxAnalyzer.java,flexscript.Parser,"expect/2[java.lang.String,flexscript.Parser.TokenType]",s,2
/home/x1/Desktop/ass/ass16/FlexScript-pl/src/flexscript/BaseLexer.java,flexscript.BaseLexer$Token,"Token/4[flexscript.BaseLexer.TokenType,java.lang.String,int,int]",pos,2
/home/x1/Desktop/ass/ass16/FlexScript-pl/src/flexscript/BaseLexer.java,flexscript.BaseLexer$Token,"Token/4[flexscript.BaseLexer.TokenType,java.lang.String,int,int]",line,2
/home/x1/Desktop/ass/ass16/FlexScript-pl/src/flexscript/BaseLexer.java,flexscript.BaseLexer$Token,"Token/4[flexscript.BaseLexer.TokenType,java.lang.String,int,int]",value,2
/home/x1/Desktop/ass/ass16/FlexScript-pl/src/flexscript/BaseLexer.java,flexscript.BaseLexer$Token,"Token/4[flexscript.BaseLexer.TokenType,java.lang.String,int,int]",token,1
/home/x1/Desktop/ass/ass16/FlexScript-pl/src/flexscript/BaseLexer.java,flexscript.BaseLexer$Token,toString/0,result,4
/home/x1/Desktop/ass/ass16/FlexScript-pl/src/flexscript/BaseLexer.java,flexscript.BaseLexer,"string_lit/3[char,int,int]",result,2
/home/x1/Desktop/ass/ass16/FlexScript-pl/src/flexscript/BaseLexer.java,flexscript.BaseLexer,"string_lit/3[char,int,int]",pos,3
/home/x1/Desktop/ass/ass16/FlexScript-pl/src/flexscript/BaseLexer.java,flexscript.BaseLexer,"string_lit/3[char,int,int]",line,3
/home/x1/Desktop/ass/ass16/FlexScript-pl/src/flexscript/BaseLexer.java,flexscript.BaseLexer,"string_lit/3[char,int,int]",start,1
/home/x1/Desktop/ass/ass16/FlexScript-pl/src/flexscript/BaseLexer.java,flexscript.BaseLexer,BaseLexer/1[java.lang.String],source,1
/home/x1/Desktop/ass/ass16/FlexScript-pl/src/flexscript/BaseLexer.java,flexscript.BaseLexer,"error/3[int,int,java.lang.String]",msg,2
/home/x1/Desktop/ass/ass16/FlexScript-pl/src/flexscript/BaseLexer.java,flexscript.BaseLexer,"error/3[int,int,java.lang.String]",pos,2
/home/x1/Desktop/ass/ass16/FlexScript-pl/src/flexscript/BaseLexer.java,flexscript.BaseLexer,"error/3[int,int,java.lang.String]",line,2
/home/x1/Desktop/ass/ass16/FlexScript-pl/src/flexscript/BaseLexer.java,flexscript.BaseLexer,"div_or_comment/2[int,int]",pos,2
/home/x1/Desktop/ass/ass16/FlexScript-pl/src/flexscript/BaseLexer.java,flexscript.BaseLexer,"div_or_comment/2[int,int]",line,2
/home/x1/Desktop/ass/ass16/FlexScript-pl/src/flexscript/BaseLexer.java,flexscript.BaseLexer,"follow/5[char,flexscript.BaseLexer.TokenType,flexscript.BaseLexer.TokenType,int,int]",expect,1
/home/x1/Desktop/ass/ass16/FlexScript-pl/src/flexscript/BaseLexer.java,flexscript.BaseLexer,"follow/5[char,flexscript.BaseLexer.TokenType,flexscript.BaseLexer.TokenType,int,int]",pos,3
/home/x1/Desktop/ass/ass16/FlexScript-pl/src/flexscript/BaseLexer.java,flexscript.BaseLexer,"follow/5[char,flexscript.BaseLexer.TokenType,flexscript.BaseLexer.TokenType,int,int]",line,3
/home/x1/Desktop/ass/ass16/FlexScript-pl/src/flexscript/BaseLexer.java,flexscript.BaseLexer,"follow/5[char,flexscript.BaseLexer.TokenType,flexscript.BaseLexer.TokenType,int,int]",ifyes,1
/home/x1/Desktop/ass/ass16/FlexScript-pl/src/flexscript/BaseLexer.java,flexscript.BaseLexer,"follow/5[char,flexscript.BaseLexer.TokenType,flexscript.BaseLexer.TokenType,int,int]",ifno,2
/home/x1/Desktop/ass/ass16/FlexScript-pl/src/flexscript/BaseLexer.java,flexscript.BaseLexer,to_string_token/0,output,2
/home/x1/Desktop/ass/ass16/FlexScript-pl/src/flexscript/BaseLexer.java,flexscript.BaseLexer,to_string_token/0,t,2
/home/x1/Desktop/ass/ass16/FlexScript-pl/src/flexscript/BaseLexer.java,flexscript.BaseLexer,printTokens/0,t,3
/home/x1/Desktop/ass/ass16/FlexScript-pl/src/flexscript/BaseLexer.java,flexscript.BaseLexer,"char_lit/2[int,int]",c,7
/home/x1/Desktop/ass/ass16/FlexScript-pl/src/flexscript/BaseLexer.java,flexscript.BaseLexer,"char_lit/2[int,int]",pos,4
/home/x1/Desktop/ass/ass16/FlexScript-pl/src/flexscript/BaseLexer.java,flexscript.BaseLexer,"char_lit/2[int,int]",line,4
/home/x1/Desktop/ass/ass16/FlexScript-pl/src/flexscript/BaseLexer.java,flexscript.BaseLexer,"char_lit/2[int,int]",n,3
/home/x1/Desktop/ass/ass16/FlexScript-pl/src/flexscript/BaseLexer.java,flexscript.BaseLexer,main/1[java.lang.String[]],args,2
/home/x1/Desktop/ass/ass16/FlexScript-pl/src/flexscript/BaseLexer.java,flexscript.BaseLexer,main/1[java.lang.String[]],s,2
/home/x1/Desktop/ass/ass16/FlexScript-pl/src/flexscript/BaseLexer.java,flexscript.BaseLexer,main/1[java.lang.String[]],e,1
/home/x1/Desktop/ass/ass16/FlexScript-pl/src/flexscript/BaseLexer.java,flexscript.BaseLexer,main/1[java.lang.String[]],f,1
/home/x1/Desktop/ass/ass16/FlexScript-pl/src/flexscript/BaseLexer.java,flexscript.BaseLexer,main/1[java.lang.String[]],source,2
/home/x1/Desktop/ass/ass16/FlexScript-pl/src/flexscript/BaseLexer.java,flexscript.BaseLexer,main/1[java.lang.String[]],l,1
/home/x1/Desktop/ass/ass16/FlexScript-pl/src/flexscript/BaseLexer.java,flexscript.BaseLexer,getToken/0,pos,23
/home/x1/Desktop/ass/ass16/FlexScript-pl/src/flexscript/BaseLexer.java,flexscript.BaseLexer,getToken/0,line,23
/home/x1/Desktop/ass/ass16/FlexScript-pl/src/flexscript/BaseLexer.java,flexscript.BaseLexer,"identifier_or_integer/2[int,int]",pos,5
/home/x1/Desktop/ass/ass16/FlexScript-pl/src/flexscript/BaseLexer.java,flexscript.BaseLexer,"identifier_or_integer/2[int,int]",line,5
/home/x1/Desktop/ass/ass16/FlexScript-pl/src/flexscript/BaseLexer.java,flexscript.BaseLexer,"identifier_or_integer/2[int,int]",text,8
/home/x1/Desktop/ass/ass16/FlexScript-pl/src/flexscript/BaseLexer.java,flexscript.BaseLexer,"identifier_or_integer/2[int,int]",is_number,2
/home/x1/Desktop/ass/ass16/FlexScript-pl/src/flexscript/Main.java,flexscript.Main,read/1[java.lang.String],output,2
/home/x1/Desktop/ass/ass16/FlexScript-pl/src/flexscript/Main.java,flexscript.Main,read/1[java.lang.String],target_file,1
/home/x1/Desktop/ass/ass16/FlexScript-pl/src/flexscript/Main.java,flexscript.Main,read/1[java.lang.String],myObj,1
/home/x1/Desktop/ass/ass16/FlexScript-pl/src/flexscript/Main.java,flexscript.Main,read/1[java.lang.String],myReader,3
/home/x1/Desktop/ass/ass16/FlexScript-pl/src/flexscript/Main.java,flexscript.Main,read/1[java.lang.String],e,1
/home/x1/Desktop/ass/ass16/FlexScript-pl/src/flexscript/Main.java,flexscript.Main,main/1[java.lang.String[]],st,5
/home/x1/Desktop/ass/ass16/FlexScript-pl/src/flexscript/Main.java,flexscript.Main,main/1[java.lang.String[]],e,1
/home/x1/Desktop/ass/ass16/FlexScript-pl/src/flexscript/Main.java,flexscript.Main,main/1[java.lang.String[]],line,2
/home/x1/Desktop/ass/ass16/FlexScript-pl/src/flexscript/Main.java,flexscript.Main,main/1[java.lang.String[]],raw,1
/home/x1/Desktop/ass/ass16/FlexScript-pl/src/flexscript/Main.java,flexscript.Main,main/1[java.lang.String[]],dir,2
/home/x1/Desktop/ass/ass16/FlexScript-pl/src/flexscript/Main.java,flexscript.Main,main/1[java.lang.String[]],l,1
/home/x1/Desktop/ass/ass16/FlexScript-pl/src/flexscript/Main.java,flexscript.Main,main/1[java.lang.String[]],list,2
/home/x1/Desktop/ass/ass16/FlexScript-pl/src/flexscript/Main.java,flexscript.Main,main/1[java.lang.String[]],raw_lex,1
/home/x1/Desktop/ass/ass16/FlexScript-pl/src/flexscript/Main.java,flexscript.Main,main/1[java.lang.String[]],token,4
/home/x1/Desktop/ass/ass16/FlexScript-pl/src/flexscript/Main.java,flexscript.Main,main/1[java.lang.String[]],args,0
/home/x1/Desktop/ass/ass16/FlexScript-pl/src/flexscript/Main.java,flexscript.Main,main/1[java.lang.String[]],str,1
/home/x1/Desktop/ass/ass16/FlexScript-pl/src/flexscript/Main.java,flexscript.Main,main/1[java.lang.String[]],p,0
/home/x1/Desktop/ass/ass16/FlexScript-pl/src/flexscript/Main.java,flexscript.Main,main/1[java.lang.String[]],found,3
/home/x1/Desktop/ass/ass16/FlexScript-pl/src/flexscript/Main.java,flexscript.Main,main/1[java.lang.String[]],s,2
/home/x1/Desktop/ass/ass16/FlexScript-pl/src/flexscript/Main.java,flexscript.Main,main/1[java.lang.String[]],pos,2
/home/x1/Desktop/ass/ass16/FlexScript-pl/src/flexscript/Main.java,flexscript.Main,main/1[java.lang.String[]],str_to_tokens,35
/home/x1/Desktop/ass/ass16/FlexScript-pl/src/flexscript/Main.java,flexscript.Main,main/1[java.lang.String[]],value,3
/home/x1/Desktop/ass/ass16/FlexScript-pl/src/flexscript/SyntaxAnalyzer.java,flexscript.Parser$Token,"Token/4[flexscript.Parser.TokenType,java.lang.String,int,int]",pos,2
/home/x1/Desktop/ass/ass16/FlexScript-pl/src/flexscript/SyntaxAnalyzer.java,flexscript.Parser$Token,"Token/4[flexscript.Parser.TokenType,java.lang.String,int,int]",line,2
/home/x1/Desktop/ass/ass16/FlexScript-pl/src/flexscript/SyntaxAnalyzer.java,flexscript.Parser$Token,"Token/4[flexscript.Parser.TokenType,java.lang.String,int,int]",value,2
/home/x1/Desktop/ass/ass16/FlexScript-pl/src/flexscript/SyntaxAnalyzer.java,flexscript.Parser$Token,"Token/4[flexscript.Parser.TokenType,java.lang.String,int,int]",token,1
/home/x1/Desktop/ass/ass16/FlexScript-pl/src/flexscript/SyntaxAnalyzer.java,flexscript.Parser$NodeType,NodeType/1[java.lang.String],name,2
/home/x1/Desktop/ass/ass16/FlexScript-pl/src/flexscript/SyntaxAnalyzer.java,flexscript.Parser$Node,"make_node/3[flexscript.Parser.NodeType,flexscript.Parser.Node,flexscript.Parser.Node]",nodetype,1
/home/x1/Desktop/ass/ass16/FlexScript-pl/src/flexscript/SyntaxAnalyzer.java,flexscript.Parser$Node,"make_node/3[flexscript.Parser.NodeType,flexscript.Parser.Node,flexscript.Parser.Node]",left,1
/home/x1/Desktop/ass/ass16/FlexScript-pl/src/flexscript/SyntaxAnalyzer.java,flexscript.Parser$Node,"make_node/3[flexscript.Parser.NodeType,flexscript.Parser.Node,flexscript.Parser.Node]",right,1
/home/x1/Desktop/ass/ass16/FlexScript-pl/src/flexscript/SyntaxAnalyzer.java,flexscript.Parser$Node,"make_node/2[flexscript.Parser.NodeType,flexscript.Parser.Node]",nodetype,1
/home/x1/Desktop/ass/ass16/FlexScript-pl/src/flexscript/SyntaxAnalyzer.java,flexscript.Parser$Node,"make_node/2[flexscript.Parser.NodeType,flexscript.Parser.Node]",left,1
/home/x1/Desktop/ass/ass16/FlexScript-pl/src/flexscript/SyntaxAnalyzer.java,flexscript.Parser$Node,"Node/4[flexscript.Parser.NodeType,flexscript.Parser.Node,flexscript.Parser.Node,java.lang.String]",node_type,1
/home/x1/Desktop/ass/ass16/FlexScript-pl/src/flexscript/SyntaxAnalyzer.java,flexscript.Parser$Node,"Node/4[flexscript.Parser.NodeType,flexscript.Parser.Node,flexscript.Parser.Node,java.lang.String]",left,2
/home/x1/Desktop/ass/ass16/FlexScript-pl/src/flexscript/SyntaxAnalyzer.java,flexscript.Parser$Node,"Node/4[flexscript.Parser.NodeType,flexscript.Parser.Node,flexscript.Parser.Node,java.lang.String]",right,2
/home/x1/Desktop/ass/ass16/FlexScript-pl/src/flexscript/SyntaxAnalyzer.java,flexscript.Parser$Node,"Node/4[flexscript.Parser.NodeType,flexscript.Parser.Node,flexscript.Parser.Node,java.lang.String]",value,2
/home/x1/Desktop/ass/ass16/FlexScript-pl/src/flexscript/SyntaxAnalyzer.java,flexscript.Parser$Node,"make_leaf/2[flexscript.Parser.NodeType,java.lang.String]",nodetype,1
/home/x1/Desktop/ass/ass16/FlexScript-pl/src/flexscript/SyntaxAnalyzer.java,flexscript.Parser$Node,"make_leaf/2[flexscript.Parser.NodeType,java.lang.String]",value,1
