file,class,method,variable,usage
/home/x1/Desktop/ass/ass16/Java-Calculator-main/Calculator.java,Double2,Double2/1[double],num,1
/home/x1/Desktop/ass/ass16/Java-Calculator-main/Calculator.java,Double2,Double2/1[double],link,1
/home/x1/Desktop/ass/ass16/Java-Calculator-main/Calculator.java,Calculator,"isPrior/2[char,char]",idOp,5
/home/x1/Desktop/ass/ass16/Java-Calculator-main/Calculator.java,Calculator,main/1[java.lang.String[]],ans,2
/home/x1/Desktop/ass/ass16/Java-Calculator-main/Calculator.java,Calculator,main/1[java.lang.String[]],numPost,1
/home/x1/Desktop/ass/ass16/Java-Calculator-main/Calculator.java,Calculator,getPolish/1[List],numPost,3
/home/x1/Desktop/ass/ass16/Java-Calculator-main/Calculator.java,Calculator,isFunc/1[char],arrFn,2
/home/x1/Desktop/ass/ass16/Java-Calculator-main/Calculator.java,Calculator,isBinary/1[char],binOp,2
/home/x1/Desktop/ass/ass16/Java-Calculator-main/Calculator.java,Calculator,parseDouble2/1[java.lang.String],ans,1
/home/x1/Desktop/ass/ass16/Java-Calculator-main/Calculator.java,Calculator,isValidOp/1[char],allOp,2
/home/x1/Desktop/ass/ass16/Java-Calculator-main/Calculator.java,Calculator,findOp/1[char],arrOp,2
/home/x1/Desktop/ass/ass16/Java-Calculator-main/Calculator.java,List,List/1[java.lang.String],node,1
/home/x1/Desktop/ass/ass16/Java-Calculator-main/Calculator.java,List,List/1[java.lang.String],link,1
