file,class,method,constructor,line,cbo,cboModified,fanin,fanout,wmc,rfc,loc,returnsQty,variablesQty,parametersQty,methodsInvokedQty,methodsInvokedLocalQty,methodsInvokedIndirectLocalQty,loopQty,comparisonsQty,tryCatchQty,parenthesizedExpsQty,stringLiteralsQty,numbersQty,assignmentsQty,mathOperationsQty,maxNestedBlocksQty,anonymousClassesQty,innerClassesQty,lambdasQty,uniqueWordsQty,modifiers,logStatementsQty,hasJavaDoc
/home/x1/Desktop/ass/ass16/Java-Calculator-main/Calculator.java,Double2,Double2/1[double],true,26,0,1,1,0,1,0,4,0,0,1,0,0,0,0,0,0,0,0,0,2,0,0,0,0,0,5,1,0,false
/home/x1/Desktop/ass/ass16/Java-Calculator-main/Calculator.java,MyException,MyException/1[java.lang.String],true,6,0,3,3,0,1,0,3,0,0,1,0,0,0,0,0,0,0,0,0,0,0,0,0,0,0,3,1,0,false
/home/x1/Desktop/ass/ass16/Java-Calculator-main/Calculator.java,Calculator,"isUnary/2[char,char]",false,115,1,3,1,2,10,3,7,1,1,2,3,2,1,0,5,0,5,0,4,4,0,2,0,0,0,8,10,0,false
/home/x1/Desktop/ass/ass16/Java-Calculator-main/Calculator.java,Calculator,"isPrior/2[char,char]",false,127,1,2,1,1,3,1,5,2,2,2,1,1,1,0,1,0,1,0,1,2,0,1,0,0,0,9,10,0,false
/home/x1/Desktop/ass/ass16/Java-Calculator-main/Calculator.java,Calculator,invalidExpr/0,false,215,1,3,2,1,1,0,3,0,0,0,0,0,0,0,0,0,0,1,0,0,0,0,0,0,0,11,10,0,false
/home/x1/Desktop/ass/ass16/Java-Calculator-main/Calculator.java,Calculator,"calc/3[double,char,double]",false,146,2,3,1,2,23,3,29,1,1,3,3,1,1,0,15,0,5,12,12,10,17,9,0,0,0,28,10,0,false
/home/x1/Desktop/ass/ass16/Java-Calculator-main/Calculator.java,Calculator,main/1[java.lang.String[]],false,518,2,3,0,3,6,11,44,0,4,1,11,3,9,1,2,3,0,10,4,8,4,3,0,0,0,43,9,0,false
/home/x1/Desktop/ass/ass16/Java-Calculator-main/Calculator.java,Calculator,isMath/1[java.lang.String],false,399,1,2,1,1,3,3,12,1,4,1,3,1,1,1,0,0,0,0,2,5,1,2,0,0,0,11,10,0,false
/home/x1/Desktop/ass/ass16/Java-Calculator-main/Calculator.java,Calculator,getExpr/1[java.lang.String],false,219,2,7,2,5,34,10,112,1,15,1,10,4,2,4,24,0,4,10,7,61,2,6,0,0,0,26,10,0,false
/home/x1/Desktop/ass/ass16/Java-Calculator-main/Calculator.java,Calculator,getPolish/1[List],false,333,2,6,2,4,11,6,57,1,8,1,6,3,2,3,8,0,0,4,7,27,1,4,0,0,0,28,10,0,false
/home/x1/Desktop/ass/ass16/Java-Calculator-main/Calculator.java,Calculator,fact/1[double],false,135,1,3,2,1,4,0,7,1,2,1,0,0,0,1,1,0,1,2,4,3,1,2,0,0,0,22,10,0,false
/home/x1/Desktop/ass/ass16/Java-Calculator-main/Calculator.java,Calculator,isFunc/1[char],false,51,0,1,1,0,5,0,13,1,4,1,0,0,0,1,0,0,2,0,7,8,5,4,0,0,0,7,10,0,false
/home/x1/Desktop/ass/ass16/Java-Calculator-main/Calculator.java,Calculator,getResult/1[List],false,188,3,7,2,5,7,5,25,1,3,1,5,4,8,1,5,0,0,0,1,11,0,6,0,0,0,16,10,0,false
/home/x1/Desktop/ass/ass16/Java-Calculator-main/Calculator.java,Calculator,isBinary/1[char],false,99,0,2,2,0,5,0,13,1,4,1,0,0,0,1,0,0,2,0,7,8,5,4,0,0,0,7,10,0,false
/home/x1/Desktop/ass/ass16/Java-Calculator-main/Calculator.java,Calculator,skipParen/1[java.lang.String],false,387,0,1,1,0,3,2,8,1,2,1,2,0,0,1,1,0,0,0,2,2,1,2,0,0,0,5,10,0,false
/home/x1/Desktop/ass/ass16/Java-Calculator-main/Calculator.java,Calculator,dispList/1[List],false,43,1,1,1,0,2,2,7,0,0,1,2,0,0,1,1,0,0,1,0,1,1,1,0,0,0,4,10,0,false
/home/x1/Desktop/ass/ass16/Java-Calculator-main/Calculator.java,Calculator,parseDouble2/1[java.lang.String],false,414,1,9,2,7,45,23,76,1,13,1,23,7,8,0,33,0,4,2,42,50,14,8,0,0,0,23,10,0,false
/home/x1/Desktop/ass/ass16/Java-Calculator-main/Calculator.java,Calculator,isValidOp/1[char],false,83,0,3,3,0,5,0,13,1,4,1,0,0,0,1,0,0,2,0,7,8,5,4,0,0,0,8,10,0,false
/home/x1/Desktop/ass/ass16/Java-Calculator-main/Calculator.java,Calculator,findOp/1[char],false,67,0,2,2,0,4,0,13,1,4,1,0,0,0,1,0,0,1,0,6,8,5,4,0,0,0,7,10,0,false
/home/x1/Desktop/ass/ass16/Java-Calculator-main/Calculator.java,List,List/1[java.lang.String],true,15,0,2,2,0,1,0,4,0,0,1,0,0,0,0,0,0,0,0,0,2,0,0,0,0,0,5,1,0,false
