file,class,method,variable,usage
/home/x1/Desktop/ass/ass16/Java-Calculator-main/Calculator.java,Double2,Double2/1[double],n,1
/home/x1/Desktop/ass/ass16/Java-Calculator-main/Calculator.java,MyException,MyException/1[java.lang.String],m,1
/home/x1/Desktop/ass/ass16/Java-Calculator-main/Calculator.java,Calculator,"isUnary/2[char,char]",res,4
/home/x1/Desktop/ass/ass16/Java-Calculator-main/Calculator.java,Calculator,"isUnary/2[char,char]",ch,4
/home/x1/Desktop/ass/ass16/Java-Calculator-main/Calculator.java,Calculator,"isUnary/2[char,char]",cp,5
/home/x1/Desktop/ass/ass16/Java-Calculator-main/Calculator.java,Calculator,"isPrior/2[char,char]",ch,1
/home/x1/Desktop/ass/ass16/Java-Calculator-main/Calculator.java,Calculator,"isPrior/2[char,char]",i,3
/home/x1/Desktop/ass/ass16/Java-Calculator-main/Calculator.java,Calculator,"isPrior/2[char,char]",j,2
/home/x1/Desktop/ass/ass16/Java-Calculator-main/Calculator.java,Calculator,"isPrior/2[char,char]",cp,1
/home/x1/Desktop/ass/ass16/Java-Calculator-main/Calculator.java,Calculator,"calc/3[double,char,double]",a,21
/home/x1/Desktop/ass/ass16/Java-Calculator-main/Calculator.java,Calculator,"calc/3[double,char,double]",res,10
/home/x1/Desktop/ass/ass16/Java-Calculator-main/Calculator.java,Calculator,"calc/3[double,char,double]",b,22
/home/x1/Desktop/ass/ass16/Java-Calculator-main/Calculator.java,Calculator,"calc/3[double,char,double]",ch,9
/home/x1/Desktop/ass/ass16/Java-Calculator-main/Calculator.java,Calculator,main/1[java.lang.String[]],args,0
/home/x1/Desktop/ass/ass16/Java-Calculator-main/Calculator.java,Calculator,main/1[java.lang.String[]],br,4
/home/x1/Desktop/ass/ass16/Java-Calculator-main/Calculator.java,Calculator,main/1[java.lang.String[]],str,2
/home/x1/Desktop/ass/ass16/Java-Calculator-main/Calculator.java,Calculator,main/1[java.lang.String[]],post,1
/home/x1/Desktop/ass/ass16/Java-Calculator-main/Calculator.java,Calculator,main/1[java.lang.String[]],e,5
/home/x1/Desktop/ass/ass16/Java-Calculator-main/Calculator.java,Calculator,main/1[java.lang.String[]],cont,3
/home/x1/Desktop/ass/ass16/Java-Calculator-main/Calculator.java,Calculator,isMath/1[java.lang.String],p,2
/home/x1/Desktop/ass/ass16/Java-Calculator-main/Calculator.java,Calculator,isMath/1[java.lang.String],b,2
/home/x1/Desktop/ass/ass16/Java-Calculator-main/Calculator.java,Calculator,isMath/1[java.lang.String],ch,1
/home/x1/Desktop/ass/ass16/Java-Calculator-main/Calculator.java,Calculator,isMath/1[java.lang.String],i,3
/home/x1/Desktop/ass/ass16/Java-Calculator-main/Calculator.java,Calculator,isMath/1[java.lang.String],l,1
/home/x1/Desktop/ass/ass16/Java-Calculator-main/Calculator.java,Calculator,getExpr/1[java.lang.String],stack,8
/home/x1/Desktop/ass/ass16/Java-Calculator-main/Calculator.java,Calculator,getExpr/1[java.lang.String],ch,44
/home/x1/Desktop/ass/ass16/Java-Calculator-main/Calculator.java,Calculator,getExpr/1[java.lang.String],i,26
/home/x1/Desktop/ass/ass16/Java-Calculator-main/Calculator.java,Calculator,getExpr/1[java.lang.String],k,5
/home/x1/Desktop/ass/ass16/Java-Calculator-main/Calculator.java,Calculator,getExpr/1[java.lang.String],l,2
/home/x1/Desktop/ass/ass16/Java-Calculator-main/Calculator.java,Calculator,getExpr/1[java.lang.String],cp,13
/home/x1/Desktop/ass/ass16/Java-Calculator-main/Calculator.java,Calculator,getExpr/1[java.lang.String],n,8
/home/x1/Desktop/ass/ass16/Java-Calculator-main/Calculator.java,Calculator,getExpr/1[java.lang.String],str,11
/home/x1/Desktop/ass/ass16/Java-Calculator-main/Calculator.java,Calculator,getExpr/1[java.lang.String],p,24
/home/x1/Desktop/ass/ass16/Java-Calculator-main/Calculator.java,Calculator,getExpr/1[java.lang.String],r,2
/home/x1/Desktop/ass/ass16/Java-Calculator-main/Calculator.java,Calculator,getExpr/1[java.lang.String],nptr,2
/home/x1/Desktop/ass/ass16/Java-Calculator-main/Calculator.java,Calculator,getExpr/1[java.lang.String],t,2
/home/x1/Desktop/ass/ass16/Java-Calculator-main/Calculator.java,Calculator,getExpr/1[java.lang.String],tmp,2
/home/x1/Desktop/ass/ass16/Java-Calculator-main/Calculator.java,Calculator,getExpr/1[java.lang.String],expr,2
/home/x1/Desktop/ass/ass16/Java-Calculator-main/Calculator.java,Calculator,getPolish/1[List],p,10
/home/x1/Desktop/ass/ass16/Java-Calculator-main/Calculator.java,Calculator,getPolish/1[List],stack,16
/home/x1/Desktop/ass/ass16/Java-Calculator-main/Calculator.java,Calculator,getPolish/1[List],nptr,6
/home/x1/Desktop/ass/ass16/Java-Calculator-main/Calculator.java,Calculator,getPolish/1[List],ch,5
/home/x1/Desktop/ass/ass16/Java-Calculator-main/Calculator.java,Calculator,getPolish/1[List],expr,6
/home/x1/Desktop/ass/ass16/Java-Calculator-main/Calculator.java,Calculator,getPolish/1[List],pol,6
/home/x1/Desktop/ass/ass16/Java-Calculator-main/Calculator.java,Calculator,getPolish/1[List],cp,8
/home/x1/Desktop/ass/ass16/Java-Calculator-main/Calculator.java,Calculator,fact/1[double],f,2
/home/x1/Desktop/ass/ass16/Java-Calculator-main/Calculator.java,Calculator,fact/1[double],j,3
/home/x1/Desktop/ass/ass16/Java-Calculator-main/Calculator.java,Calculator,fact/1[double],n,4
/home/x1/Desktop/ass/ass16/Java-Calculator-main/Calculator.java,Calculator,isFunc/1[char],ch,2
/home/x1/Desktop/ass/ass16/Java-Calculator-main/Calculator.java,Calculator,isFunc/1[char],u,3
/home/x1/Desktop/ass/ass16/Java-Calculator-main/Calculator.java,Calculator,isFunc/1[char],f,3
/home/x1/Desktop/ass/ass16/Java-Calculator-main/Calculator.java,Calculator,isFunc/1[char],l,3
/home/x1/Desktop/ass/ass16/Java-Calculator-main/Calculator.java,Calculator,isFunc/1[char],m,6
/home/x1/Desktop/ass/ass16/Java-Calculator-main/Calculator.java,Calculator,getResult/1[List],stack,14
/home/x1/Desktop/ass/ass16/Java-Calculator-main/Calculator.java,Calculator,getResult/1[List],nptr,3
/home/x1/Desktop/ass/ass16/Java-Calculator-main/Calculator.java,Calculator,getResult/1[List],ch,5
/home/x1/Desktop/ass/ass16/Java-Calculator-main/Calculator.java,Calculator,getResult/1[List],pol,5
/home/x1/Desktop/ass/ass16/Java-Calculator-main/Calculator.java,Calculator,isBinary/1[char],ch,2
/home/x1/Desktop/ass/ass16/Java-Calculator-main/Calculator.java,Calculator,isBinary/1[char],u,3
/home/x1/Desktop/ass/ass16/Java-Calculator-main/Calculator.java,Calculator,isBinary/1[char],f,3
/home/x1/Desktop/ass/ass16/Java-Calculator-main/Calculator.java,Calculator,isBinary/1[char],l,3
/home/x1/Desktop/ass/ass16/Java-Calculator-main/Calculator.java,Calculator,isBinary/1[char],m,6
/home/x1/Desktop/ass/ass16/Java-Calculator-main/Calculator.java,Calculator,skipParen/1[java.lang.String],p,2
/home/x1/Desktop/ass/ass16/Java-Calculator-main/Calculator.java,Calculator,skipParen/1[java.lang.String],i,4
/home/x1/Desktop/ass/ass16/Java-Calculator-main/Calculator.java,Calculator,skipParen/1[java.lang.String],l,1
/home/x1/Desktop/ass/ass16/Java-Calculator-main/Calculator.java,Calculator,dispList/1[List],show,4
/home/x1/Desktop/ass/ass16/Java-Calculator-main/Calculator.java,Calculator,parseDouble2/1[java.lang.String],p,37
/home/x1/Desktop/ass/ass16/Java-Calculator-main/Calculator.java,Calculator,parseDouble2/1[java.lang.String],th,5
/home/x1/Desktop/ass/ass16/Java-Calculator-main/Calculator.java,Calculator,parseDouble2/1[java.lang.String],ch,12
/home/x1/Desktop/ass/ass16/Java-Calculator-main/Calculator.java,Calculator,parseDouble2/1[java.lang.String],ti,13
/home/x1/Desktop/ass/ass16/Java-Calculator-main/Calculator.java,Calculator,parseDouble2/1[java.lang.String],num,24
/home/x1/Desktop/ass/ass16/Java-Calculator-main/Calculator.java,Calculator,parseDouble2/1[java.lang.String],trad,2
/home/x1/Desktop/ass/ass16/Java-Calculator-main/Calculator.java,Calculator,parseDouble2/1[java.lang.String],i,12
/home/x1/Desktop/ass/ass16/Java-Calculator-main/Calculator.java,Calculator,parseDouble2/1[java.lang.String],k,6
/home/x1/Desktop/ass/ass16/Java-Calculator-main/Calculator.java,Calculator,parseDouble2/1[java.lang.String],ang,26
/home/x1/Desktop/ass/ass16/Java-Calculator-main/Calculator.java,Calculator,isValidOp/1[char],ch,2
/home/x1/Desktop/ass/ass16/Java-Calculator-main/Calculator.java,Calculator,isValidOp/1[char],u,3
/home/x1/Desktop/ass/ass16/Java-Calculator-main/Calculator.java,Calculator,isValidOp/1[char],f,3
/home/x1/Desktop/ass/ass16/Java-Calculator-main/Calculator.java,Calculator,isValidOp/1[char],l,3
/home/x1/Desktop/ass/ass16/Java-Calculator-main/Calculator.java,Calculator,isValidOp/1[char],m,6
/home/x1/Desktop/ass/ass16/Java-Calculator-main/Calculator.java,Calculator,findOp/1[char],ch,2
/home/x1/Desktop/ass/ass16/Java-Calculator-main/Calculator.java,Calculator,findOp/1[char],u,3
/home/x1/Desktop/ass/ass16/Java-Calculator-main/Calculator.java,Calculator,findOp/1[char],f,3
/home/x1/Desktop/ass/ass16/Java-Calculator-main/Calculator.java,Calculator,findOp/1[char],l,3
/home/x1/Desktop/ass/ass16/Java-Calculator-main/Calculator.java,Calculator,findOp/1[char],m,6
/home/x1/Desktop/ass/ass16/Java-Calculator-main/Calculator.java,List,List/1[java.lang.String],s,1
