file,class,method,variable,usage
C:\Users\OOPS\Downloads\onlinebookstore-master\onlinebookstore-master\src\main\java\com\bittercode\model\User.java,com.bittercode.model.User,setLastName/1[java.lang.String],lastName,3
C:\Users\OOPS\Downloads\onlinebookstore-master\onlinebookstore-master\src\main\java\com\bittercode\model\User.java,com.bittercode.model.User,setPhone/1[java.lang.Long],phone,3
C:\Users\OOPS\Downloads\onlinebookstore-master\onlinebookstore-master\src\main\java\com\bittercode\model\User.java,com.bittercode.model.User,setRoles/1[java.util.List<com.bittercode.model.UserRole>],roles,3
C:\Users\OOPS\Downloads\onlinebookstore-master\onlinebookstore-master\src\main\java\com\bittercode\model\User.java,com.bittercode.model.User,getPassword/0,password,1
C:\Users\OOPS\Downloads\onlinebookstore-master\onlinebookstore-master\src\main\java\com\bittercode\model\User.java,com.bittercode.model.User,getFirstName/0,firstName,1
C:\Users\OOPS\Downloads\onlinebookstore-master\onlinebookstore-master\src\main\java\com\bittercode\model\User.java,com.bittercode.model.User,setAddress/1[java.lang.String],address,3
C:\Users\OOPS\Downloads\onlinebookstore-master\onlinebookstore-master\src\main\java\com\bittercode\model\User.java,com.bittercode.model.User,setFirstName/1[java.lang.String],firstName,3
C:\Users\OOPS\Downloads\onlinebookstore-master\onlinebookstore-master\src\main\java\com\bittercode\model\User.java,com.bittercode.model.User,getEmailId/0,emailId,1
C:\Users\OOPS\Downloads\onlinebookstore-master\onlinebookstore-master\src\main\java\com\bittercode\model\User.java,com.bittercode.model.User,setPassword/1[java.lang.String],password,3
C:\Users\OOPS\Downloads\onlinebookstore-master\onlinebookstore-master\src\main\java\com\bittercode\model\User.java,com.bittercode.model.User,getPhone/0,phone,1
C:\Users\OOPS\Downloads\onlinebookstore-master\onlinebookstore-master\src\main\java\com\bittercode\model\User.java,com.bittercode.model.User,getAddress/0,address,1
C:\Users\OOPS\Downloads\onlinebookstore-master\onlinebookstore-master\src\main\java\com\bittercode\model\User.java,com.bittercode.model.User,getLastName/0,lastName,1
C:\Users\OOPS\Downloads\onlinebookstore-master\onlinebookstore-master\src\main\java\com\bittercode\model\User.java,com.bittercode.model.User,getRoles/0,roles,1
C:\Users\OOPS\Downloads\onlinebookstore-master\onlinebookstore-master\src\main\java\com\bittercode\model\User.java,com.bittercode.model.User,setEmailId/1[java.lang.String],emailId,3
C:\Users\OOPS\Downloads\onlinebookstore-master\onlinebookstore-master\src\main\java\servlets\SellerLoginServlet.java,servlets.SellerLoginServlet,"doPost/2[servlets.HttpServletRequest,servlets.HttpServletResponse]",userService,1
C:\Users\OOPS\Downloads\onlinebookstore-master\onlinebookstore-master\src\main\java\servlets\UpdateBookServlet.java,servlets.UpdateBookServlet,"service/2[servlets.HttpServletRequest,servlets.HttpServletResponse]",bookService,2
C:\Users\OOPS\Downloads\onlinebookstore-master\onlinebookstore-master\src\main\java\servlets\RemoveBookServlet.java,servlets.RemoveBookServlet,"service/2[servlets.HttpServletRequest,servlets.HttpServletResponse]",bookService,1
C:\Users\OOPS\Downloads\onlinebookstore-master\onlinebookstore-master\src\main\java\com\bittercode\service\impl\BookServiceImpl.java,com.bittercode.service.impl.BookServiceImpl,"updateBookQtyById/2[java.lang.String,int]",updateBookQtyByIdQuery,1
C:\Users\OOPS\Downloads\onlinebookstore-master\onlinebookstore-master\src\main\java\com\bittercode\service\impl\BookServiceImpl.java,com.bittercode.service.impl.BookServiceImpl,updateBook/1[com.bittercode.model.Book],updateBookByIdQuery,1
C:\Users\OOPS\Downloads\onlinebookstore-master\onlinebookstore-master\src\main\java\com\bittercode\service\impl\BookServiceImpl.java,com.bittercode.service.impl.BookServiceImpl,addBook/1[com.bittercode.model.Book],addBookQuery,1
C:\Users\OOPS\Downloads\onlinebookstore-master\onlinebookstore-master\src\main\java\com\bittercode\service\impl\BookServiceImpl.java,com.bittercode.service.impl.BookServiceImpl,getBookById/1[java.lang.String],getBookByIdQuery,1
C:\Users\OOPS\Downloads\onlinebookstore-master\onlinebookstore-master\src\main\java\com\bittercode\service\impl\BookServiceImpl.java,com.bittercode.service.impl.BookServiceImpl,deleteBookById/1[java.lang.String],deleteBookByIdQuery,1
C:\Users\OOPS\Downloads\onlinebookstore-master\onlinebookstore-master\src\main\java\com\bittercode\service\impl\BookServiceImpl.java,com.bittercode.service.impl.BookServiceImpl,getAllBooks/0,getAllBooksQuery,1
C:\Users\OOPS\Downloads\onlinebookstore-master\onlinebookstore-master\src\main\java\com\bittercode\model\Address.java,com.bittercode.model.Address,setAddressLine1/1[java.lang.String],addressLine1,3
C:\Users\OOPS\Downloads\onlinebookstore-master\onlinebookstore-master\src\main\java\com\bittercode\model\Address.java,com.bittercode.model.Address,setAddressLine2/1[java.lang.String],addressLine2,3
C:\Users\OOPS\Downloads\onlinebookstore-master\onlinebookstore-master\src\main\java\com\bittercode\model\Address.java,com.bittercode.model.Address,getCity/0,city,1
C:\Users\OOPS\Downloads\onlinebookstore-master\onlinebookstore-master\src\main\java\com\bittercode\model\Address.java,com.bittercode.model.Address,setCity/1[java.lang.String],city,3
C:\Users\OOPS\Downloads\onlinebookstore-master\onlinebookstore-master\src\main\java\com\bittercode\model\Address.java,com.bittercode.model.Address,getState/0,state,1
C:\Users\OOPS\Downloads\onlinebookstore-master\onlinebookstore-master\src\main\java\com\bittercode\model\Address.java,com.bittercode.model.Address,getPhone/0,phone,1
C:\Users\OOPS\Downloads\onlinebookstore-master\onlinebookstore-master\src\main\java\com\bittercode\model\Address.java,com.bittercode.model.Address,setPhone/1[java.lang.String],phone,3
C:\Users\OOPS\Downloads\onlinebookstore-master\onlinebookstore-master\src\main\java\com\bittercode\model\Address.java,com.bittercode.model.Address,setState/1[java.lang.String],state,3
C:\Users\OOPS\Downloads\onlinebookstore-master\onlinebookstore-master\src\main\java\com\bittercode\model\Address.java,com.bittercode.model.Address,getCountry/0,country,1
C:\Users\OOPS\Downloads\onlinebookstore-master\onlinebookstore-master\src\main\java\com\bittercode\model\Address.java,com.bittercode.model.Address,setPinCode/1[long],pinCode,3
C:\Users\OOPS\Downloads\onlinebookstore-master\onlinebookstore-master\src\main\java\com\bittercode\model\Address.java,com.bittercode.model.Address,getAddressLine1/0,addressLine1,1
C:\Users\OOPS\Downloads\onlinebookstore-master\onlinebookstore-master\src\main\java\com\bittercode\model\Address.java,com.bittercode.model.Address,getPinCode/0,pinCode,1
C:\Users\OOPS\Downloads\onlinebookstore-master\onlinebookstore-master\src\main\java\com\bittercode\model\Address.java,com.bittercode.model.Address,getAddressLine2/0,addressLine2,1
C:\Users\OOPS\Downloads\onlinebookstore-master\onlinebookstore-master\src\main\java\com\bittercode\model\Address.java,com.bittercode.model.Address,setCountry/1[java.lang.String],country,3
C:\Users\OOPS\Downloads\onlinebookstore-master\onlinebookstore-master\src\main\java\servlets\ViewBookServlet.java,servlets.ViewBookServlet,"service/2[servlets.HttpServletRequest,servlets.HttpServletResponse]",bookService,1
C:\Users\OOPS\Downloads\onlinebookstore-master\onlinebookstore-master\src\main\java\com\bittercode\util\DBUtil.java,com.bittercode.util.DBUtil,getConnection/0,connection,2
C:\Users\OOPS\Downloads\onlinebookstore-master\onlinebookstore-master\src\main\java\com\bittercode\model\StoreException.java,com.bittercode.model.StoreException,setStatusCode/1[int],statusCode,3
C:\Users\OOPS\Downloads\onlinebookstore-master\onlinebookstore-master\src\main\java\com\bittercode\model\StoreException.java,com.bittercode.model.StoreException,getErrorMessage/0,errorMessage,1
C:\Users\OOPS\Downloads\onlinebookstore-master\onlinebookstore-master\src\main\java\com\bittercode\model\StoreException.java,com.bittercode.model.StoreException,setErrorMessage/1[java.lang.String],errorMessage,3
C:\Users\OOPS\Downloads\onlinebookstore-master\onlinebookstore-master\src\main\java\com\bittercode\model\StoreException.java,com.bittercode.model.StoreException,StoreException/1[java.lang.String],errorMessage,4
C:\Users\OOPS\Downloads\onlinebookstore-master\onlinebookstore-master\src\main\java\com\bittercode\model\StoreException.java,com.bittercode.model.StoreException,StoreException/1[java.lang.String],errorCode,1
C:\Users\OOPS\Downloads\onlinebookstore-master\onlinebookstore-master\src\main\java\com\bittercode\model\StoreException.java,com.bittercode.model.StoreException,getStatusCode/0,statusCode,1
C:\Users\OOPS\Downloads\onlinebookstore-master\onlinebookstore-master\src\main\java\com\bittercode\model\StoreException.java,com.bittercode.model.StoreException,setErrorCode/1[java.lang.String],errorCode,3
C:\Users\OOPS\Downloads\onlinebookstore-master\onlinebookstore-master\src\main\java\com\bittercode\model\StoreException.java,com.bittercode.model.StoreException,getErrorCode/0,errorCode,1
C:\Users\OOPS\Downloads\onlinebookstore-master\onlinebookstore-master\src\main\java\com\bittercode\model\StoreException.java,com.bittercode.model.StoreException,"StoreException/2[java.lang.String,java.lang.String]",errorMessage,4
C:\Users\OOPS\Downloads\onlinebookstore-master\onlinebookstore-master\src\main\java\com\bittercode\model\StoreException.java,com.bittercode.model.StoreException,"StoreException/2[java.lang.String,java.lang.String]",errorCode,1
C:\Users\OOPS\Downloads\onlinebookstore-master\onlinebookstore-master\src\main\java\com\bittercode\model\StoreException.java,com.bittercode.model.StoreException,"StoreException/2[java.lang.String,java.lang.String]",statusCode,1
C:\Users\OOPS\Downloads\onlinebookstore-master\onlinebookstore-master\src\main\java\com\bittercode\model\StoreException.java,com.bittercode.model.StoreException,"StoreException/3[int,java.lang.String,java.lang.String]",errorMessage,4
C:\Users\OOPS\Downloads\onlinebookstore-master\onlinebookstore-master\src\main\java\com\bittercode\model\StoreException.java,com.bittercode.model.StoreException,"StoreException/3[int,java.lang.String,java.lang.String]",errorCode,3
C:\Users\OOPS\Downloads\onlinebookstore-master\onlinebookstore-master\src\main\java\com\bittercode\model\StoreException.java,com.bittercode.model.StoreException,"StoreException/3[int,java.lang.String,java.lang.String]",statusCode,3
C:\Users\OOPS\Downloads\onlinebookstore-master\onlinebookstore-master\src\main\java\com\bittercode\model\StoreException.java,com.bittercode.model.StoreException,StoreException/1[com.bittercode.constant.ResponseCode],errorMessage,1
C:\Users\OOPS\Downloads\onlinebookstore-master\onlinebookstore-master\src\main\java\com\bittercode\model\StoreException.java,com.bittercode.model.StoreException,StoreException/1[com.bittercode.constant.ResponseCode],statusCode,1
C:\Users\OOPS\Downloads\onlinebookstore-master\onlinebookstore-master\src\main\java\com\bittercode\model\Book.java,com.bittercode.model.Book,setAuthor/1[java.lang.String],author,3
C:\Users\OOPS\Downloads\onlinebookstore-master\onlinebookstore-master\src\main\java\com\bittercode\model\Book.java,com.bittercode.model.Book,setQuantity/1[int],quantity,3
C:\Users\OOPS\Downloads\onlinebookstore-master\onlinebookstore-master\src\main\java\com\bittercode\model\Book.java,com.bittercode.model.Book,getQuantity/0,quantity,1
C:\Users\OOPS\Downloads\onlinebookstore-master\onlinebookstore-master\src\main\java\com\bittercode\model\Book.java,com.bittercode.model.Book,getPrice/0,price,1
C:\Users\OOPS\Downloads\onlinebookstore-master\onlinebookstore-master\src\main\java\com\bittercode\model\Book.java,com.bittercode.model.Book,getAuthor/0,author,1
C:\Users\OOPS\Downloads\onlinebookstore-master\onlinebookstore-master\src\main\java\com\bittercode\model\Book.java,com.bittercode.model.Book,getBarcode/0,barcode,1
C:\Users\OOPS\Downloads\onlinebookstore-master\onlinebookstore-master\src\main\java\com\bittercode\model\Book.java,com.bittercode.model.Book,"Book/5[java.lang.String,java.lang.String,java.lang.String,double,int]",quantity,3
C:\Users\OOPS\Downloads\onlinebookstore-master\onlinebookstore-master\src\main\java\com\bittercode\model\Book.java,com.bittercode.model.Book,"Book/5[java.lang.String,java.lang.String,java.lang.String,double,int]",author,3
C:\Users\OOPS\Downloads\onlinebookstore-master\onlinebookstore-master\src\main\java\com\bittercode\model\Book.java,com.bittercode.model.Book,"Book/5[java.lang.String,java.lang.String,java.lang.String,double,int]",price,2
C:\Users\OOPS\Downloads\onlinebookstore-master\onlinebookstore-master\src\main\java\com\bittercode\model\Book.java,com.bittercode.model.Book,"Book/5[java.lang.String,java.lang.String,java.lang.String,double,int]",name,3
C:\Users\OOPS\Downloads\onlinebookstore-master\onlinebookstore-master\src\main\java\com\bittercode\model\Book.java,com.bittercode.model.Book,"Book/5[java.lang.String,java.lang.String,java.lang.String,double,int]",barcode,3
C:\Users\OOPS\Downloads\onlinebookstore-master\onlinebookstore-master\src\main\java\com\bittercode\model\Book.java,com.bittercode.model.Book,setBarcode/1[java.lang.String],barcode,3
C:\Users\OOPS\Downloads\onlinebookstore-master\onlinebookstore-master\src\main\java\com\bittercode\model\Book.java,com.bittercode.model.Book,getName/0,name,1
C:\Users\OOPS\Downloads\onlinebookstore-master\onlinebookstore-master\src\main\java\com\bittercode\model\Book.java,com.bittercode.model.Book,setName/1[java.lang.String],name,3
C:\Users\OOPS\Downloads\onlinebookstore-master\onlinebookstore-master\src\main\java\com\bittercode\model\Book.java,com.bittercode.model.Book,setPrice/1[double],price,3
C:\Users\OOPS\Downloads\onlinebookstore-master\onlinebookstore-master\src\main\java\servlets\StoreBookServlet.java,servlets.StoreBookServlet,"service/2[servlets.HttpServletRequest,servlets.HttpServletResponse]",bookService,1
C:\Users\OOPS\Downloads\onlinebookstore-master\onlinebookstore-master\src\main\java\com\bittercode\model\Cart.java,com.bittercode.model.Cart,"Cart/2[com.bittercode.model.Book,int]",quantity,3
C:\Users\OOPS\Downloads\onlinebookstore-master\onlinebookstore-master\src\main\java\com\bittercode\model\Cart.java,com.bittercode.model.Cart,"Cart/2[com.bittercode.model.Book,int]",book,3
C:\Users\OOPS\Downloads\onlinebookstore-master\onlinebookstore-master\src\main\java\com\bittercode\model\Cart.java,com.bittercode.model.Cart,getQuantity/0,quantity,1
C:\Users\OOPS\Downloads\onlinebookstore-master\onlinebookstore-master\src\main\java\com\bittercode\model\Cart.java,com.bittercode.model.Cart,getBook/0,book,1
C:\Users\OOPS\Downloads\onlinebookstore-master\onlinebookstore-master\src\main\java\com\bittercode\model\Cart.java,com.bittercode.model.Cart,setBook/1[com.bittercode.model.Book],book,3
C:\Users\OOPS\Downloads\onlinebookstore-master\onlinebookstore-master\src\main\java\com\bittercode\model\Cart.java,com.bittercode.model.Cart,setQuantity/1[int],quantity,3
C:\Users\OOPS\Downloads\onlinebookstore-master\onlinebookstore-master\src\main\java\com\bittercode\service\impl\UserServiceImpl.java,com.bittercode.service.impl.UserServiceImpl,"login/4[com.bittercode.model.UserRole,java.lang.String,java.lang.String,com.bittercode.service.impl.HttpSession]",loginUserQuery,1
C:\Users\OOPS\Downloads\onlinebookstore-master\onlinebookstore-master\src\main\java\com\bittercode\service\impl\UserServiceImpl.java,com.bittercode.service.impl.UserServiceImpl,"register/2[com.bittercode.model.UserRole,com.bittercode.model.User]",registerUserQuery,1
C:\Users\OOPS\Downloads\onlinebookstore-master\onlinebookstore-master\src\main\java\servlets\AddBookServlet.java,servlets.AddBookServlet,"service/2[servlets.HttpServletRequest,servlets.HttpServletResponse]",bookService,1
C:\Users\OOPS\Downloads\onlinebookstore-master\onlinebookstore-master\src\main\java\servlets\ProcessPaymentServlet.java,servlets.ProcessPaymentServlet,"service/2[servlets.HttpServletRequest,servlets.HttpServletResponse]",bookService,1
C:\Users\OOPS\Downloads\onlinebookstore-master\onlinebookstore-master\src\main\java\servlets\CustomerLoginServlet.java,servlets.CustomerLoginServlet,"doPost/2[servlets.HttpServletRequest,servlets.HttpServletResponse]",authService,1
C:\Users\OOPS\Downloads\onlinebookstore-master\onlinebookstore-master\src\main\java\com\bittercode\constant\ResponseCode.java,com.bittercode.constant.ResponseCode,getMessage/0,message,1
C:\Users\OOPS\Downloads\onlinebookstore-master\onlinebookstore-master\src\main\java\com\bittercode\constant\ResponseCode.java,com.bittercode.constant.ResponseCode,getCode/0,code,1
C:\Users\OOPS\Downloads\onlinebookstore-master\onlinebookstore-master\src\main\java\com\bittercode\constant\ResponseCode.java,com.bittercode.constant.ResponseCode,"ResponseCode/2[int,java.lang.String]",code,3
C:\Users\OOPS\Downloads\onlinebookstore-master\onlinebookstore-master\src\main\java\com\bittercode\constant\ResponseCode.java,com.bittercode.constant.ResponseCode,"ResponseCode/2[int,java.lang.String]",message,3
C:\Users\OOPS\Downloads\onlinebookstore-master\onlinebookstore-master\src\main\java\servlets\LogoutServlet.java,servlets.LogoutServlet,"doGet/2[servlets.HttpServletRequest,servlets.HttpServletResponse]",authService,1
C:\Users\OOPS\Downloads\onlinebookstore-master\onlinebookstore-master\src\main\java\servlets\ReceiptServlet.java,servlets.ReceiptServlet,"service/2[servlets.HttpServletRequest,servlets.HttpServletResponse]",bookService,2
C:\Users\OOPS\Downloads\onlinebookstore-master\onlinebookstore-master\src\main\java\servlets\BuyBooksServlet.java,servlets.BuyBooksServlet,"doPost/2[servlets.HttpServletRequest,servlets.HttpServletResponse]",bookService,1
C:\Users\OOPS\Downloads\onlinebookstore-master\onlinebookstore-master\src\main\java\servlets\CartServlet.java,servlets.CartServlet,"service/2[servlets.HttpServletRequest,servlets.HttpServletResponse]",bookService,1
C:\Users\OOPS\Downloads\onlinebookstore-master\onlinebookstore-master\src\main\java\servlets\CustomerRegisterServlet.java,servlets.CustomerRegisterServlet,"service/2[servlets.HttpServletRequest,servlets.HttpServletResponse]",userService,1
