file,class,method,constructor,line,cbo,cboModified,fanin,fanout,wmc,rfc,loc,returnsQty,variablesQty,parametersQty,methodsInvokedQty,methodsInvokedLocalQty,methodsInvokedIndirectLocalQty,loopQty,comparisonsQty,tryCatchQty,parenthesizedExpsQty,stringLiteralsQty,numbersQty,assignmentsQty,mathOperationsQty,maxNestedBlocksQty,anonymousClassesQty,innerClassesQty,lambdasQty,uniqueWordsQty,modifiers,logStatementsQty,hasJavaDoc
C:\Users\OOPS\Downloads\onlinebookstore-master\onlinebookstore-master\src\main\java\com\bittercode\model\User.java,com.bittercode.model.User,setLastName/1[java.lang.String],FALSE,44,0,2,2,0,1,0,3,0,0,1,0,0,0,0,0,0,0,0,0,1,0,0,0,0,0,4,1,0,FALSE
C:\Users\OOPS\Downloads\onlinebookstore-master\onlinebookstore-master\src\main\java\com\bittercode\model\User.java,com.bittercode.model.User,setPhone/1[java.lang.Long],FALSE,52,0,2,2,0,1,0,3,0,0,1,0,0,0,0,0,0,0,0,0,1,0,0,0,0,0,4,1,0,FALSE
C:\Users\OOPS\Downloads\onlinebookstore-master\onlinebookstore-master\src\main\java\com\bittercode\model\User.java,com.bittercode.model.User,setRoles/1[java.util.List<com.bittercode.model.UserRole>],FALSE,68,1,0,0,0,1,0,3,0,0,1,0,0,0,0,0,0,0,0,0,1,0,0,0,0,0,3,1,0,FALSE
C:\Users\OOPS\Downloads\onlinebookstore-master\onlinebookstore-master\src\main\java\com\bittercode\model\User.java,com.bittercode.model.User,getPassword/0,FALSE,24,0,1,1,0,1,0,3,1,0,0,0,0,0,0,0,0,0,0,0,0,0,0,0,0,0,3,1,0,FALSE
C:\Users\OOPS\Downloads\onlinebookstore-master\onlinebookstore-master\src\main\java\com\bittercode\model\User.java,com.bittercode.model.User,getFirstName/0,FALSE,32,0,3,3,0,1,0,3,1,0,0,0,0,0,0,0,0,0,0,0,0,0,0,0,0,0,4,1,0,FALSE
C:\Users\OOPS\Downloads\onlinebookstore-master\onlinebookstore-master\src\main\java\com\bittercode\model\User.java,com.bittercode.model.User,setAddress/1[java.lang.String],FALSE,60,0,1,1,0,1,0,3,0,0,1,0,0,0,0,0,0,0,0,0,1,0,0,0,0,0,3,1,0,FALSE
C:\Users\OOPS\Downloads\onlinebookstore-master\onlinebookstore-master\src\main\java\com\bittercode\model\User.java,com.bittercode.model.User,setFirstName/1[java.lang.String],FALSE,36,0,2,2,0,1,0,3,0,0,1,0,0,0,0,0,0,0,0,0,1,0,0,0,0,0,4,1,0,FALSE
C:\Users\OOPS\Downloads\onlinebookstore-master\onlinebookstore-master\src\main\java\com\bittercode\model\User.java,com.bittercode.model.User,getEmailId/0,FALSE,16,0,2,2,0,1,0,3,1,0,0,0,0,0,0,0,0,0,0,0,0,0,0,0,0,0,4,1,0,FALSE
C:\Users\OOPS\Downloads\onlinebookstore-master\onlinebookstore-master\src\main\java\com\bittercode\model\User.java,com.bittercode.model.User,setPassword/1[java.lang.String],FALSE,28,0,2,2,0,1,0,3,0,0,1,0,0,0,0,0,0,0,0,0,1,0,0,0,0,0,3,1,0,FALSE
C:\Users\OOPS\Downloads\onlinebookstore-master\onlinebookstore-master\src\main\java\com\bittercode\model\User.java,com.bittercode.model.User,getPhone/0,FALSE,48,0,1,1,0,1,0,3,1,0,0,0,0,0,0,0,0,0,0,0,0,0,0,0,0,0,4,1,0,FALSE
C:\Users\OOPS\Downloads\onlinebookstore-master\onlinebookstore-master\src\main\java\com\bittercode\model\User.java,com.bittercode.model.User,getAddress/0,FALSE,56,0,1,1,0,1,0,3,1,0,0,0,0,0,0,0,0,0,0,0,0,0,0,0,0,0,3,1,0,FALSE
C:\Users\OOPS\Downloads\onlinebookstore-master\onlinebookstore-master\src\main\java\com\bittercode\model\User.java,com.bittercode.model.User,getLastName/0,FALSE,40,0,1,1,0,1,0,3,1,0,0,0,0,0,0,0,0,0,0,0,0,0,0,0,0,0,4,1,0,FALSE
C:\Users\OOPS\Downloads\onlinebookstore-master\onlinebookstore-master\src\main\java\com\bittercode\model\User.java,com.bittercode.model.User,getRoles/0,FALSE,64,1,0,0,0,1,0,3,1,0,0,0,0,0,0,0,0,0,0,0,0,0,0,0,0,0,3,1,0,FALSE
C:\Users\OOPS\Downloads\onlinebookstore-master\onlinebookstore-master\src\main\java\com\bittercode\model\User.java,com.bittercode.model.User,setEmailId/1[java.lang.String],FALSE,20,0,2,2,0,1,0,3,0,0,1,0,0,0,0,0,0,0,0,0,1,0,0,0,0,0,4,1,0,FALSE
C:\Users\OOPS\Downloads\onlinebookstore-master\onlinebookstore-master\src\main\java\com\bittercode\service\UserService.java,com.bittercode.service.UserService,"login/4[com.bittercode.model.UserRole,java.lang.String,java.lang.String,com.bittercode.service.HttpSession]",FALSE,11,3,2,2,0,1,0,1,0,0,4,0,0,0,0,0,0,0,0,0,0,0,0,0,0,0,6,1,0,FALSE
C:\Users\OOPS\Downloads\onlinebookstore-master\onlinebookstore-master\src\main\java\com\bittercode\service\UserService.java,com.bittercode.service.UserService,"register/2[com.bittercode.model.UserRole,com.bittercode.model.User]",FALSE,13,2,1,1,0,1,0,1,0,0,2,0,0,0,0,0,0,0,0,0,0,0,0,0,0,0,6,1,0,FALSE
C:\Users\OOPS\Downloads\onlinebookstore-master\onlinebookstore-master\src\main\java\com\bittercode\service\UserService.java,com.bittercode.service.UserService,"isLoggedIn/2[com.bittercode.model.UserRole,com.bittercode.service.HttpSession]",FALSE,15,2,0,0,0,1,0,1,0,0,2,0,0,0,0,0,0,0,0,0,0,0,0,0,0,0,6,1,0,FALSE
C:\Users\OOPS\Downloads\onlinebookstore-master\onlinebookstore-master\src\main\java\com\bittercode\service\UserService.java,com.bittercode.service.UserService,logout/1[com.bittercode.service.HttpSession],FALSE,17,1,1,1,0,1,0,1,0,0,1,0,0,0,0,0,0,0,0,0,0,0,0,0,0,0,4,1,0,FALSE
C:\Users\OOPS\Downloads\onlinebookstore-master\onlinebookstore-master\src\main\java\servlets\SellerLoginServlet.java,servlets.SellerLoginServlet,"doPost/2[servlets.HttpServletRequest,servlets.HttpServletResponse]",FALSE,23,5,2,0,2,3,10,22,0,6,2,10,0,0,0,1,1,0,11,0,6,2,2,0,0,0,34,1,0,FALSE
C:\Users\OOPS\Downloads\onlinebookstore-master\onlinebookstore-master\src\main\java\servlets\UpdateBookServlet.java,servlets.UpdateBookServlet,"showUpdateBookForm/2[java.io.PrintWriter,com.bittercode.model.Book]",FALSE,74,1,6,1,5,1,6,4,0,1,2,6,0,0,0,0,0,0,19,0,1,2,0,0,0,0,31,10,0,FALSE
C:\Users\OOPS\Downloads\onlinebookstore-master\onlinebookstore-master\src\main\java\servlets\UpdateBookServlet.java,servlets.UpdateBookServlet,"service/2[servlets.HttpServletRequest,servlets.HttpServletResponse]",FALSE,24,7,6,0,6,6,17,41,2,12,2,17,1,1,0,2,1,0,10,0,12,0,3,0,0,0,41,1,0,FALSE
C:\Users\OOPS\Downloads\onlinebookstore-master\onlinebookstore-master\src\main\java\servlets\CheckoutServlet.java,servlets.CheckoutServlet,"doPost/2[servlets.HttpServletRequest,servlets.HttpServletResponse]",FALSE,17,4,2,0,2,3,11,21,1,3,2,11,0,0,0,0,1,0,13,0,3,3,1,0,0,0,29,1,0,FALSE
C:\Users\OOPS\Downloads\onlinebookstore-master\onlinebookstore-master\src\main\java\servlets\RemoveBookServlet.java,servlets.RemoveBookServlet,showRemoveBookForm/1[java.io.PrintWriter],FALSE,62,0,1,1,0,1,1,4,0,1,1,1,0,0,0,0,0,0,12,0,1,1,0,0,0,0,26,10,0,FALSE
C:\Users\OOPS\Downloads\onlinebookstore-master\onlinebookstore-master\src\main\java\servlets\RemoveBookServlet.java,servlets.RemoveBookServlet,"service/2[servlets.HttpServletRequest,servlets.HttpServletResponse]",FALSE,22,6,4,0,4,6,16,35,2,5,2,16,1,1,0,1,1,0,13,0,5,0,2,0,0,0,42,1,0,FALSE
C:\Users\OOPS\Downloads\onlinebookstore-master\onlinebookstore-master\src\main\java\com\bittercode\service\BookService.java,com.bittercode.service.BookService,addBook/1[com.bittercode.model.Book],FALSE,18,1,1,1,0,1,0,1,0,0,1,0,0,0,0,0,0,0,0,0,0,0,0,0,0,0,5,1,0,FALSE
C:\Users\OOPS\Downloads\onlinebookstore-master\onlinebookstore-master\src\main\java\com\bittercode\service\BookService.java,com.bittercode.service.BookService,updateBook/1[com.bittercode.model.Book],FALSE,22,1,1,1,0,1,0,1,0,0,1,0,0,0,0,0,0,0,0,0,0,0,0,0,0,0,5,1,0,FALSE
C:\Users\OOPS\Downloads\onlinebookstore-master\onlinebookstore-master\src\main\java\com\bittercode\service\BookService.java,com.bittercode.service.BookService,getAllBooks/0,FALSE,12,1,4,4,0,1,0,1,0,0,0,0,0,0,0,0,0,0,0,0,0,0,0,0,0,0,5,1,0,FALSE
C:\Users\OOPS\Downloads\onlinebookstore-master\onlinebookstore-master\src\main\java\com\bittercode\service\BookService.java,com.bittercode.service.BookService,deleteBookById/1[java.lang.String],FALSE,16,0,1,1,0,1,0,1,0,0,1,0,0,0,0,0,0,0,0,0,0,0,0,0,0,0,7,1,0,FALSE
C:\Users\OOPS\Downloads\onlinebookstore-master\onlinebookstore-master\src\main\java\com\bittercode\service\BookService.java,com.bittercode.service.BookService,"updateBookQtyById/2[java.lang.String,int]",FALSE,20,0,2,2,0,1,0,1,0,0,2,0,0,0,0,0,0,0,0,0,0,0,0,0,0,0,8,1,0,FALSE
C:\Users\OOPS\Downloads\onlinebookstore-master\onlinebookstore-master\src\main\java\com\bittercode\service\BookService.java,com.bittercode.service.BookService,getBookById/1[java.lang.String],FALSE,10,1,1,1,0,1,0,1,0,0,1,0,0,0,0,0,0,0,0,0,0,0,0,0,0,0,7,1,0,FALSE
C:\Users\OOPS\Downloads\onlinebookstore-master\onlinebookstore-master\src\main\java\com\bittercode\service\BookService.java,com.bittercode.service.BookService,getBooksByCommaSeperatedBookIds/1[java.lang.String],FALSE,14,1,1,1,0,1,0,1,0,0,1,0,0,0,0,0,0,0,0,0,0,0,0,0,0,0,10,1,0,FALSE
C:\Users\OOPS\Downloads\onlinebookstore-master\onlinebookstore-master\src\main\java\com\bittercode\service\impl\BookServiceImpl.java,com.bittercode.service.impl.BookServiceImpl,getBooksByCommaSeperatedBookIds/1[java.lang.String],FALSE,147,2,2,0,2,3,7,21,1,11,1,7,0,0,1,0,1,0,4,5,11,1,2,0,0,0,40,1,0,FALSE
C:\Users\OOPS\Downloads\onlinebookstore-master\onlinebookstore-master\src\main\java\com\bittercode\service\impl\BookServiceImpl.java,com.bittercode.service.impl.BookServiceImpl,"updateBookQtyById/2[java.lang.String,int]",FALSE,130,1,1,0,1,2,8,16,1,3,2,8,0,0,0,0,1,0,1,2,5,1,1,0,0,0,17,1,0,FALSE
C:\Users\OOPS\Downloads\onlinebookstore-master\onlinebookstore-master\src\main\java\com\bittercode\service\impl\BookServiceImpl.java,com.bittercode.service.impl.BookServiceImpl,updateBook/1[com.bittercode.model.Book],FALSE,174,2,6,0,6,2,14,19,1,3,1,14,0,0,0,0,1,0,1,5,5,1,1,0,0,0,16,1,0,FALSE
C:\Users\OOPS\Downloads\onlinebookstore-master\onlinebookstore-master\src\main\java\com\bittercode\service\impl\BookServiceImpl.java,com.bittercode.service.impl.BookServiceImpl,addBook/1[com.bittercode.model.Book],FALSE,108,2,6,0,6,3,14,21,1,4,1,14,0,0,0,1,1,0,1,6,6,1,2,0,0,0,15,1,0,FALSE
C:\Users\OOPS\Downloads\onlinebookstore-master\onlinebookstore-master\src\main\java\com\bittercode\service\impl\BookServiceImpl.java,com.bittercode.service.impl.BookServiceImpl,getBookById/1[java.lang.String],FALSE,41,2,2,0,2,3,7,20,1,9,1,7,0,0,1,0,1,0,0,6,10,0,2,0,0,0,27,1,0,FALSE
C:\Users\OOPS\Downloads\onlinebookstore-master\onlinebookstore-master\src\main\java\com\bittercode\service\impl\BookServiceImpl.java,com.bittercode.service.impl.BookServiceImpl,deleteBookById/1[java.lang.String],FALSE,90,1,1,0,1,3,7,17,1,4,1,7,0,0,0,1,1,0,1,2,6,1,2,0,0,0,16,1,0,FALSE
C:\Users\OOPS\Downloads\onlinebookstore-master\onlinebookstore-master\src\main\java\com\bittercode\service\impl\BookServiceImpl.java,com.bittercode.service.impl.BookServiceImpl,getAllBooks/0,FALSE,65,2,2,0,2,3,7,20,1,10,0,7,0,0,1,0,1,0,0,5,10,0,2,0,0,0,27,1,0,FALSE
C:\Users\OOPS\Downloads\onlinebookstore-master\onlinebookstore-master\src\main\java\com\bittercode\model\Address.java,com.bittercode.model.Address,setAddressLine1/1[java.lang.String],FALSE,19,0,0,0,0,1,0,3,0,0,1,0,0,0,0,0,0,0,0,0,1,0,0,0,0,0,4,1,0,FALSE
C:\Users\OOPS\Downloads\onlinebookstore-master\onlinebookstore-master\src\main\java\com\bittercode\model\Address.java,com.bittercode.model.Address,setAddressLine2/1[java.lang.String],FALSE,27,0,0,0,0,1,0,3,0,0,1,0,0,0,0,0,0,0,0,0,1,0,0,0,0,0,4,1,0,FALSE
C:\Users\OOPS\Downloads\onlinebookstore-master\onlinebookstore-master\src\main\java\com\bittercode\model\Address.java,com.bittercode.model.Address,getCity/0,FALSE,31,0,0,0,0,1,0,3,1,0,0,0,0,0,0,0,0,0,0,0,0,0,0,0,0,0,3,1,0,FALSE
C:\Users\OOPS\Downloads\onlinebookstore-master\onlinebookstore-master\src\main\java\com\bittercode\model\Address.java,com.bittercode.model.Address,setCity/1[java.lang.String],FALSE,35,0,0,0,0,1,0,3,0,0,1,0,0,0,0,0,0,0,0,0,1,0,0,0,0,0,3,1,0,FALSE
C:\Users\OOPS\Downloads\onlinebookstore-master\onlinebookstore-master\src\main\java\com\bittercode\model\Address.java,com.bittercode.model.Address,getState/0,FALSE,39,0,0,0,0,1,0,3,1,0,0,0,0,0,0,0,0,0,0,0,0,0,0,0,0,0,3,1,0,FALSE
C:\Users\OOPS\Downloads\onlinebookstore-master\onlinebookstore-master\src\main\java\com\bittercode\model\Address.java,com.bittercode.model.Address,getPhone/0,FALSE,63,0,0,0,0,1,0,3,1,0,0,0,0,0,0,0,0,0,0,0,0,0,0,0,0,0,3,1,0,FALSE
C:\Users\OOPS\Downloads\onlinebookstore-master\onlinebookstore-master\src\main\java\com\bittercode\model\Address.java,com.bittercode.model.Address,setPhone/1[java.lang.String],FALSE,67,0,0,0,0,1,0,3,0,0,1,0,0,0,0,0,0,0,0,0,1,0,0,0,0,0,3,1,0,FALSE
C:\Users\OOPS\Downloads\onlinebookstore-master\onlinebookstore-master\src\main\java\com\bittercode\model\Address.java,com.bittercode.model.Address,setState/1[java.lang.String],FALSE,43,0,0,0,0,1,0,3,0,0,1,0,0,0,0,0,0,0,0,0,1,0,0,0,0,0,3,1,0,FALSE
C:\Users\OOPS\Downloads\onlinebookstore-master\onlinebookstore-master\src\main\java\com\bittercode\model\Address.java,com.bittercode.model.Address,getCountry/0,FALSE,47,0,0,0,0,1,0,3,1,0,0,0,0,0,0,0,0,0,0,0,0,0,0,0,0,0,3,1,0,FALSE
C:\Users\OOPS\Downloads\onlinebookstore-master\onlinebookstore-master\src\main\java\com\bittercode\model\Address.java,com.bittercode.model.Address,setPinCode/1[long],FALSE,59,0,0,0,0,1,0,3,0,0,1,0,0,0,0,0,0,0,0,0,1,0,0,0,0,0,4,1,0,FALSE
C:\Users\OOPS\Downloads\onlinebookstore-master\onlinebookstore-master\src\main\java\com\bittercode\model\Address.java,com.bittercode.model.Address,getAddressLine1/0,FALSE,15,0,0,0,0,1,0,3,1,0,0,0,0,0,0,0,0,0,0,0,0,0,0,0,0,0,4,1,0,FALSE
C:\Users\OOPS\Downloads\onlinebookstore-master\onlinebookstore-master\src\main\java\com\bittercode\model\Address.java,com.bittercode.model.Address,getPinCode/0,FALSE,55,0,0,0,0,1,0,3,1,0,0,0,0,0,0,0,0,0,0,0,0,0,0,0,0,0,4,1,0,FALSE
C:\Users\OOPS\Downloads\onlinebookstore-master\onlinebookstore-master\src\main\java\com\bittercode\model\Address.java,com.bittercode.model.Address,getAddressLine2/0,FALSE,23,0,0,0,0,1,0,3,1,0,0,0,0,0,0,0,0,0,0,0,0,0,0,0,0,0,4,1,0,FALSE
C:\Users\OOPS\Downloads\onlinebookstore-master\onlinebookstore-master\src\main\java\com\bittercode\model\Address.java,com.bittercode.model.Address,setCountry/1[java.lang.String],FALSE,51,0,0,0,0,1,0,3,0,0,1,0,0,0,0,0,0,0,0,0,1,0,0,0,0,0,3,1,0,FALSE
C:\Users\OOPS\Downloads\onlinebookstore-master\onlinebookstore-master\src\main\java\servlets\ViewBookServlet.java,servlets.ViewBookServlet,"service/2[servlets.HttpServletRequest,servlets.HttpServletResponse]",FALSE,25,8,5,0,5,4,13,27,1,5,2,13,1,1,1,0,1,0,15,0,5,3,2,0,0,0,38,1,0,FALSE
C:\Users\OOPS\Downloads\onlinebookstore-master\onlinebookstore-master\src\main\java\servlets\ViewBookServlet.java,servlets.ViewBookServlet,"addBookToCard/2[servlets.HttpSession,com.bittercode.model.Book]",FALSE,78,2,6,1,5,5,6,16,1,4,2,6,0,0,0,2,0,2,47,4,7,9,1,0,0,0,40,1,0,FALSE
C:\Users\OOPS\Downloads\onlinebookstore-master\onlinebookstore-master\src\main\java\com\bittercode\util\DBUtil.java,com.bittercode.util.DBUtil,getConnection/0,FALSE,30,1,10,9,1,2,0,6,1,0,0,0,0,0,0,1,0,0,0,0,0,0,1,0,0,0,6,9,0,FALSE
C:\Users\OOPS\Downloads\onlinebookstore-master\onlinebookstore-master\src\main\java\com\bittercode\util\DBUtil.java,com.bittercode.util.DBUtil,(initializer 1),FALSE,14,0,0,0,0,2,3,9,0,0,0,3,0,0,0,0,1,0,0,0,1,0,1,0,0,0,9,8,0,FALSE
C:\Users\OOPS\Downloads\onlinebookstore-master\onlinebookstore-master\src\main\java\com\bittercode\model\StoreException.java,com.bittercode.model.StoreException,setStatusCode/1[int],FALSE,61,0,1,1,0,1,0,3,0,0,1,0,0,0,0,0,0,0,0,0,1,0,0,0,0,0,4,1,0,FALSE
C:\Users\OOPS\Downloads\onlinebookstore-master\onlinebookstore-master\src\main\java\com\bittercode\model\StoreException.java,com.bittercode.model.StoreException,getErrorMessage/0,FALSE,49,0,0,0,0,1,0,3,1,0,0,0,0,0,0,0,0,0,0,0,0,0,0,0,0,0,4,1,0,FALSE
C:\Users\OOPS\Downloads\onlinebookstore-master\onlinebookstore-master\src\main\java\com\bittercode\model\StoreException.java,com.bittercode.model.StoreException,setErrorMessage/1[java.lang.String],FALSE,53,0,0,0,0,1,0,3,0,0,1,0,0,0,0,0,0,0,0,0,1,0,0,0,0,0,4,1,0,FALSE
C:\Users\OOPS\Downloads\onlinebookstore-master\onlinebookstore-master\src\main\java\com\bittercode\model\StoreException.java,com.bittercode.model.StoreException,StoreException/1[java.lang.String],TRUE,13,1,1,0,1,1,1,6,0,0,1,1,1,1,0,0,0,0,1,1,2,0,0,0,0,0,4,1,0,FALSE
C:\Users\OOPS\Downloads\onlinebookstore-master\onlinebookstore-master\src\main\java\com\bittercode\model\StoreException.java,com.bittercode.model.StoreException,getStatusCode/0,FALSE,57,0,1,1,0,1,0,3,1,0,0,0,0,0,0,0,0,0,0,0,0,0,0,0,0,0,4,1,0,FALSE
C:\Users\OOPS\Downloads\onlinebookstore-master\onlinebookstore-master\src\main\java\com\bittercode\model\StoreException.java,com.bittercode.model.StoreException,setErrorCode/1[java.lang.String],FALSE,45,0,1,1,0,1,0,3,0,0,1,0,0,0,0,0,0,0,0,0,1,0,0,0,0,0,4,1,0,FALSE
C:\Users\OOPS\Downloads\onlinebookstore-master\onlinebookstore-master\src\main\java\com\bittercode\model\StoreException.java,com.bittercode.model.StoreException,getErrorCode/0,FALSE,41,0,1,1,0,1,0,3,1,0,0,0,0,0,0,0,0,0,0,0,0,0,0,0,0,0,4,1,0,FALSE
C:\Users\OOPS\Downloads\onlinebookstore-master\onlinebookstore-master\src\main\java\com\bittercode\model\StoreException.java,com.bittercode.model.StoreException,"StoreException/2[java.lang.String,java.lang.String]",TRUE,27,0,0,0,0,1,0,6,0,0,2,0,0,0,0,0,0,0,0,1,3,0,0,0,0,0,6,1,0,FALSE
C:\Users\OOPS\Downloads\onlinebookstore-master\onlinebookstore-master\src\main\java\com\bittercode\model\StoreException.java,com.bittercode.model.StoreException,"StoreException/3[int,java.lang.String,java.lang.String]",TRUE,34,0,0,0,0,1,0,6,0,0,3,0,0,0,0,0,0,0,0,0,3,0,0,0,0,0,6,1,0,FALSE
C:\Users\OOPS\Downloads\onlinebookstore-master\onlinebookstore-master\src\main\java\com\bittercode\model\StoreException.java,com.bittercode.model.StoreException,StoreException/1[com.bittercode.constant.ResponseCode],TRUE,20,2,4,1,3,1,4,6,0,0,1,4,1,1,0,0,0,0,0,0,2,0,0,0,0,0,6,1,0,FALSE
C:\Users\OOPS\Downloads\onlinebookstore-master\onlinebookstore-master\src\main\java\com\bittercode\model\Book.java,com.bittercode.model.Book,setAuthor/1[java.lang.String],FALSE,45,0,0,0,0,1,0,3,0,0,1,0,0,0,0,0,0,0,0,0,1,0,0,0,0,0,3,1,0,FALSE
C:\Users\OOPS\Downloads\onlinebookstore-master\onlinebookstore-master\src\main\java\com\bittercode\model\Book.java,com.bittercode.model.Book,setQuantity/1[int],FALSE,53,0,0,0,0,1,0,3,0,0,1,0,0,0,0,0,0,0,0,0,1,0,0,0,0,0,3,1,0,FALSE
C:\Users\OOPS\Downloads\onlinebookstore-master\onlinebookstore-master\src\main\java\com\bittercode\model\Book.java,com.bittercode.model.Book,getQuantity/0,FALSE,49,0,8,8,0,1,0,3,1,0,0,0,0,0,0,0,0,0,0,0,0,0,0,0,0,0,3,1,0,FALSE
C:\Users\OOPS\Downloads\onlinebookstore-master\onlinebookstore-master\src\main\java\com\bittercode\model\Book.java,com.bittercode.model.Book,getPrice/0,FALSE,57,0,10,10,0,1,0,3,1,0,0,0,0,0,0,0,0,0,0,0,0,0,0,0,0,0,3,1,0,FALSE
C:\Users\OOPS\Downloads\onlinebookstore-master\onlinebookstore-master\src\main\java\com\bittercode\model\Book.java,com.bittercode.model.Book,getAuthor/0,FALSE,41,0,9,9,0,1,0,3,1,0,0,0,0,0,0,0,0,0,0,0,0,0,0,0,0,0,3,1,0,FALSE
C:\Users\OOPS\Downloads\onlinebookstore-master\onlinebookstore-master\src\main\java\com\bittercode\model\Book.java,com.bittercode.model.Book,getBarcode/0,FALSE,25,0,10,10,0,1,0,3,1,0,0,0,0,0,0,0,0,0,0,0,0,0,0,0,0,0,3,1,0,FALSE
C:\Users\OOPS\Downloads\onlinebookstore-master\onlinebookstore-master\src\main\java\com\bittercode\model\Book.java,com.bittercode.model.Book,"Book/5[java.lang.String,java.lang.String,java.lang.String,double,int]",TRUE,13,1,6,5,1,1,1,7,0,0,5,1,1,1,0,0,0,0,0,0,4,0,0,0,0,0,6,1,0,FALSE
C:\Users\OOPS\Downloads\onlinebookstore-master\onlinebookstore-master\src\main\java\com\bittercode\model\Book.java,com.bittercode.model.Book,Book/0,TRUE,21,0,0,0,0,1,0,3,0,0,0,0,0,0,0,0,0,0,0,0,0,0,0,0,0,0,1,1,0,FALSE
C:\Users\OOPS\Downloads\onlinebookstore-master\onlinebookstore-master\src\main\java\com\bittercode\model\Book.java,com.bittercode.model.Book,setBarcode/1[java.lang.String],FALSE,29,0,0,0,0,1,0,3,0,0,1,0,0,0,0,0,0,0,0,0,1,0,0,0,0,0,3,1,0,FALSE
C:\Users\OOPS\Downloads\onlinebookstore-master\onlinebookstore-master\src\main\java\com\bittercode\model\Book.java,com.bittercode.model.Book,getName/0,FALSE,33,0,9,9,0,1,0,3,1,0,0,0,0,0,0,0,0,0,0,0,0,0,0,0,0,0,3,1,0,FALSE
C:\Users\OOPS\Downloads\onlinebookstore-master\onlinebookstore-master\src\main\java\com\bittercode\model\Book.java,com.bittercode.model.Book,setName/1[java.lang.String],FALSE,37,0,0,0,0,1,0,3,0,0,1,0,0,0,0,0,0,0,0,0,1,0,0,0,0,0,3,1,0,FALSE
C:\Users\OOPS\Downloads\onlinebookstore-master\onlinebookstore-master\src\main\java\com\bittercode\model\Book.java,com.bittercode.model.Book,setPrice/1[double],FALSE,61,0,1,1,0,1,0,3,0,0,1,0,0,0,0,0,0,0,0,0,1,0,0,0,0,0,3,1,0,FALSE
C:\Users\OOPS\Downloads\onlinebookstore-master\onlinebookstore-master\src\main\java\servlets\StoreBookServlet.java,servlets.StoreBookServlet,getRowData/1[com.bittercode.model.Book],FALSE,79,1,6,1,5,1,5,3,1,0,1,5,0,0,0,0,0,0,17,0,0,2,0,0,0,0,18,1,0,FALSE
C:\Users\OOPS\Downloads\onlinebookstore-master\onlinebookstore-master\src\main\java\servlets\StoreBookServlet.java,servlets.StoreBookServlet,"service/2[servlets.HttpServletRequest,servlets.HttpServletResponse]",FALSE,24,7,4,0,4,6,12,29,1,4,2,12,1,1,1,2,1,0,24,1,4,3,2,0,0,0,43,1,0,FALSE
C:\Users\OOPS\Downloads\onlinebookstore-master\onlinebookstore-master\src\main\java\com\bittercode\model\Cart.java,com.bittercode.model.Cart,"Cart/2[com.bittercode.model.Book,int]",TRUE,10,1,1,1,0,1,0,4,0,0,2,0,0,0,0,0,0,0,0,0,2,0,0,0,0,0,4,1,0,FALSE
C:\Users\OOPS\Downloads\onlinebookstore-master\onlinebookstore-master\src\main\java\com\bittercode\model\Cart.java,com.bittercode.model.Cart,getQuantity/0,FALSE,23,0,2,2,0,1,0,3,1,0,0,0,0,0,0,0,0,0,0,0,0,0,0,0,0,0,3,1,0,FALSE
C:\Users\OOPS\Downloads\onlinebookstore-master\onlinebookstore-master\src\main\java\com\bittercode\model\Cart.java,com.bittercode.model.Cart,getBook/0,FALSE,15,1,2,2,0,1,0,3,1,0,0,0,0,0,0,0,0,0,0,0,0,0,0,0,0,0,3,1,0,FALSE
C:\Users\OOPS\Downloads\onlinebookstore-master\onlinebookstore-master\src\main\java\com\bittercode\model\Cart.java,com.bittercode.model.Cart,setBook/1[com.bittercode.model.Book],FALSE,19,1,0,0,0,1,0,3,0,0,1,0,0,0,0,0,0,0,0,0,1,0,0,0,0,0,3,1,0,FALSE
C:\Users\OOPS\Downloads\onlinebookstore-master\onlinebookstore-master\src\main\java\com\bittercode\model\Cart.java,com.bittercode.model.Cart,setQuantity/1[int],FALSE,27,0,0,0,0,1,0,3,0,0,1,0,0,0,0,0,0,0,0,0,1,0,0,0,0,0,3,1,0,FALSE
C:\Users\OOPS\Downloads\onlinebookstore-master\onlinebookstore-master\src\main\java\com\bittercode\util\DatabaseConfig.java,com.bittercode.util.DatabaseConfig,(initializer 1),FALSE,10,0,0,0,0,2,5,10,0,2,0,5,0,0,0,0,1,0,1,0,2,0,1,0,0,0,10,8,0,FALSE
C:\Users\OOPS\Downloads\onlinebookstore-master\onlinebookstore-master\src\main\java\com\bittercode\service\impl\UserServiceImpl.java,com.bittercode.service.impl.UserServiceImpl,"login/4[com.bittercode.model.UserRole,java.lang.String,java.lang.String,com.bittercode.service.impl.HttpSession]",FALSE,28,4,8,0,8,4,17,26,1,5,4,17,0,0,0,0,1,0,5,3,6,0,2,0,0,0,25,1,0,FALSE
C:\Users\OOPS\Downloads\onlinebookstore-master\onlinebookstore-master\src\main\java\com\bittercode\service\impl\UserServiceImpl.java,com.bittercode.service.impl.UserServiceImpl,"isLoggedIn/2[com.bittercode.model.UserRole,com.bittercode.service.impl.HttpSession]",FALSE,55,2,0,0,0,3,2,4,1,0,2,2,0,0,0,2,0,0,0,0,1,0,1,0,0,0,8,1,0,FALSE
C:\Users\OOPS\Downloads\onlinebookstore-master\onlinebookstore-master\src\main\java\com\bittercode\service\impl\UserServiceImpl.java,com.bittercode.service.impl.UserServiceImpl,"register/2[com.bittercode.model.UserRole,com.bittercode.model.User]",FALSE,70,3,7,0,7,5,17,27,1,5,2,17,0,0,0,1,1,0,3,11,8,1,2,0,0,0,22,1,0,FALSE
C:\Users\OOPS\Downloads\onlinebookstore-master\onlinebookstore-master\src\main\java\com\bittercode\service\impl\UserServiceImpl.java,com.bittercode.service.impl.UserServiceImpl,logout/1[com.bittercode.service.impl.HttpSession],FALSE,62,1,0,0,0,1,3,6,1,0,1,3,0,0,0,0,0,0,0,0,0,0,0,0,0,0,5,1,0,FALSE
C:\Users\OOPS\Downloads\onlinebookstore-master\onlinebookstore-master\src\main\java\servlets\AddBookServlet.java,servlets.AddBookServlet,showAddBookForm/1[java.io.PrintWriter],FALSE,69,0,1,1,0,1,1,4,0,1,1,1,0,0,0,0,0,0,17,0,1,1,0,0,0,0,36,10,0,FALSE
C:\Users\OOPS\Downloads\onlinebookstore-master\onlinebookstore-master\src\main\java\servlets\AddBookServlet.java,servlets.AddBookServlet,"service/2[servlets.HttpServletRequest,servlets.HttpServletResponse]",FALSE,24,7,5,0,5,6,17,38,2,11,2,17,1,1,0,1,1,0,9,0,11,0,2,0,0,0,45,1,0,FALSE
C:\Users\OOPS\Downloads\onlinebookstore-master\onlinebookstore-master\src\main\java\servlets\ProcessPaymentServlet.java,servlets.ProcessPaymentServlet,"service/2[servlets.HttpServletRequest,servlets.HttpServletResponse]",FALSE,27,9,11,0,11,5,20,41,1,12,2,20,1,1,1,1,1,0,17,0,14,4,2,0,0,0,42,1,0,FALSE
C:\Users\OOPS\Downloads\onlinebookstore-master\onlinebookstore-master\src\main\java\servlets\ProcessPaymentServlet.java,servlets.ProcessPaymentServlet,"addBookToCard/5[java.lang.String,java.lang.String,java.lang.String,double,int]",FALSE,72,0,1,1,0,1,0,4,1,1,5,0,0,0,0,0,0,0,30,0,1,2,0,0,0,0,32,1,0,FALSE
C:\Users\OOPS\Downloads\onlinebookstore-master\onlinebookstore-master\src\main\java\servlets\CustomerLoginServlet.java,servlets.CustomerLoginServlet,"doPost/2[servlets.HttpServletRequest,servlets.HttpServletResponse]",FALSE,23,5,2,0,2,3,10,22,0,6,2,10,0,0,0,1,1,0,11,0,6,2,2,0,0,0,34,1,0,FALSE
C:\Users\OOPS\Downloads\onlinebookstore-master\onlinebookstore-master\src\main\java\com\bittercode\constant\ResponseCode.java,com.bittercode.constant.ResponseCode,getMessage/0,FALSE,28,0,2,2,0,1,0,3,1,0,0,0,0,0,0,0,0,0,0,0,0,0,0,0,0,0,3,1,0,FALSE
C:\Users\OOPS\Downloads\onlinebookstore-master\onlinebookstore-master\src\main\java\com\bittercode\constant\ResponseCode.java,com.bittercode.constant.ResponseCode,getCode/0,FALSE,32,0,2,2,0,1,0,3,1,0,0,0,0,0,0,0,0,0,0,0,0,0,0,0,0,0,3,1,0,FALSE
C:\Users\OOPS\Downloads\onlinebookstore-master\onlinebookstore-master\src\main\java\com\bittercode\constant\ResponseCode.java,com.bittercode.constant.ResponseCode,getMessageByStatusCode/1[int],FALSE,37,1,3,1,2,2,5,3,1,1,1,5,1,1,0,1,0,0,0,0,0,0,0,0,0,1,7,9,0,FALSE
C:\Users\OOPS\Downloads\onlinebookstore-master\onlinebookstore-master\src\main\java\com\bittercode\constant\ResponseCode.java,com.bittercode.constant.ResponseCode,"ResponseCode/2[int,java.lang.String]",TRUE,23,0,0,0,0,1,0,4,0,0,2,0,0,0,0,0,0,0,0,0,2,0,0,0,0,0,4,0,0,FALSE
C:\Users\OOPS\Downloads\onlinebookstore-master\onlinebookstore-master\src\main\java\com\bittercode\util\StoreUtil.java,com.bittercode.util.StoreUtil,updateCartItems/1[com.bittercode.util.HttpServletRequest],FALSE,37,2,2,2,0,9,8,31,0,5,1,8,0,0,0,6,0,0,18,5,13,10,4,0,0,0,24,9,0,TRUE
C:\Users\OOPS\Downloads\onlinebookstore-master\onlinebookstore-master\src\main\java\com\bittercode\util\StoreUtil.java,com.bittercode.util.StoreUtil,"isLoggedIn/2[com.bittercode.model.UserRole,com.bittercode.util.HttpSession]",FALSE,18,2,12,12,0,2,2,3,1,0,2,2,0,0,0,1,0,0,0,0,0,0,0,0,0,0,14,9,0,TRUE
C:\Users\OOPS\Downloads\onlinebookstore-master\onlinebookstore-master\src\main\java\com\bittercode\util\StoreUtil.java,com.bittercode.util.StoreUtil,"setActiveTab/2[java.io.PrintWriter,java.lang.String]",FALSE,26,0,12,12,0,1,1,4,0,0,2,1,0,0,0,0,0,0,4,0,0,2,0,0,0,0,14,9,0,TRUE
C:\Users\OOPS\Downloads\onlinebookstore-master\onlinebookstore-master\src\main\java\servlets\LogoutServlet.java,servlets.LogoutServlet,"doGet/2[servlets.HttpServletRequest,servlets.HttpServletResponse]",FALSE,20,4,1,0,1,3,8,15,0,3,2,8,0,0,0,0,1,0,2,0,3,0,2,0,0,0,20,1,0,FALSE
C:\Users\OOPS\Downloads\onlinebookstore-master\onlinebookstore-master\src\main\java\servlets\ErrorHandlerServlet.java,servlets.ErrorHandlerServlet,"service/2[servlets.HttpServletRequest,servlets.HttpServletResponse]",FALSE,20,7,7,0,7,8,20,50,0,12,2,20,1,1,0,3,0,0,21,1,18,6,2,0,0,0,36,1,0,FALSE
C:\Users\OOPS\Downloads\onlinebookstore-master\onlinebookstore-master\src\main\java\servlets\ErrorHandlerServlet.java,servlets.ErrorHandlerServlet,"showErrorMessage/3[java.io.PrintWriter,java.lang.String,java.lang.String]",FALSE,82,0,1,1,0,1,1,3,0,0,3,1,0,0,0,0,0,0,9,0,0,2,0,0,0,0,15,2,0,FALSE
C:\Users\OOPS\Downloads\onlinebookstore-master\onlinebookstore-master\src\main\java\servlets\ReceiptServlet.java,servlets.ReceiptServlet,"service/2[servlets.HttpServletRequest,servlets.HttpServletResponse]",FALSE,24,6,9,0,9,7,21,57,1,16,2,21,0,0,1,0,2,0,34,3,19,14,4,0,0,0,53,1,0,FALSE
C:\Users\OOPS\Downloads\onlinebookstore-master\onlinebookstore-master\src\main\java\servlets\BuyBooksServlet.java,servlets.BuyBooksServlet,"doPost/2[servlets.HttpServletRequest,servlets.HttpServletResponse]",FALSE,23,6,8,0,8,4,16,41,1,12,2,16,0,0,1,0,1,0,40,2,13,13,2,0,0,0,55,1,0,FALSE
C:\Users\OOPS\Downloads\onlinebookstore-master\onlinebookstore-master\src\main\java\servlets\CartServlet.java,servlets.CartServlet,"service/2[servlets.HttpServletRequest,servlets.HttpServletResponse]",FALSE,27,9,8,0,8,9,18,46,1,10,2,18,1,1,1,3,1,1,38,4,12,9,2,0,0,0,64,1,0,FALSE
C:\Users\OOPS\Downloads\onlinebookstore-master\onlinebookstore-master\src\main\java\servlets\CartServlet.java,servlets.CartServlet,getRowData/1[com.bittercode.model.Cart],FALSE,110,2,7,1,6,1,6,4,1,1,1,6,0,0,0,0,0,1,16,0,1,3,0,0,0,0,23,1,0,FALSE
C:\Users\OOPS\Downloads\onlinebookstore-master\onlinebookstore-master\src\main\java\servlets\CustomerRegisterServlet.java,servlets.CustomerRegisterServlet,"service/2[servlets.HttpServletRequest,servlets.HttpServletResponse]",FALSE,24,5,8,0,8,3,18,35,0,11,2,18,0,0,0,0,1,0,6,0,11,1,2,0,0,0,32,1,0,FALSE
C:\Users\OOPS\Downloads\onlinebookstore-master\onlinebookstore-master\src\main\java\servlets\AboutServlet.java,servlets.AboutServlet,"service/2[servlets.HttpServletRequest,servlets.HttpServletResponse]",FALSE,17,4,2,0,2,3,8,21,0,4,2,8,0,0,0,0,0,0,11,0,4,2,1,0,0,0,26,1,0,FALSE
