file,class,method,variable,usage
C:\Users\OOPS\Downloads\onlinebookstore-master\onlinebookstore-master\src\main\java\com\bittercode\model\User.java,com.bittercode.model.User,setLastName/1[java.lang.String],lastName,2
C:\Users\OOPS\Downloads\onlinebookstore-master\onlinebookstore-master\src\main\java\com\bittercode\model\User.java,com.bittercode.model.User,setPhone/1[java.lang.Long],phone,2
C:\Users\OOPS\Downloads\onlinebookstore-master\onlinebookstore-master\src\main\java\com\bittercode\model\User.java,com.bittercode.model.User,setRoles/1[java.util.List<com.bittercode.model.UserRole>],roles,2
C:\Users\OOPS\Downloads\onlinebookstore-master\onlinebookstore-master\src\main\java\com\bittercode\model\User.java,com.bittercode.model.User,setAddress/1[java.lang.String],address,2
C:\Users\OOPS\Downloads\onlinebookstore-master\onlinebookstore-master\src\main\java\com\bittercode\model\User.java,com.bittercode.model.User,setFirstName/1[java.lang.String],firstName,2
C:\Users\OOPS\Downloads\onlinebookstore-master\onlinebookstore-master\src\main\java\com\bittercode\model\User.java,com.bittercode.model.User,setPassword/1[java.lang.String],password,2
C:\Users\OOPS\Downloads\onlinebookstore-master\onlinebookstore-master\src\main\java\com\bittercode\model\User.java,com.bittercode.model.User,setEmailId/1[java.lang.String],emailId,2
C:\Users\OOPS\Downloads\onlinebookstore-master\onlinebookstore-master\src\main\java\com\bittercode\service\UserService.java,com.bittercode.service.UserService,"login/4[com.bittercode.model.UserRole,java.lang.String,java.lang.String,com.bittercode.service.HttpSession]",password,0
C:\Users\OOPS\Downloads\onlinebookstore-master\onlinebookstore-master\src\main\java\com\bittercode\service\UserService.java,com.bittercode.service.UserService,"login/4[com.bittercode.model.UserRole,java.lang.String,java.lang.String,com.bittercode.service.HttpSession]",role,0
C:\Users\OOPS\Downloads\onlinebookstore-master\onlinebookstore-master\src\main\java\com\bittercode\service\UserService.java,com.bittercode.service.UserService,"login/4[com.bittercode.model.UserRole,java.lang.String,java.lang.String,com.bittercode.service.HttpSession]",session,0
C:\Users\OOPS\Downloads\onlinebookstore-master\onlinebookstore-master\src\main\java\com\bittercode\service\UserService.java,com.bittercode.service.UserService,"login/4[com.bittercode.model.UserRole,java.lang.String,java.lang.String,com.bittercode.service.HttpSession]",email,0
C:\Users\OOPS\Downloads\onlinebookstore-master\onlinebookstore-master\src\main\java\com\bittercode\service\UserService.java,com.bittercode.service.UserService,"register/2[com.bittercode.model.UserRole,com.bittercode.model.User]",role,0
C:\Users\OOPS\Downloads\onlinebookstore-master\onlinebookstore-master\src\main\java\com\bittercode\service\UserService.java,com.bittercode.service.UserService,"register/2[com.bittercode.model.UserRole,com.bittercode.model.User]",user,0
C:\Users\OOPS\Downloads\onlinebookstore-master\onlinebookstore-master\src\main\java\com\bittercode\service\UserService.java,com.bittercode.service.UserService,"isLoggedIn/2[com.bittercode.model.UserRole,com.bittercode.service.HttpSession]",role,0
C:\Users\OOPS\Downloads\onlinebookstore-master\onlinebookstore-master\src\main\java\com\bittercode\service\UserService.java,com.bittercode.service.UserService,"isLoggedIn/2[com.bittercode.model.UserRole,com.bittercode.service.HttpSession]",session,0
C:\Users\OOPS\Downloads\onlinebookstore-master\onlinebookstore-master\src\main\java\com\bittercode\service\UserService.java,com.bittercode.service.UserService,logout/1[com.bittercode.service.HttpSession],session,0
C:\Users\OOPS\Downloads\onlinebookstore-master\onlinebookstore-master\src\main\java\servlets\SellerLoginServlet.java,servlets.SellerLoginServlet,"doPost/2[servlets.HttpServletRequest,servlets.HttpServletResponse]",res,4
C:\Users\OOPS\Downloads\onlinebookstore-master\onlinebookstore-master\src\main\java\servlets\SellerLoginServlet.java,servlets.SellerLoginServlet,"doPost/2[servlets.HttpServletRequest,servlets.HttpServletResponse]",rd,3
C:\Users\OOPS\Downloads\onlinebookstore-master\onlinebookstore-master\src\main\java\servlets\SellerLoginServlet.java,servlets.SellerLoginServlet,"doPost/2[servlets.HttpServletRequest,servlets.HttpServletResponse]",uName,1
C:\Users\OOPS\Downloads\onlinebookstore-master\onlinebookstore-master\src\main\java\servlets\SellerLoginServlet.java,servlets.SellerLoginServlet,"doPost/2[servlets.HttpServletRequest,servlets.HttpServletResponse]",e,1
C:\Users\OOPS\Downloads\onlinebookstore-master\onlinebookstore-master\src\main\java\servlets\SellerLoginServlet.java,servlets.SellerLoginServlet,"doPost/2[servlets.HttpServletRequest,servlets.HttpServletResponse]",pw,2
C:\Users\OOPS\Downloads\onlinebookstore-master\onlinebookstore-master\src\main\java\servlets\SellerLoginServlet.java,servlets.SellerLoginServlet,"doPost/2[servlets.HttpServletRequest,servlets.HttpServletResponse]",pWord,1
C:\Users\OOPS\Downloads\onlinebookstore-master\onlinebookstore-master\src\main\java\servlets\SellerLoginServlet.java,servlets.SellerLoginServlet,"doPost/2[servlets.HttpServletRequest,servlets.HttpServletResponse]",user,2
C:\Users\OOPS\Downloads\onlinebookstore-master\onlinebookstore-master\src\main\java\servlets\SellerLoginServlet.java,servlets.SellerLoginServlet,"doPost/2[servlets.HttpServletRequest,servlets.HttpServletResponse]",req,7
C:\Users\OOPS\Downloads\onlinebookstore-master\onlinebookstore-master\src\main\java\servlets\UpdateBookServlet.java,servlets.UpdateBookServlet,"showUpdateBookForm/2[java.io.PrintWriter,com.bittercode.model.Book]",form,1
C:\Users\OOPS\Downloads\onlinebookstore-master\onlinebookstore-master\src\main\java\servlets\UpdateBookServlet.java,servlets.UpdateBookServlet,"showUpdateBookForm/2[java.io.PrintWriter,com.bittercode.model.Book]",pw,1
C:\Users\OOPS\Downloads\onlinebookstore-master\onlinebookstore-master\src\main\java\servlets\UpdateBookServlet.java,servlets.UpdateBookServlet,"showUpdateBookForm/2[java.io.PrintWriter,com.bittercode.model.Book]",book,5
C:\Users\OOPS\Downloads\onlinebookstore-master\onlinebookstore-master\src\main\java\servlets\UpdateBookServlet.java,servlets.UpdateBookServlet,"service/2[servlets.HttpServletRequest,servlets.HttpServletResponse]",res,4
C:\Users\OOPS\Downloads\onlinebookstore-master\onlinebookstore-master\src\main\java\servlets\UpdateBookServlet.java,servlets.UpdateBookServlet,"service/2[servlets.HttpServletRequest,servlets.HttpServletResponse]",bName,1
C:\Users\OOPS\Downloads\onlinebookstore-master\onlinebookstore-master\src\main\java\servlets\UpdateBookServlet.java,servlets.UpdateBookServlet,"service/2[servlets.HttpServletRequest,servlets.HttpServletResponse]",e,1
C:\Users\OOPS\Downloads\onlinebookstore-master\onlinebookstore-master\src\main\java\servlets\UpdateBookServlet.java,servlets.UpdateBookServlet,"service/2[servlets.HttpServletRequest,servlets.HttpServletResponse]",pw,7
C:\Users\OOPS\Downloads\onlinebookstore-master\onlinebookstore-master\src\main\java\servlets\UpdateBookServlet.java,servlets.UpdateBookServlet,"service/2[servlets.HttpServletRequest,servlets.HttpServletResponse]",book,3
C:\Users\OOPS\Downloads\onlinebookstore-master\onlinebookstore-master\src\main\java\servlets\UpdateBookServlet.java,servlets.UpdateBookServlet,"service/2[servlets.HttpServletRequest,servlets.HttpServletResponse]",bCode,1
C:\Users\OOPS\Downloads\onlinebookstore-master\onlinebookstore-master\src\main\java\servlets\UpdateBookServlet.java,servlets.UpdateBookServlet,"service/2[servlets.HttpServletRequest,servlets.HttpServletResponse]",message,1
C:\Users\OOPS\Downloads\onlinebookstore-master\onlinebookstore-master\src\main\java\servlets\UpdateBookServlet.java,servlets.UpdateBookServlet,"service/2[servlets.HttpServletRequest,servlets.HttpServletResponse]",bookId,2
C:\Users\OOPS\Downloads\onlinebookstore-master\onlinebookstore-master\src\main\java\servlets\UpdateBookServlet.java,servlets.UpdateBookServlet,"service/2[servlets.HttpServletRequest,servlets.HttpServletResponse]",bPrice,1
C:\Users\OOPS\Downloads\onlinebookstore-master\onlinebookstore-master\src\main\java\servlets\UpdateBookServlet.java,servlets.UpdateBookServlet,"service/2[servlets.HttpServletRequest,servlets.HttpServletResponse]",rd,3
C:\Users\OOPS\Downloads\onlinebookstore-master\onlinebookstore-master\src\main\java\servlets\UpdateBookServlet.java,servlets.UpdateBookServlet,"service/2[servlets.HttpServletRequest,servlets.HttpServletResponse]",bAuthor,1
C:\Users\OOPS\Downloads\onlinebookstore-master\onlinebookstore-master\src\main\java\servlets\UpdateBookServlet.java,servlets.UpdateBookServlet,"service/2[servlets.HttpServletRequest,servlets.HttpServletResponse]",bQty,1
C:\Users\OOPS\Downloads\onlinebookstore-master\onlinebookstore-master\src\main\java\servlets\UpdateBookServlet.java,servlets.UpdateBookServlet,"service/2[servlets.HttpServletRequest,servlets.HttpServletResponse]",req,12
C:\Users\OOPS\Downloads\onlinebookstore-master\onlinebookstore-master\src\main\java\servlets\CheckoutServlet.java,servlets.CheckoutServlet,"doPost/2[servlets.HttpServletRequest,servlets.HttpServletResponse]",res,4
C:\Users\OOPS\Downloads\onlinebookstore-master\onlinebookstore-master\src\main\java\servlets\CheckoutServlet.java,servlets.CheckoutServlet,"doPost/2[servlets.HttpServletRequest,servlets.HttpServletResponse]",rd,3
C:\Users\OOPS\Downloads\onlinebookstore-master\onlinebookstore-master\src\main\java\servlets\CheckoutServlet.java,servlets.CheckoutServlet,"doPost/2[servlets.HttpServletRequest,servlets.HttpServletResponse]",e,1
C:\Users\OOPS\Downloads\onlinebookstore-master\onlinebookstore-master\src\main\java\servlets\CheckoutServlet.java,servlets.CheckoutServlet,"doPost/2[servlets.HttpServletRequest,servlets.HttpServletResponse]",pw,5
C:\Users\OOPS\Downloads\onlinebookstore-master\onlinebookstore-master\src\main\java\servlets\CheckoutServlet.java,servlets.CheckoutServlet,"doPost/2[servlets.HttpServletRequest,servlets.HttpServletResponse]",req,6
C:\Users\OOPS\Downloads\onlinebookstore-master\onlinebookstore-master\src\main\java\servlets\RemoveBookServlet.java,servlets.RemoveBookServlet,showRemoveBookForm/1[java.io.PrintWriter],form,1
C:\Users\OOPS\Downloads\onlinebookstore-master\onlinebookstore-master\src\main\java\servlets\RemoveBookServlet.java,servlets.RemoveBookServlet,showRemoveBookForm/1[java.io.PrintWriter],pw,1
C:\Users\OOPS\Downloads\onlinebookstore-master\onlinebookstore-master\src\main\java\servlets\RemoveBookServlet.java,servlets.RemoveBookServlet,"service/2[servlets.HttpServletRequest,servlets.HttpServletResponse]",res,4
C:\Users\OOPS\Downloads\onlinebookstore-master\onlinebookstore-master\src\main\java\servlets\RemoveBookServlet.java,servlets.RemoveBookServlet,"service/2[servlets.HttpServletRequest,servlets.HttpServletResponse]",rd,3
C:\Users\OOPS\Downloads\onlinebookstore-master\onlinebookstore-master\src\main\java\servlets\RemoveBookServlet.java,servlets.RemoveBookServlet,"service/2[servlets.HttpServletRequest,servlets.HttpServletResponse]",e,1
C:\Users\OOPS\Downloads\onlinebookstore-master\onlinebookstore-master\src\main\java\servlets\RemoveBookServlet.java,servlets.RemoveBookServlet,"service/2[servlets.HttpServletRequest,servlets.HttpServletResponse]",pw,10
C:\Users\OOPS\Downloads\onlinebookstore-master\onlinebookstore-master\src\main\java\servlets\RemoveBookServlet.java,servlets.RemoveBookServlet,"service/2[servlets.HttpServletRequest,servlets.HttpServletResponse]",req,6
C:\Users\OOPS\Downloads\onlinebookstore-master\onlinebookstore-master\src\main\java\servlets\RemoveBookServlet.java,servlets.RemoveBookServlet,"service/2[servlets.HttpServletRequest,servlets.HttpServletResponse]",bookId,3
C:\Users\OOPS\Downloads\onlinebookstore-master\onlinebookstore-master\src\main\java\servlets\RemoveBookServlet.java,servlets.RemoveBookServlet,"service/2[servlets.HttpServletRequest,servlets.HttpServletResponse]",responseCode,1
C:\Users\OOPS\Downloads\onlinebookstore-master\onlinebookstore-master\src\main\java\com\bittercode\service\BookService.java,com.bittercode.service.BookService,addBook/1[com.bittercode.model.Book],book,0
C:\Users\OOPS\Downloads\onlinebookstore-master\onlinebookstore-master\src\main\java\com\bittercode\service\BookService.java,com.bittercode.service.BookService,updateBook/1[com.bittercode.model.Book],book,0
C:\Users\OOPS\Downloads\onlinebookstore-master\onlinebookstore-master\src\main\java\com\bittercode\service\BookService.java,com.bittercode.service.BookService,deleteBookById/1[java.lang.String],bookId,0
C:\Users\OOPS\Downloads\onlinebookstore-master\onlinebookstore-master\src\main\java\com\bittercode\service\BookService.java,com.bittercode.service.BookService,"updateBookQtyById/2[java.lang.String,int]",quantity,0
C:\Users\OOPS\Downloads\onlinebookstore-master\onlinebookstore-master\src\main\java\com\bittercode\service\BookService.java,com.bittercode.service.BookService,"updateBookQtyById/2[java.lang.String,int]",bookId,0
C:\Users\OOPS\Downloads\onlinebookstore-master\onlinebookstore-master\src\main\java\com\bittercode\service\BookService.java,com.bittercode.service.BookService,getBookById/1[java.lang.String],bookId,0
C:\Users\OOPS\Downloads\onlinebookstore-master\onlinebookstore-master\src\main\java\com\bittercode\service\BookService.java,com.bittercode.service.BookService,getBooksByCommaSeperatedBookIds/1[java.lang.String],commaSeperatedBookIds,0
C:\Users\OOPS\Downloads\onlinebookstore-master\onlinebookstore-master\src\main\java\com\bittercode\service\impl\BookServiceImpl.java,com.bittercode.service.impl.BookServiceImpl,getBooksByCommaSeperatedBookIds/1[java.lang.String],rs,6
C:\Users\OOPS\Downloads\onlinebookstore-master\onlinebookstore-master\src\main\java\com\bittercode\service\impl\BookServiceImpl.java,com.bittercode.service.impl.BookServiceImpl,getBooksByCommaSeperatedBookIds/1[java.lang.String],con,1
C:\Users\OOPS\Downloads\onlinebookstore-master\onlinebookstore-master\src\main\java\com\bittercode\service\impl\BookServiceImpl.java,com.bittercode.service.impl.BookServiceImpl,getBooksByCommaSeperatedBookIds/1[java.lang.String],ps,1
C:\Users\OOPS\Downloads\onlinebookstore-master\onlinebookstore-master\src\main\java\com\bittercode\service\impl\BookServiceImpl.java,com.bittercode.service.impl.BookServiceImpl,getBooksByCommaSeperatedBookIds/1[java.lang.String],bName,1
C:\Users\OOPS\Downloads\onlinebookstore-master\onlinebookstore-master\src\main\java\com\bittercode\service\impl\BookServiceImpl.java,com.bittercode.service.impl.BookServiceImpl,getBooksByCommaSeperatedBookIds/1[java.lang.String],e,0
C:\Users\OOPS\Downloads\onlinebookstore-master\onlinebookstore-master\src\main\java\com\bittercode\service\impl\BookServiceImpl.java,com.bittercode.service.impl.BookServiceImpl,getBooksByCommaSeperatedBookIds/1[java.lang.String],commaSeperatedBookIds,1
C:\Users\OOPS\Downloads\onlinebookstore-master\onlinebookstore-master\src\main\java\com\bittercode\service\impl\BookServiceImpl.java,com.bittercode.service.impl.BookServiceImpl,getBooksByCommaSeperatedBookIds/1[java.lang.String],book,1
C:\Users\OOPS\Downloads\onlinebookstore-master\onlinebookstore-master\src\main\java\com\bittercode\service\impl\BookServiceImpl.java,com.bittercode.service.impl.BookServiceImpl,getBooksByCommaSeperatedBookIds/1[java.lang.String],bCode,1
C:\Users\OOPS\Downloads\onlinebookstore-master\onlinebookstore-master\src\main\java\com\bittercode\service\impl\BookServiceImpl.java,com.bittercode.service.impl.BookServiceImpl,getBooksByCommaSeperatedBookIds/1[java.lang.String],getBooksByCommaSeperatedBookIdsQuery,1
C:\Users\OOPS\Downloads\onlinebookstore-master\onlinebookstore-master\src\main\java\com\bittercode\service\impl\BookServiceImpl.java,com.bittercode.service.impl.BookServiceImpl,getBooksByCommaSeperatedBookIds/1[java.lang.String],bPrice,1
C:\Users\OOPS\Downloads\onlinebookstore-master\onlinebookstore-master\src\main\java\com\bittercode\service\impl\BookServiceImpl.java,com.bittercode.service.impl.BookServiceImpl,getBooksByCommaSeperatedBookIds/1[java.lang.String],books,2
C:\Users\OOPS\Downloads\onlinebookstore-master\onlinebookstore-master\src\main\java\com\bittercode\service\impl\BookServiceImpl.java,com.bittercode.service.impl.BookServiceImpl,getBooksByCommaSeperatedBookIds/1[java.lang.String],bAuthor,1
C:\Users\OOPS\Downloads\onlinebookstore-master\onlinebookstore-master\src\main\java\com\bittercode\service\impl\BookServiceImpl.java,com.bittercode.service.impl.BookServiceImpl,getBooksByCommaSeperatedBookIds/1[java.lang.String],bQty,1
C:\Users\OOPS\Downloads\onlinebookstore-master\onlinebookstore-master\src\main\java\com\bittercode\service\impl\BookServiceImpl.java,com.bittercode.service.impl.BookServiceImpl,"updateBookQtyById/2[java.lang.String,int]",quantity,1
C:\Users\OOPS\Downloads\onlinebookstore-master\onlinebookstore-master\src\main\java\com\bittercode\service\impl\BookServiceImpl.java,com.bittercode.service.impl.BookServiceImpl,"updateBookQtyById/2[java.lang.String,int]",con,1
C:\Users\OOPS\Downloads\onlinebookstore-master\onlinebookstore-master\src\main\java\com\bittercode\service\impl\BookServiceImpl.java,com.bittercode.service.impl.BookServiceImpl,"updateBookQtyById/2[java.lang.String,int]",ps,3
C:\Users\OOPS\Downloads\onlinebookstore-master\onlinebookstore-master\src\main\java\com\bittercode\service\impl\BookServiceImpl.java,com.bittercode.service.impl.BookServiceImpl,"updateBookQtyById/2[java.lang.String,int]",e,2
C:\Users\OOPS\Downloads\onlinebookstore-master\onlinebookstore-master\src\main\java\com\bittercode\service\impl\BookServiceImpl.java,com.bittercode.service.impl.BookServiceImpl,"updateBookQtyById/2[java.lang.String,int]",bookId,1
C:\Users\OOPS\Downloads\onlinebookstore-master\onlinebookstore-master\src\main\java\com\bittercode\service\impl\BookServiceImpl.java,com.bittercode.service.impl.BookServiceImpl,"updateBookQtyById/2[java.lang.String,int]",responseCode,3
C:\Users\OOPS\Downloads\onlinebookstore-master\onlinebookstore-master\src\main\java\com\bittercode\service\impl\BookServiceImpl.java,com.bittercode.service.impl.BookServiceImpl,updateBook/1[com.bittercode.model.Book],con,1
C:\Users\OOPS\Downloads\onlinebookstore-master\onlinebookstore-master\src\main\java\com\bittercode\service\impl\BookServiceImpl.java,com.bittercode.service.impl.BookServiceImpl,updateBook/1[com.bittercode.model.Book],ps,6
C:\Users\OOPS\Downloads\onlinebookstore-master\onlinebookstore-master\src\main\java\com\bittercode\service\impl\BookServiceImpl.java,com.bittercode.service.impl.BookServiceImpl,updateBook/1[com.bittercode.model.Book],e,2
C:\Users\OOPS\Downloads\onlinebookstore-master\onlinebookstore-master\src\main\java\com\bittercode\service\impl\BookServiceImpl.java,com.bittercode.service.impl.BookServiceImpl,updateBook/1[com.bittercode.model.Book],book,5
C:\Users\OOPS\Downloads\onlinebookstore-master\onlinebookstore-master\src\main\java\com\bittercode\service\impl\BookServiceImpl.java,com.bittercode.service.impl.BookServiceImpl,updateBook/1[com.bittercode.model.Book],responseCode,3
C:\Users\OOPS\Downloads\onlinebookstore-master\onlinebookstore-master\src\main\java\com\bittercode\service\impl\BookServiceImpl.java,com.bittercode.service.impl.BookServiceImpl,addBook/1[com.bittercode.model.Book],con,1
C:\Users\OOPS\Downloads\onlinebookstore-master\onlinebookstore-master\src\main\java\com\bittercode\service\impl\BookServiceImpl.java,com.bittercode.service.impl.BookServiceImpl,addBook/1[com.bittercode.model.Book],ps,6
C:\Users\OOPS\Downloads\onlinebookstore-master\onlinebookstore-master\src\main\java\com\bittercode\service\impl\BookServiceImpl.java,com.bittercode.service.impl.BookServiceImpl,addBook/1[com.bittercode.model.Book],e,2
C:\Users\OOPS\Downloads\onlinebookstore-master\onlinebookstore-master\src\main\java\com\bittercode\service\impl\BookServiceImpl.java,com.bittercode.service.impl.BookServiceImpl,addBook/1[com.bittercode.model.Book],book,5
C:\Users\OOPS\Downloads\onlinebookstore-master\onlinebookstore-master\src\main\java\com\bittercode\service\impl\BookServiceImpl.java,com.bittercode.service.impl.BookServiceImpl,addBook/1[com.bittercode.model.Book],k,1
C:\Users\OOPS\Downloads\onlinebookstore-master\onlinebookstore-master\src\main\java\com\bittercode\service\impl\BookServiceImpl.java,com.bittercode.service.impl.BookServiceImpl,addBook/1[com.bittercode.model.Book],responseCode,3
C:\Users\OOPS\Downloads\onlinebookstore-master\onlinebookstore-master\src\main\java\com\bittercode\service\impl\BookServiceImpl.java,com.bittercode.service.impl.BookServiceImpl,getBookById/1[java.lang.String],bPrice,1
C:\Users\OOPS\Downloads\onlinebookstore-master\onlinebookstore-master\src\main\java\com\bittercode\service\impl\BookServiceImpl.java,com.bittercode.service.impl.BookServiceImpl,getBookById/1[java.lang.String],rs,6
C:\Users\OOPS\Downloads\onlinebookstore-master\onlinebookstore-master\src\main\java\com\bittercode\service\impl\BookServiceImpl.java,com.bittercode.service.impl.BookServiceImpl,getBookById/1[java.lang.String],con,1
C:\Users\OOPS\Downloads\onlinebookstore-master\onlinebookstore-master\src\main\java\com\bittercode\service\impl\BookServiceImpl.java,com.bittercode.service.impl.BookServiceImpl,getBookById/1[java.lang.String],ps,2
C:\Users\OOPS\Downloads\onlinebookstore-master\onlinebookstore-master\src\main\java\com\bittercode\service\impl\BookServiceImpl.java,com.bittercode.service.impl.BookServiceImpl,getBookById/1[java.lang.String],bName,1
C:\Users\OOPS\Downloads\onlinebookstore-master\onlinebookstore-master\src\main\java\com\bittercode\service\impl\BookServiceImpl.java,com.bittercode.service.impl.BookServiceImpl,getBookById/1[java.lang.String],e,0
C:\Users\OOPS\Downloads\onlinebookstore-master\onlinebookstore-master\src\main\java\com\bittercode\service\impl\BookServiceImpl.java,com.bittercode.service.impl.BookServiceImpl,getBookById/1[java.lang.String],book,2
C:\Users\OOPS\Downloads\onlinebookstore-master\onlinebookstore-master\src\main\java\com\bittercode\service\impl\BookServiceImpl.java,com.bittercode.service.impl.BookServiceImpl,getBookById/1[java.lang.String],bAuthor,1
C:\Users\OOPS\Downloads\onlinebookstore-master\onlinebookstore-master\src\main\java\com\bittercode\service\impl\BookServiceImpl.java,com.bittercode.service.impl.BookServiceImpl,getBookById/1[java.lang.String],bQty,1
C:\Users\OOPS\Downloads\onlinebookstore-master\onlinebookstore-master\src\main\java\com\bittercode\service\impl\BookServiceImpl.java,com.bittercode.service.impl.BookServiceImpl,getBookById/1[java.lang.String],bCode,1
C:\Users\OOPS\Downloads\onlinebookstore-master\onlinebookstore-master\src\main\java\com\bittercode\service\impl\BookServiceImpl.java,com.bittercode.service.impl.BookServiceImpl,getBookById/1[java.lang.String],bookId,1
C:\Users\OOPS\Downloads\onlinebookstore-master\onlinebookstore-master\src\main\java\com\bittercode\service\impl\BookServiceImpl.java,com.bittercode.service.impl.BookServiceImpl,deleteBookById/1[java.lang.String],con,1
C:\Users\OOPS\Downloads\onlinebookstore-master\onlinebookstore-master\src\main\java\com\bittercode\service\impl\BookServiceImpl.java,com.bittercode.service.impl.BookServiceImpl,deleteBookById/1[java.lang.String],ps,2
C:\Users\OOPS\Downloads\onlinebookstore-master\onlinebookstore-master\src\main\java\com\bittercode\service\impl\BookServiceImpl.java,com.bittercode.service.impl.BookServiceImpl,deleteBookById/1[java.lang.String],e,2
C:\Users\OOPS\Downloads\onlinebookstore-master\onlinebookstore-master\src\main\java\com\bittercode\service\impl\BookServiceImpl.java,com.bittercode.service.impl.BookServiceImpl,deleteBookById/1[java.lang.String],response,3
C:\Users\OOPS\Downloads\onlinebookstore-master\onlinebookstore-master\src\main\java\com\bittercode\service\impl\BookServiceImpl.java,com.bittercode.service.impl.BookServiceImpl,deleteBookById/1[java.lang.String],k,1
C:\Users\OOPS\Downloads\onlinebookstore-master\onlinebookstore-master\src\main\java\com\bittercode\service\impl\BookServiceImpl.java,com.bittercode.service.impl.BookServiceImpl,deleteBookById/1[java.lang.String],bookId,1
C:\Users\OOPS\Downloads\onlinebookstore-master\onlinebookstore-master\src\main\java\com\bittercode\service\impl\BookServiceImpl.java,com.bittercode.service.impl.BookServiceImpl,getAllBooks/0,bPrice,1
C:\Users\OOPS\Downloads\onlinebookstore-master\onlinebookstore-master\src\main\java\com\bittercode\service\impl\BookServiceImpl.java,com.bittercode.service.impl.BookServiceImpl,getAllBooks/0,rs,6
C:\Users\OOPS\Downloads\onlinebookstore-master\onlinebookstore-master\src\main\java\com\bittercode\service\impl\BookServiceImpl.java,com.bittercode.service.impl.BookServiceImpl,getAllBooks/0,books,2
C:\Users\OOPS\Downloads\onlinebookstore-master\onlinebookstore-master\src\main\java\com\bittercode\service\impl\BookServiceImpl.java,com.bittercode.service.impl.BookServiceImpl,getAllBooks/0,con,1
C:\Users\OOPS\Downloads\onlinebookstore-master\onlinebookstore-master\src\main\java\com\bittercode\service\impl\BookServiceImpl.java,com.bittercode.service.impl.BookServiceImpl,getAllBooks/0,ps,1
C:\Users\OOPS\Downloads\onlinebookstore-master\onlinebookstore-master\src\main\java\com\bittercode\service\impl\BookServiceImpl.java,com.bittercode.service.impl.BookServiceImpl,getAllBooks/0,bName,1
C:\Users\OOPS\Downloads\onlinebookstore-master\onlinebookstore-master\src\main\java\com\bittercode\service\impl\BookServiceImpl.java,com.bittercode.service.impl.BookServiceImpl,getAllBooks/0,e,0
C:\Users\OOPS\Downloads\onlinebookstore-master\onlinebookstore-master\src\main\java\com\bittercode\service\impl\BookServiceImpl.java,com.bittercode.service.impl.BookServiceImpl,getAllBooks/0,book,1
C:\Users\OOPS\Downloads\onlinebookstore-master\onlinebookstore-master\src\main\java\com\bittercode\service\impl\BookServiceImpl.java,com.bittercode.service.impl.BookServiceImpl,getAllBooks/0,bAuthor,1
C:\Users\OOPS\Downloads\onlinebookstore-master\onlinebookstore-master\src\main\java\com\bittercode\service\impl\BookServiceImpl.java,com.bittercode.service.impl.BookServiceImpl,getAllBooks/0,bQty,1
C:\Users\OOPS\Downloads\onlinebookstore-master\onlinebookstore-master\src\main\java\com\bittercode\service\impl\BookServiceImpl.java,com.bittercode.service.impl.BookServiceImpl,getAllBooks/0,bCode,1
C:\Users\OOPS\Downloads\onlinebookstore-master\onlinebookstore-master\src\main\java\com\bittercode\model\Address.java,com.bittercode.model.Address,setAddressLine1/1[java.lang.String],addressLine1,2
C:\Users\OOPS\Downloads\onlinebookstore-master\onlinebookstore-master\src\main\java\com\bittercode\model\Address.java,com.bittercode.model.Address,setAddressLine2/1[java.lang.String],addressLine2,2
C:\Users\OOPS\Downloads\onlinebookstore-master\onlinebookstore-master\src\main\java\com\bittercode\model\Address.java,com.bittercode.model.Address,setCity/1[java.lang.String],city,2
C:\Users\OOPS\Downloads\onlinebookstore-master\onlinebookstore-master\src\main\java\com\bittercode\model\Address.java,com.bittercode.model.Address,setPhone/1[java.lang.String],phone,2
C:\Users\OOPS\Downloads\onlinebookstore-master\onlinebookstore-master\src\main\java\com\bittercode\model\Address.java,com.bittercode.model.Address,setState/1[java.lang.String],state,2
C:\Users\OOPS\Downloads\onlinebookstore-master\onlinebookstore-master\src\main\java\com\bittercode\model\Address.java,com.bittercode.model.Address,setPinCode/1[long],pinCode,2
C:\Users\OOPS\Downloads\onlinebookstore-master\onlinebookstore-master\src\main\java\com\bittercode\model\Address.java,com.bittercode.model.Address,setCountry/1[java.lang.String],country,2
C:\Users\OOPS\Downloads\onlinebookstore-master\onlinebookstore-master\src\main\java\servlets\ViewBookServlet.java,servlets.ViewBookServlet,"service/2[servlets.HttpServletRequest,servlets.HttpServletResponse]",res,4
C:\Users\OOPS\Downloads\onlinebookstore-master\onlinebookstore-master\src\main\java\servlets\ViewBookServlet.java,servlets.ViewBookServlet,"service/2[servlets.HttpServletRequest,servlets.HttpServletResponse]",rd,3
C:\Users\OOPS\Downloads\onlinebookstore-master\onlinebookstore-master\src\main\java\servlets\ViewBookServlet.java,servlets.ViewBookServlet,"service/2[servlets.HttpServletRequest,servlets.HttpServletResponse]",books,1
C:\Users\OOPS\Downloads\onlinebookstore-master\onlinebookstore-master\src\main\java\servlets\ViewBookServlet.java,servlets.ViewBookServlet,"service/2[servlets.HttpServletRequest,servlets.HttpServletResponse]",e,1
C:\Users\OOPS\Downloads\onlinebookstore-master\onlinebookstore-master\src\main\java\servlets\ViewBookServlet.java,servlets.ViewBookServlet,"service/2[servlets.HttpServletRequest,servlets.HttpServletResponse]",session,1
C:\Users\OOPS\Downloads\onlinebookstore-master\onlinebookstore-master\src\main\java\servlets\ViewBookServlet.java,servlets.ViewBookServlet,"service/2[servlets.HttpServletRequest,servlets.HttpServletResponse]",pw,6
C:\Users\OOPS\Downloads\onlinebookstore-master\onlinebookstore-master\src\main\java\servlets\ViewBookServlet.java,servlets.ViewBookServlet,"service/2[servlets.HttpServletRequest,servlets.HttpServletResponse]",book,1
C:\Users\OOPS\Downloads\onlinebookstore-master\onlinebookstore-master\src\main\java\servlets\ViewBookServlet.java,servlets.ViewBookServlet,"service/2[servlets.HttpServletRequest,servlets.HttpServletResponse]",req,7
C:\Users\OOPS\Downloads\onlinebookstore-master\onlinebookstore-master\src\main\java\servlets\ViewBookServlet.java,servlets.ViewBookServlet,"addBookToCard/2[servlets.HttpSession,com.bittercode.model.Book]",button,3
C:\Users\OOPS\Downloads\onlinebookstore-master\onlinebookstore-master\src\main\java\servlets\ViewBookServlet.java,servlets.ViewBookServlet,"addBookToCard/2[servlets.HttpSession,com.bittercode.model.Book]",cartItemQty,3
C:\Users\OOPS\Downloads\onlinebookstore-master\onlinebookstore-master\src\main\java\servlets\ViewBookServlet.java,servlets.ViewBookServlet,"addBookToCard/2[servlets.HttpSession,com.bittercode.model.Book]",session,2
C:\Users\OOPS\Downloads\onlinebookstore-master\onlinebookstore-master\src\main\java\servlets\ViewBookServlet.java,servlets.ViewBookServlet,"addBookToCard/2[servlets.HttpSession,com.bittercode.model.Book]",book,5
C:\Users\OOPS\Downloads\onlinebookstore-master\onlinebookstore-master\src\main\java\servlets\ViewBookServlet.java,servlets.ViewBookServlet,"addBookToCard/2[servlets.HttpSession,com.bittercode.model.Book]",bQty,3
C:\Users\OOPS\Downloads\onlinebookstore-master\onlinebookstore-master\src\main\java\servlets\ViewBookServlet.java,servlets.ViewBookServlet,"addBookToCard/2[servlets.HttpSession,com.bittercode.model.Book]",bCode,6
C:\Users\OOPS\Downloads\onlinebookstore-master\onlinebookstore-master\src\main\java\com\bittercode\util\DBUtil.java,com.bittercode.util.DBUtil,(initializer 1),e,1
C:\Users\OOPS\Downloads\onlinebookstore-master\onlinebookstore-master\src\main\java\com\bittercode\model\StoreException.java,com.bittercode.model.StoreException,setStatusCode/1[int],statusCode,2
C:\Users\OOPS\Downloads\onlinebookstore-master\onlinebookstore-master\src\main\java\com\bittercode\model\StoreException.java,com.bittercode.model.StoreException,setErrorMessage/1[java.lang.String],errorMessage,2
C:\Users\OOPS\Downloads\onlinebookstore-master\onlinebookstore-master\src\main\java\com\bittercode\model\StoreException.java,com.bittercode.model.StoreException,StoreException/1[java.lang.String],errorMessage,3
C:\Users\OOPS\Downloads\onlinebookstore-master\onlinebookstore-master\src\main\java\com\bittercode\model\StoreException.java,com.bittercode.model.StoreException,setErrorCode/1[java.lang.String],errorCode,2
C:\Users\OOPS\Downloads\onlinebookstore-master\onlinebookstore-master\src\main\java\com\bittercode\model\StoreException.java,com.bittercode.model.StoreException,"StoreException/2[java.lang.String,java.lang.String]",errorMessage,3
C:\Users\OOPS\Downloads\onlinebookstore-master\onlinebookstore-master\src\main\java\com\bittercode\model\StoreException.java,com.bittercode.model.StoreException,"StoreException/2[java.lang.String,java.lang.String]",errroCode,1
C:\Users\OOPS\Downloads\onlinebookstore-master\onlinebookstore-master\src\main\java\com\bittercode\model\StoreException.java,com.bittercode.model.StoreException,"StoreException/3[int,java.lang.String,java.lang.String]",errorMessage,3
C:\Users\OOPS\Downloads\onlinebookstore-master\onlinebookstore-master\src\main\java\com\bittercode\model\StoreException.java,com.bittercode.model.StoreException,"StoreException/3[int,java.lang.String,java.lang.String]",errorCode,2
C:\Users\OOPS\Downloads\onlinebookstore-master\onlinebookstore-master\src\main\java\com\bittercode\model\StoreException.java,com.bittercode.model.StoreException,"StoreException/3[int,java.lang.String,java.lang.String]",statusCode,2
C:\Users\OOPS\Downloads\onlinebookstore-master\onlinebookstore-master\src\main\java\com\bittercode\model\StoreException.java,com.bittercode.model.StoreException,StoreException/1[com.bittercode.constant.ResponseCode],errorCodes,4
C:\Users\OOPS\Downloads\onlinebookstore-master\onlinebookstore-master\src\main\java\com\bittercode\model\Book.java,com.bittercode.model.Book,setAuthor/1[java.lang.String],author,2
C:\Users\OOPS\Downloads\onlinebookstore-master\onlinebookstore-master\src\main\java\com\bittercode\model\Book.java,com.bittercode.model.Book,setQuantity/1[int],quantity,2
C:\Users\OOPS\Downloads\onlinebookstore-master\onlinebookstore-master\src\main\java\com\bittercode\model\Book.java,com.bittercode.model.Book,"Book/5[java.lang.String,java.lang.String,java.lang.String,double,int]",quantity,2
C:\Users\OOPS\Downloads\onlinebookstore-master\onlinebookstore-master\src\main\java\com\bittercode\model\Book.java,com.bittercode.model.Book,"Book/5[java.lang.String,java.lang.String,java.lang.String,double,int]",author,2
C:\Users\OOPS\Downloads\onlinebookstore-master\onlinebookstore-master\src\main\java\com\bittercode\model\Book.java,com.bittercode.model.Book,"Book/5[java.lang.String,java.lang.String,java.lang.String,double,int]",price,1
C:\Users\OOPS\Downloads\onlinebookstore-master\onlinebookstore-master\src\main\java\com\bittercode\model\Book.java,com.bittercode.model.Book,"Book/5[java.lang.String,java.lang.String,java.lang.String,double,int]",name,2
C:\Users\OOPS\Downloads\onlinebookstore-master\onlinebookstore-master\src\main\java\com\bittercode\model\Book.java,com.bittercode.model.Book,"Book/5[java.lang.String,java.lang.String,java.lang.String,double,int]",barcode,2
C:\Users\OOPS\Downloads\onlinebookstore-master\onlinebookstore-master\src\main\java\com\bittercode\model\Book.java,com.bittercode.model.Book,setBarcode/1[java.lang.String],barcode,2
C:\Users\OOPS\Downloads\onlinebookstore-master\onlinebookstore-master\src\main\java\com\bittercode\model\Book.java,com.bittercode.model.Book,setName/1[java.lang.String],name,2
C:\Users\OOPS\Downloads\onlinebookstore-master\onlinebookstore-master\src\main\java\com\bittercode\model\Book.java,com.bittercode.model.Book,setPrice/1[double],price,2
C:\Users\OOPS\Downloads\onlinebookstore-master\onlinebookstore-master\src\main\java\servlets\StoreBookServlet.java,servlets.StoreBookServlet,getRowData/1[com.bittercode.model.Book],book,6
C:\Users\OOPS\Downloads\onlinebookstore-master\onlinebookstore-master\src\main\java\servlets\StoreBookServlet.java,servlets.StoreBookServlet,"service/2[servlets.HttpServletRequest,servlets.HttpServletResponse]",res,4
C:\Users\OOPS\Downloads\onlinebookstore-master\onlinebookstore-master\src\main\java\servlets\StoreBookServlet.java,servlets.StoreBookServlet,"service/2[servlets.HttpServletRequest,servlets.HttpServletResponse]",rd,3
C:\Users\OOPS\Downloads\onlinebookstore-master\onlinebookstore-master\src\main\java\servlets\StoreBookServlet.java,servlets.StoreBookServlet,"service/2[servlets.HttpServletRequest,servlets.HttpServletResponse]",books,3
C:\Users\OOPS\Downloads\onlinebookstore-master\onlinebookstore-master\src\main\java\servlets\StoreBookServlet.java,servlets.StoreBookServlet,"service/2[servlets.HttpServletRequest,servlets.HttpServletResponse]",e,1
C:\Users\OOPS\Downloads\onlinebookstore-master\onlinebookstore-master\src\main\java\servlets\StoreBookServlet.java,servlets.StoreBookServlet,"service/2[servlets.HttpServletRequest,servlets.HttpServletResponse]",pw,8
C:\Users\OOPS\Downloads\onlinebookstore-master\onlinebookstore-master\src\main\java\servlets\StoreBookServlet.java,servlets.StoreBookServlet,"service/2[servlets.HttpServletRequest,servlets.HttpServletResponse]",book,1
C:\Users\OOPS\Downloads\onlinebookstore-master\onlinebookstore-master\src\main\java\servlets\StoreBookServlet.java,servlets.StoreBookServlet,"service/2[servlets.HttpServletRequest,servlets.HttpServletResponse]",req,5
C:\Users\OOPS\Downloads\onlinebookstore-master\onlinebookstore-master\src\main\java\com\bittercode\model\Cart.java,com.bittercode.model.Cart,"Cart/2[com.bittercode.model.Book,int]",quantity,2
C:\Users\OOPS\Downloads\onlinebookstore-master\onlinebookstore-master\src\main\java\com\bittercode\model\Cart.java,com.bittercode.model.Cart,"Cart/2[com.bittercode.model.Book,int]",book,2
C:\Users\OOPS\Downloads\onlinebookstore-master\onlinebookstore-master\src\main\java\com\bittercode\model\Cart.java,com.bittercode.model.Cart,setBook/1[com.bittercode.model.Book],book,2
C:\Users\OOPS\Downloads\onlinebookstore-master\onlinebookstore-master\src\main\java\com\bittercode\model\Cart.java,com.bittercode.model.Cart,setQuantity/1[int],quantity,2
C:\Users\OOPS\Downloads\onlinebookstore-master\onlinebookstore-master\src\main\java\com\bittercode\util\DatabaseConfig.java,com.bittercode.util.DatabaseConfig,(initializer 1),input,1
C:\Users\OOPS\Downloads\onlinebookstore-master\onlinebookstore-master\src\main\java\com\bittercode\util\DatabaseConfig.java,com.bittercode.util.DatabaseConfig,(initializer 1),classLoader,1
C:\Users\OOPS\Downloads\onlinebookstore-master\onlinebookstore-master\src\main\java\com\bittercode\util\DatabaseConfig.java,com.bittercode.util.DatabaseConfig,(initializer 1),e,1
C:\Users\OOPS\Downloads\onlinebookstore-master\onlinebookstore-master\src\main\java\com\bittercode\service\impl\UserServiceImpl.java,com.bittercode.service.impl.UserServiceImpl,"login/4[com.bittercode.model.UserRole,java.lang.String,java.lang.String,com.bittercode.service.impl.HttpSession]",rs,4
C:\Users\OOPS\Downloads\onlinebookstore-master\onlinebookstore-master\src\main\java\com\bittercode\service\impl\UserServiceImpl.java,com.bittercode.service.impl.UserServiceImpl,"login/4[com.bittercode.model.UserRole,java.lang.String,java.lang.String,com.bittercode.service.impl.HttpSession]",password,2
C:\Users\OOPS\Downloads\onlinebookstore-master\onlinebookstore-master\src\main\java\com\bittercode\service\impl\UserServiceImpl.java,com.bittercode.service.impl.UserServiceImpl,"login/4[com.bittercode.model.UserRole,java.lang.String,java.lang.String,com.bittercode.service.impl.HttpSession]",role,2
C:\Users\OOPS\Downloads\onlinebookstore-master\onlinebookstore-master\src\main\java\com\bittercode\service\impl\UserServiceImpl.java,com.bittercode.service.impl.UserServiceImpl,"login/4[com.bittercode.model.UserRole,java.lang.String,java.lang.String,com.bittercode.service.impl.HttpSession]",con,1
C:\Users\OOPS\Downloads\onlinebookstore-master\onlinebookstore-master\src\main\java\com\bittercode\service\impl\UserServiceImpl.java,com.bittercode.service.impl.UserServiceImpl,"login/4[com.bittercode.model.UserRole,java.lang.String,java.lang.String,com.bittercode.service.impl.HttpSession]",ps,5
C:\Users\OOPS\Downloads\onlinebookstore-master\onlinebookstore-master\src\main\java\com\bittercode\service\impl\UserServiceImpl.java,com.bittercode.service.impl.UserServiceImpl,"login/4[com.bittercode.model.UserRole,java.lang.String,java.lang.String,com.bittercode.service.impl.HttpSession]",e,1
C:\Users\OOPS\Downloads\onlinebookstore-master\onlinebookstore-master\src\main\java\com\bittercode\service\impl\UserServiceImpl.java,com.bittercode.service.impl.UserServiceImpl,"login/4[com.bittercode.model.UserRole,java.lang.String,java.lang.String,com.bittercode.service.impl.HttpSession]",session,1
C:\Users\OOPS\Downloads\onlinebookstore-master\onlinebookstore-master\src\main\java\com\bittercode\service\impl\UserServiceImpl.java,com.bittercode.service.impl.UserServiceImpl,"login/4[com.bittercode.model.UserRole,java.lang.String,java.lang.String,com.bittercode.service.impl.HttpSession]",userType,1
C:\Users\OOPS\Downloads\onlinebookstore-master\onlinebookstore-master\src\main\java\com\bittercode\service\impl\UserServiceImpl.java,com.bittercode.service.impl.UserServiceImpl,"login/4[com.bittercode.model.UserRole,java.lang.String,java.lang.String,com.bittercode.service.impl.HttpSession]",user,8
C:\Users\OOPS\Downloads\onlinebookstore-master\onlinebookstore-master\src\main\java\com\bittercode\service\impl\UserServiceImpl.java,com.bittercode.service.impl.UserServiceImpl,"login/4[com.bittercode.model.UserRole,java.lang.String,java.lang.String,com.bittercode.service.impl.HttpSession]",email,2
C:\Users\OOPS\Downloads\onlinebookstore-master\onlinebookstore-master\src\main\java\com\bittercode\service\impl\UserServiceImpl.java,com.bittercode.service.impl.UserServiceImpl,"isLoggedIn/2[com.bittercode.model.UserRole,com.bittercode.service.impl.HttpSession]",role,3
C:\Users\OOPS\Downloads\onlinebookstore-master\onlinebookstore-master\src\main\java\com\bittercode\service\impl\UserServiceImpl.java,com.bittercode.service.impl.UserServiceImpl,"isLoggedIn/2[com.bittercode.model.UserRole,com.bittercode.service.impl.HttpSession]",session,1
C:\Users\OOPS\Downloads\onlinebookstore-master\onlinebookstore-master\src\main\java\com\bittercode\service\impl\UserServiceImpl.java,com.bittercode.service.impl.UserServiceImpl,"register/2[com.bittercode.model.UserRole,com.bittercode.model.User]",role,1
C:\Users\OOPS\Downloads\onlinebookstore-master\onlinebookstore-master\src\main\java\com\bittercode\service\impl\UserServiceImpl.java,com.bittercode.service.impl.UserServiceImpl,"register/2[com.bittercode.model.UserRole,com.bittercode.model.User]",con,1
C:\Users\OOPS\Downloads\onlinebookstore-master\onlinebookstore-master\src\main\java\com\bittercode\service\impl\UserServiceImpl.java,com.bittercode.service.impl.UserServiceImpl,"register/2[com.bittercode.model.UserRole,com.bittercode.model.User]",ps,9
C:\Users\OOPS\Downloads\onlinebookstore-master\onlinebookstore-master\src\main\java\com\bittercode\service\impl\UserServiceImpl.java,com.bittercode.service.impl.UserServiceImpl,"register/2[com.bittercode.model.UserRole,com.bittercode.model.User]",e,2
C:\Users\OOPS\Downloads\onlinebookstore-master\onlinebookstore-master\src\main\java\com\bittercode\service\impl\UserServiceImpl.java,com.bittercode.service.impl.UserServiceImpl,"register/2[com.bittercode.model.UserRole,com.bittercode.model.User]",userType,1
C:\Users\OOPS\Downloads\onlinebookstore-master\onlinebookstore-master\src\main\java\com\bittercode\service\impl\UserServiceImpl.java,com.bittercode.service.impl.UserServiceImpl,"register/2[com.bittercode.model.UserRole,com.bittercode.model.User]",k,1
C:\Users\OOPS\Downloads\onlinebookstore-master\onlinebookstore-master\src\main\java\com\bittercode\service\impl\UserServiceImpl.java,com.bittercode.service.impl.UserServiceImpl,"register/2[com.bittercode.model.UserRole,com.bittercode.model.User]",responseMessage,5
C:\Users\OOPS\Downloads\onlinebookstore-master\onlinebookstore-master\src\main\java\com\bittercode\service\impl\UserServiceImpl.java,com.bittercode.service.impl.UserServiceImpl,"register/2[com.bittercode.model.UserRole,com.bittercode.model.User]",user,7
C:\Users\OOPS\Downloads\onlinebookstore-master\onlinebookstore-master\src\main\java\com\bittercode\service\impl\UserServiceImpl.java,com.bittercode.service.impl.UserServiceImpl,logout/1[com.bittercode.service.impl.HttpSession],session,3
C:\Users\OOPS\Downloads\onlinebookstore-master\onlinebookstore-master\src\main\java\servlets\AddBookServlet.java,servlets.AddBookServlet,showAddBookForm/1[java.io.PrintWriter],form,1
C:\Users\OOPS\Downloads\onlinebookstore-master\onlinebookstore-master\src\main\java\servlets\AddBookServlet.java,servlets.AddBookServlet,showAddBookForm/1[java.io.PrintWriter],pw,1
C:\Users\OOPS\Downloads\onlinebookstore-master\onlinebookstore-master\src\main\java\servlets\AddBookServlet.java,servlets.AddBookServlet,"service/2[servlets.HttpServletRequest,servlets.HttpServletResponse]",res,4
C:\Users\OOPS\Downloads\onlinebookstore-master\onlinebookstore-master\src\main\java\servlets\AddBookServlet.java,servlets.AddBookServlet,"service/2[servlets.HttpServletRequest,servlets.HttpServletResponse]",bName,3
C:\Users\OOPS\Downloads\onlinebookstore-master\onlinebookstore-master\src\main\java\servlets\AddBookServlet.java,servlets.AddBookServlet,"service/2[servlets.HttpServletRequest,servlets.HttpServletResponse]",e,1
C:\Users\OOPS\Downloads\onlinebookstore-master\onlinebookstore-master\src\main\java\servlets\AddBookServlet.java,servlets.AddBookServlet,"service/2[servlets.HttpServletRequest,servlets.HttpServletResponse]",pw,7
C:\Users\OOPS\Downloads\onlinebookstore-master\onlinebookstore-master\src\main\java\servlets\AddBookServlet.java,servlets.AddBookServlet,"service/2[servlets.HttpServletRequest,servlets.HttpServletResponse]",book,1
C:\Users\OOPS\Downloads\onlinebookstore-master\onlinebookstore-master\src\main\java\servlets\AddBookServlet.java,servlets.AddBookServlet,"service/2[servlets.HttpServletRequest,servlets.HttpServletResponse]",bCode,1
C:\Users\OOPS\Downloads\onlinebookstore-master\onlinebookstore-master\src\main\java\servlets\AddBookServlet.java,servlets.AddBookServlet,"service/2[servlets.HttpServletRequest,servlets.HttpServletResponse]",message,1
C:\Users\OOPS\Downloads\onlinebookstore-master\onlinebookstore-master\src\main\java\servlets\AddBookServlet.java,servlets.AddBookServlet,"service/2[servlets.HttpServletRequest,servlets.HttpServletResponse]",bPrice,1
C:\Users\OOPS\Downloads\onlinebookstore-master\onlinebookstore-master\src\main\java\servlets\AddBookServlet.java,servlets.AddBookServlet,"service/2[servlets.HttpServletRequest,servlets.HttpServletResponse]",rd,3
C:\Users\OOPS\Downloads\onlinebookstore-master\onlinebookstore-master\src\main\java\servlets\AddBookServlet.java,servlets.AddBookServlet,"service/2[servlets.HttpServletRequest,servlets.HttpServletResponse]",bAuthor,1
C:\Users\OOPS\Downloads\onlinebookstore-master\onlinebookstore-master\src\main\java\servlets\AddBookServlet.java,servlets.AddBookServlet,"service/2[servlets.HttpServletRequest,servlets.HttpServletResponse]",bQty,1
C:\Users\OOPS\Downloads\onlinebookstore-master\onlinebookstore-master\src\main\java\servlets\AddBookServlet.java,servlets.AddBookServlet,"service/2[servlets.HttpServletRequest,servlets.HttpServletResponse]",uniqueID,1
C:\Users\OOPS\Downloads\onlinebookstore-master\onlinebookstore-master\src\main\java\servlets\AddBookServlet.java,servlets.AddBookServlet,"service/2[servlets.HttpServletRequest,servlets.HttpServletResponse]",req,9
C:\Users\OOPS\Downloads\onlinebookstore-master\onlinebookstore-master\src\main\java\servlets\ProcessPaymentServlet.java,servlets.ProcessPaymentServlet,"service/2[servlets.HttpServletRequest,servlets.HttpServletResponse]",res,4
C:\Users\OOPS\Downloads\onlinebookstore-master\onlinebookstore-master\src\main\java\servlets\ProcessPaymentServlet.java,servlets.ProcessPaymentServlet,"service/2[servlets.HttpServletRequest,servlets.HttpServletResponse]",bName,1
C:\Users\OOPS\Downloads\onlinebookstore-master\onlinebookstore-master\src\main\java\servlets\ProcessPaymentServlet.java,servlets.ProcessPaymentServlet,"service/2[servlets.HttpServletRequest,servlets.HttpServletResponse]",e,1
C:\Users\OOPS\Downloads\onlinebookstore-master\onlinebookstore-master\src\main\java\servlets\ProcessPaymentServlet.java,servlets.ProcessPaymentServlet,"service/2[servlets.HttpServletRequest,servlets.HttpServletResponse]",session,7
C:\Users\OOPS\Downloads\onlinebookstore-master\onlinebookstore-master\src\main\java\servlets\ProcessPaymentServlet.java,servlets.ProcessPaymentServlet,"service/2[servlets.HttpServletRequest,servlets.HttpServletResponse]",pw,6
C:\Users\OOPS\Downloads\onlinebookstore-master\onlinebookstore-master\src\main\java\servlets\ProcessPaymentServlet.java,servlets.ProcessPaymentServlet,"service/2[servlets.HttpServletRequest,servlets.HttpServletResponse]",book,5
C:\Users\OOPS\Downloads\onlinebookstore-master\onlinebookstore-master\src\main\java\servlets\ProcessPaymentServlet.java,servlets.ProcessPaymentServlet,"service/2[servlets.HttpServletRequest,servlets.HttpServletResponse]",bCode,3
C:\Users\OOPS\Downloads\onlinebookstore-master\onlinebookstore-master\src\main\java\servlets\ProcessPaymentServlet.java,servlets.ProcessPaymentServlet,"service/2[servlets.HttpServletRequest,servlets.HttpServletResponse]",qtToBuy,1
C:\Users\OOPS\Downloads\onlinebookstore-master\onlinebookstore-master\src\main\java\servlets\ProcessPaymentServlet.java,servlets.ProcessPaymentServlet,"service/2[servlets.HttpServletRequest,servlets.HttpServletResponse]",cart,2
C:\Users\OOPS\Downloads\onlinebookstore-master\onlinebookstore-master\src\main\java\servlets\ProcessPaymentServlet.java,servlets.ProcessPaymentServlet,"service/2[servlets.HttpServletRequest,servlets.HttpServletResponse]",bPrice,1
C:\Users\OOPS\Downloads\onlinebookstore-master\onlinebookstore-master\src\main\java\servlets\ProcessPaymentServlet.java,servlets.ProcessPaymentServlet,"service/2[servlets.HttpServletRequest,servlets.HttpServletResponse]",rd,3
C:\Users\OOPS\Downloads\onlinebookstore-master\onlinebookstore-master\src\main\java\servlets\ProcessPaymentServlet.java,servlets.ProcessPaymentServlet,"service/2[servlets.HttpServletRequest,servlets.HttpServletResponse]",bAuthor,1
C:\Users\OOPS\Downloads\onlinebookstore-master\onlinebookstore-master\src\main\java\servlets\ProcessPaymentServlet.java,servlets.ProcessPaymentServlet,"service/2[servlets.HttpServletRequest,servlets.HttpServletResponse]",availableQty,4
C:\Users\OOPS\Downloads\onlinebookstore-master\onlinebookstore-master\src\main\java\servlets\ProcessPaymentServlet.java,servlets.ProcessPaymentServlet,"service/2[servlets.HttpServletRequest,servlets.HttpServletResponse]",cartItems,2
C:\Users\OOPS\Downloads\onlinebookstore-master\onlinebookstore-master\src\main\java\servlets\ProcessPaymentServlet.java,servlets.ProcessPaymentServlet,"service/2[servlets.HttpServletRequest,servlets.HttpServletResponse]",req,6
C:\Users\OOPS\Downloads\onlinebookstore-master\onlinebookstore-master\src\main\java\servlets\ProcessPaymentServlet.java,servlets.ProcessPaymentServlet,"addBookToCard/5[java.lang.String,java.lang.String,java.lang.String,double,int]",bPrice,1
C:\Users\OOPS\Downloads\onlinebookstore-master\onlinebookstore-master\src\main\java\servlets\ProcessPaymentServlet.java,servlets.ProcessPaymentServlet,"addBookToCard/5[java.lang.String,java.lang.String,java.lang.String,double,int]",button,1
C:\Users\OOPS\Downloads\onlinebookstore-master\onlinebookstore-master\src\main\java\servlets\ProcessPaymentServlet.java,servlets.ProcessPaymentServlet,"addBookToCard/5[java.lang.String,java.lang.String,java.lang.String,double,int]",bName,1
C:\Users\OOPS\Downloads\onlinebookstore-master\onlinebookstore-master\src\main\java\servlets\ProcessPaymentServlet.java,servlets.ProcessPaymentServlet,"addBookToCard/5[java.lang.String,java.lang.String,java.lang.String,double,int]",bAuthor,1
C:\Users\OOPS\Downloads\onlinebookstore-master\onlinebookstore-master\src\main\java\servlets\ProcessPaymentServlet.java,servlets.ProcessPaymentServlet,"addBookToCard/5[java.lang.String,java.lang.String,java.lang.String,double,int]",bQty,0
C:\Users\OOPS\Downloads\onlinebookstore-master\onlinebookstore-master\src\main\java\servlets\ProcessPaymentServlet.java,servlets.ProcessPaymentServlet,"addBookToCard/5[java.lang.String,java.lang.String,java.lang.String,double,int]",bCode,1
C:\Users\OOPS\Downloads\onlinebookstore-master\onlinebookstore-master\src\main\java\servlets\CustomerLoginServlet.java,servlets.CustomerLoginServlet,"doPost/2[servlets.HttpServletRequest,servlets.HttpServletResponse]",res,4
C:\Users\OOPS\Downloads\onlinebookstore-master\onlinebookstore-master\src\main\java\servlets\CustomerLoginServlet.java,servlets.CustomerLoginServlet,"doPost/2[servlets.HttpServletRequest,servlets.HttpServletResponse]",rd,3
C:\Users\OOPS\Downloads\onlinebookstore-master\onlinebookstore-master\src\main\java\servlets\CustomerLoginServlet.java,servlets.CustomerLoginServlet,"doPost/2[servlets.HttpServletRequest,servlets.HttpServletResponse]",uName,1
C:\Users\OOPS\Downloads\onlinebookstore-master\onlinebookstore-master\src\main\java\servlets\CustomerLoginServlet.java,servlets.CustomerLoginServlet,"doPost/2[servlets.HttpServletRequest,servlets.HttpServletResponse]",e,1
C:\Users\OOPS\Downloads\onlinebookstore-master\onlinebookstore-master\src\main\java\servlets\CustomerLoginServlet.java,servlets.CustomerLoginServlet,"doPost/2[servlets.HttpServletRequest,servlets.HttpServletResponse]",pw,2
C:\Users\OOPS\Downloads\onlinebookstore-master\onlinebookstore-master\src\main\java\servlets\CustomerLoginServlet.java,servlets.CustomerLoginServlet,"doPost/2[servlets.HttpServletRequest,servlets.HttpServletResponse]",pWord,1
C:\Users\OOPS\Downloads\onlinebookstore-master\onlinebookstore-master\src\main\java\servlets\CustomerLoginServlet.java,servlets.CustomerLoginServlet,"doPost/2[servlets.HttpServletRequest,servlets.HttpServletResponse]",user,2
C:\Users\OOPS\Downloads\onlinebookstore-master\onlinebookstore-master\src\main\java\servlets\CustomerLoginServlet.java,servlets.CustomerLoginServlet,"doPost/2[servlets.HttpServletRequest,servlets.HttpServletResponse]",req,7
C:\Users\OOPS\Downloads\onlinebookstore-master\onlinebookstore-master\src\main\java\com\bittercode\constant\ResponseCode.java,com.bittercode.constant.ResponseCode,getMessageByStatusCode/1[int],error,1
C:\Users\OOPS\Downloads\onlinebookstore-master\onlinebookstore-master\src\main\java\com\bittercode\constant\ResponseCode.java,com.bittercode.constant.ResponseCode,getMessageByStatusCode/1[int],statusCode,1
C:\Users\OOPS\Downloads\onlinebookstore-master\onlinebookstore-master\src\main\java\com\bittercode\constant\ResponseCode.java,com.bittercode.constant.ResponseCode,"ResponseCode/2[int,java.lang.String]",code,2
C:\Users\OOPS\Downloads\onlinebookstore-master\onlinebookstore-master\src\main\java\com\bittercode\constant\ResponseCode.java,com.bittercode.constant.ResponseCode,"ResponseCode/2[int,java.lang.String]",message,2
C:\Users\OOPS\Downloads\onlinebookstore-master\onlinebookstore-master\src\main\java\com\bittercode\util\StoreUtil.java,com.bittercode.util.StoreUtil,updateCartItems/1[com.bittercode.util.HttpServletRequest],selectedBookId,14
C:\Users\OOPS\Downloads\onlinebookstore-master\onlinebookstore-master\src\main\java\com\bittercode\util\StoreUtil.java,com.bittercode.util.StoreUtil,updateCartItems/1[com.bittercode.util.HttpServletRequest],itemQty,8
C:\Users\OOPS\Downloads\onlinebookstore-master\onlinebookstore-master\src\main\java\com\bittercode\util\StoreUtil.java,com.bittercode.util.StoreUtil,updateCartItems/1[com.bittercode.util.HttpServletRequest],session,10
C:\Users\OOPS\Downloads\onlinebookstore-master\onlinebookstore-master\src\main\java\com\bittercode\util\StoreUtil.java,com.bittercode.util.StoreUtil,updateCartItems/1[com.bittercode.util.HttpServletRequest],items,14
C:\Users\OOPS\Downloads\onlinebookstore-master\onlinebookstore-master\src\main\java\com\bittercode\util\StoreUtil.java,com.bittercode.util.StoreUtil,updateCartItems/1[com.bittercode.util.HttpServletRequest],req,3
C:\Users\OOPS\Downloads\onlinebookstore-master\onlinebookstore-master\src\main\java\com\bittercode\util\StoreUtil.java,com.bittercode.util.StoreUtil,"isLoggedIn/2[com.bittercode.model.UserRole,com.bittercode.util.HttpSession]",role,1
C:\Users\OOPS\Downloads\onlinebookstore-master\onlinebookstore-master\src\main\java\com\bittercode\util\StoreUtil.java,com.bittercode.util.StoreUtil,"isLoggedIn/2[com.bittercode.model.UserRole,com.bittercode.util.HttpSession]",session,1
C:\Users\OOPS\Downloads\onlinebookstore-master\onlinebookstore-master\src\main\java\com\bittercode\util\StoreUtil.java,com.bittercode.util.StoreUtil,"setActiveTab/2[java.io.PrintWriter,java.lang.String]",pw,2
C:\Users\OOPS\Downloads\onlinebookstore-master\onlinebookstore-master\src\main\java\com\bittercode\util\StoreUtil.java,com.bittercode.util.StoreUtil,"setActiveTab/2[java.io.PrintWriter,java.lang.String]",activeTab,2
C:\Users\OOPS\Downloads\onlinebookstore-master\onlinebookstore-master\src\main\java\servlets\LogoutServlet.java,servlets.LogoutServlet,"doGet/2[servlets.HttpServletRequest,servlets.HttpServletResponse]",res,3
C:\Users\OOPS\Downloads\onlinebookstore-master\onlinebookstore-master\src\main\java\servlets\LogoutServlet.java,servlets.LogoutServlet,"doGet/2[servlets.HttpServletRequest,servlets.HttpServletResponse]",logout,2
C:\Users\OOPS\Downloads\onlinebookstore-master\onlinebookstore-master\src\main\java\servlets\LogoutServlet.java,servlets.LogoutServlet,"doGet/2[servlets.HttpServletRequest,servlets.HttpServletResponse]",rd,1
C:\Users\OOPS\Downloads\onlinebookstore-master\onlinebookstore-master\src\main\java\servlets\LogoutServlet.java,servlets.LogoutServlet,"doGet/2[servlets.HttpServletRequest,servlets.HttpServletResponse]",e,1
C:\Users\OOPS\Downloads\onlinebookstore-master\onlinebookstore-master\src\main\java\servlets\LogoutServlet.java,servlets.LogoutServlet,"doGet/2[servlets.HttpServletRequest,servlets.HttpServletResponse]",pw,1
C:\Users\OOPS\Downloads\onlinebookstore-master\onlinebookstore-master\src\main\java\servlets\LogoutServlet.java,servlets.LogoutServlet,"doGet/2[servlets.HttpServletRequest,servlets.HttpServletResponse]",req,3
C:\Users\OOPS\Downloads\onlinebookstore-master\onlinebookstore-master\src\main\java\servlets\ErrorHandlerServlet.java,servlets.ErrorHandlerServlet,"service/2[servlets.HttpServletRequest,servlets.HttpServletResponse]",res,5
C:\Users\OOPS\Downloads\onlinebookstore-master\onlinebookstore-master\src\main\java\servlets\ErrorHandlerServlet.java,servlets.ErrorHandlerServlet,"service/2[servlets.HttpServletRequest,servlets.HttpServletResponse]",rd,5
C:\Users\OOPS\Downloads\onlinebookstore-master\onlinebookstore-master\src\main\java\servlets\ErrorHandlerServlet.java,servlets.ErrorHandlerServlet,"service/2[servlets.HttpServletRequest,servlets.HttpServletResponse]",storeException,5
C:\Users\OOPS\Downloads\onlinebookstore-master\onlinebookstore-master\src\main\java\servlets\ErrorHandlerServlet.java,servlets.ErrorHandlerServlet,"service/2[servlets.HttpServletRequest,servlets.HttpServletResponse]",pw,6
C:\Users\OOPS\Downloads\onlinebookstore-master\onlinebookstore-master\src\main\java\servlets\ErrorHandlerServlet.java,servlets.ErrorHandlerServlet,"service/2[servlets.HttpServletRequest,servlets.HttpServletResponse]",throwable,3
C:\Users\OOPS\Downloads\onlinebookstore-master\onlinebookstore-master\src\main\java\servlets\ErrorHandlerServlet.java,servlets.ErrorHandlerServlet,"service/2[servlets.HttpServletRequest,servlets.HttpServletResponse]",errorCodes,3
C:\Users\OOPS\Downloads\onlinebookstore-master\onlinebookstore-master\src\main\java\servlets\ErrorHandlerServlet.java,servlets.ErrorHandlerServlet,"service/2[servlets.HttpServletRequest,servlets.HttpServletResponse]",errorMessage,6
C:\Users\OOPS\Downloads\onlinebookstore-master\onlinebookstore-master\src\main\java\servlets\ErrorHandlerServlet.java,servlets.ErrorHandlerServlet,"service/2[servlets.HttpServletRequest,servlets.HttpServletResponse]",errorCode,6
C:\Users\OOPS\Downloads\onlinebookstore-master\onlinebookstore-master\src\main\java\servlets\ErrorHandlerServlet.java,servlets.ErrorHandlerServlet,"service/2[servlets.HttpServletRequest,servlets.HttpServletResponse]",requestUri,1
C:\Users\OOPS\Downloads\onlinebookstore-master\onlinebookstore-master\src\main\java\servlets\ErrorHandlerServlet.java,servlets.ErrorHandlerServlet,"service/2[servlets.HttpServletRequest,servlets.HttpServletResponse]",servletName,1
C:\Users\OOPS\Downloads\onlinebookstore-master\onlinebookstore-master\src\main\java\servlets\ErrorHandlerServlet.java,servlets.ErrorHandlerServlet,"service/2[servlets.HttpServletRequest,servlets.HttpServletResponse]",req,12
C:\Users\OOPS\Downloads\onlinebookstore-master\onlinebookstore-master\src\main\java\servlets\ErrorHandlerServlet.java,servlets.ErrorHandlerServlet,"service/2[servlets.HttpServletRequest,servlets.HttpServletResponse]",statusCode,5
C:\Users\OOPS\Downloads\onlinebookstore-master\onlinebookstore-master\src\main\java\servlets\ErrorHandlerServlet.java,servlets.ErrorHandlerServlet,"showErrorMessage/3[java.io.PrintWriter,java.lang.String,java.lang.String]",pw,1
C:\Users\OOPS\Downloads\onlinebookstore-master\onlinebookstore-master\src\main\java\servlets\ErrorHandlerServlet.java,servlets.ErrorHandlerServlet,"showErrorMessage/3[java.io.PrintWriter,java.lang.String,java.lang.String]",errorMessage,1
C:\Users\OOPS\Downloads\onlinebookstore-master\onlinebookstore-master\src\main\java\servlets\ErrorHandlerServlet.java,servlets.ErrorHandlerServlet,"showErrorMessage/3[java.io.PrintWriter,java.lang.String,java.lang.String]",errorCode,1
C:\Users\OOPS\Downloads\onlinebookstore-master\onlinebookstore-master\src\main\java\servlets\ReceiptServlet.java,servlets.ReceiptServlet,"service/2[servlets.HttpServletRequest,servlets.HttpServletResponse]",res,4
C:\Users\OOPS\Downloads\onlinebookstore-master\onlinebookstore-master\src\main\java\servlets\ReceiptServlet.java,servlets.ReceiptServlet,"service/2[servlets.HttpServletRequest,servlets.HttpServletResponse]",amount,2
C:\Users\OOPS\Downloads\onlinebookstore-master\onlinebookstore-master\src\main\java\servlets\ReceiptServlet.java,servlets.ReceiptServlet,"service/2[servlets.HttpServletRequest,servlets.HttpServletResponse]",qt,1
C:\Users\OOPS\Downloads\onlinebookstore-master\onlinebookstore-master\src\main\java\servlets\ReceiptServlet.java,servlets.ReceiptServlet,"service/2[servlets.HttpServletRequest,servlets.HttpServletResponse]",quantity,4
C:\Users\OOPS\Downloads\onlinebookstore-master\onlinebookstore-master\src\main\java\servlets\ReceiptServlet.java,servlets.ReceiptServlet,"service/2[servlets.HttpServletRequest,servlets.HttpServletResponse]",bName,1
C:\Users\OOPS\Downloads\onlinebookstore-master\onlinebookstore-master\src\main\java\servlets\ReceiptServlet.java,servlets.ReceiptServlet,"service/2[servlets.HttpServletRequest,servlets.HttpServletResponse]",e,2
C:\Users\OOPS\Downloads\onlinebookstore-master\onlinebookstore-master\src\main\java\servlets\ReceiptServlet.java,servlets.ReceiptServlet,"service/2[servlets.HttpServletRequest,servlets.HttpServletResponse]",pw,12
C:\Users\OOPS\Downloads\onlinebookstore-master\onlinebookstore-master\src\main\java\servlets\ReceiptServlet.java,servlets.ReceiptServlet,"service/2[servlets.HttpServletRequest,servlets.HttpServletResponse]",book,5
C:\Users\OOPS\Downloads\onlinebookstore-master\onlinebookstore-master\src\main\java\servlets\ReceiptServlet.java,servlets.ReceiptServlet,"service/2[servlets.HttpServletRequest,servlets.HttpServletResponse]",i,4
C:\Users\OOPS\Downloads\onlinebookstore-master\onlinebookstore-master\src\main\java\servlets\ReceiptServlet.java,servlets.ReceiptServlet,"service/2[servlets.HttpServletRequest,servlets.HttpServletResponse]",bCode,2
C:\Users\OOPS\Downloads\onlinebookstore-master\onlinebookstore-master\src\main\java\servlets\ReceiptServlet.java,servlets.ReceiptServlet,"service/2[servlets.HttpServletRequest,servlets.HttpServletResponse]",bPrice,2
C:\Users\OOPS\Downloads\onlinebookstore-master\onlinebookstore-master\src\main\java\servlets\ReceiptServlet.java,servlets.ReceiptServlet,"service/2[servlets.HttpServletRequest,servlets.HttpServletResponse]",check1,1
C:\Users\OOPS\Downloads\onlinebookstore-master\onlinebookstore-master\src\main\java\servlets\ReceiptServlet.java,servlets.ReceiptServlet,"service/2[servlets.HttpServletRequest,servlets.HttpServletResponse]",rd,3
C:\Users\OOPS\Downloads\onlinebookstore-master\onlinebookstore-master\src\main\java\servlets\ReceiptServlet.java,servlets.ReceiptServlet,"service/2[servlets.HttpServletRequest,servlets.HttpServletResponse]",total,3
C:\Users\OOPS\Downloads\onlinebookstore-master\onlinebookstore-master\src\main\java\servlets\ReceiptServlet.java,servlets.ReceiptServlet,"service/2[servlets.HttpServletRequest,servlets.HttpServletResponse]",books,1
C:\Users\OOPS\Downloads\onlinebookstore-master\onlinebookstore-master\src\main\java\servlets\ReceiptServlet.java,servlets.ReceiptServlet,"service/2[servlets.HttpServletRequest,servlets.HttpServletResponse]",bAuthor,1
C:\Users\OOPS\Downloads\onlinebookstore-master\onlinebookstore-master\src\main\java\servlets\ReceiptServlet.java,servlets.ReceiptServlet,"service/2[servlets.HttpServletRequest,servlets.HttpServletResponse]",bQty,5
C:\Users\OOPS\Downloads\onlinebookstore-master\onlinebookstore-master\src\main\java\servlets\ReceiptServlet.java,servlets.ReceiptServlet,"service/2[servlets.HttpServletRequest,servlets.HttpServletResponse]",getChecked,1
C:\Users\OOPS\Downloads\onlinebookstore-master\onlinebookstore-master\src\main\java\servlets\ReceiptServlet.java,servlets.ReceiptServlet,"service/2[servlets.HttpServletRequest,servlets.HttpServletResponse]",req,7
C:\Users\OOPS\Downloads\onlinebookstore-master\onlinebookstore-master\src\main\java\servlets\BuyBooksServlet.java,servlets.BuyBooksServlet,"doPost/2[servlets.HttpServletRequest,servlets.HttpServletResponse]",res,4
C:\Users\OOPS\Downloads\onlinebookstore-master\onlinebookstore-master\src\main\java\servlets\BuyBooksServlet.java,servlets.BuyBooksServlet,"doPost/2[servlets.HttpServletRequest,servlets.HttpServletResponse]",bName,1
C:\Users\OOPS\Downloads\onlinebookstore-master\onlinebookstore-master\src\main\java\servlets\BuyBooksServlet.java,servlets.BuyBooksServlet,"doPost/2[servlets.HttpServletRequest,servlets.HttpServletResponse]",e,1
C:\Users\OOPS\Downloads\onlinebookstore-master\onlinebookstore-master\src\main\java\servlets\BuyBooksServlet.java,servlets.BuyBooksServlet,"doPost/2[servlets.HttpServletRequest,servlets.HttpServletResponse]",pw,13
C:\Users\OOPS\Downloads\onlinebookstore-master\onlinebookstore-master\src\main\java\servlets\BuyBooksServlet.java,servlets.BuyBooksServlet,"doPost/2[servlets.HttpServletRequest,servlets.HttpServletResponse]",book,5
C:\Users\OOPS\Downloads\onlinebookstore-master\onlinebookstore-master\src\main\java\servlets\BuyBooksServlet.java,servlets.BuyBooksServlet,"doPost/2[servlets.HttpServletRequest,servlets.HttpServletResponse]",i,4
C:\Users\OOPS\Downloads\onlinebookstore-master\onlinebookstore-master\src\main\java\servlets\BuyBooksServlet.java,servlets.BuyBooksServlet,"doPost/2[servlets.HttpServletRequest,servlets.HttpServletResponse]",bCode,1
C:\Users\OOPS\Downloads\onlinebookstore-master\onlinebookstore-master\src\main\java\servlets\BuyBooksServlet.java,servlets.BuyBooksServlet,"doPost/2[servlets.HttpServletRequest,servlets.HttpServletResponse]",n,1
C:\Users\OOPS\Downloads\onlinebookstore-master\onlinebookstore-master\src\main\java\servlets\BuyBooksServlet.java,servlets.BuyBooksServlet,"doPost/2[servlets.HttpServletRequest,servlets.HttpServletResponse]",bPrice,1
C:\Users\OOPS\Downloads\onlinebookstore-master\onlinebookstore-master\src\main\java\servlets\BuyBooksServlet.java,servlets.BuyBooksServlet,"doPost/2[servlets.HttpServletRequest,servlets.HttpServletResponse]",q,1
C:\Users\OOPS\Downloads\onlinebookstore-master\onlinebookstore-master\src\main\java\servlets\BuyBooksServlet.java,servlets.BuyBooksServlet,"doPost/2[servlets.HttpServletRequest,servlets.HttpServletResponse]",rd,3
C:\Users\OOPS\Downloads\onlinebookstore-master\onlinebookstore-master\src\main\java\servlets\BuyBooksServlet.java,servlets.BuyBooksServlet,"doPost/2[servlets.HttpServletRequest,servlets.HttpServletResponse]",books,1
C:\Users\OOPS\Downloads\onlinebookstore-master\onlinebookstore-master\src\main\java\servlets\BuyBooksServlet.java,servlets.BuyBooksServlet,"doPost/2[servlets.HttpServletRequest,servlets.HttpServletResponse]",bAvl,1
C:\Users\OOPS\Downloads\onlinebookstore-master\onlinebookstore-master\src\main\java\servlets\BuyBooksServlet.java,servlets.BuyBooksServlet,"doPost/2[servlets.HttpServletRequest,servlets.HttpServletResponse]",bAuthor,1
C:\Users\OOPS\Downloads\onlinebookstore-master\onlinebookstore-master\src\main\java\servlets\BuyBooksServlet.java,servlets.BuyBooksServlet,"doPost/2[servlets.HttpServletRequest,servlets.HttpServletResponse]",req,5
C:\Users\OOPS\Downloads\onlinebookstore-master\onlinebookstore-master\src\main\java\servlets\CartServlet.java,servlets.CartServlet,"service/2[servlets.HttpServletRequest,servlets.HttpServletResponse]",amountToPay,6
C:\Users\OOPS\Downloads\onlinebookstore-master\onlinebookstore-master\src\main\java\servlets\CartServlet.java,servlets.CartServlet,"service/2[servlets.HttpServletRequest,servlets.HttpServletResponse]",res,4
C:\Users\OOPS\Downloads\onlinebookstore-master\onlinebookstore-master\src\main\java\servlets\CartServlet.java,servlets.CartServlet,"service/2[servlets.HttpServletRequest,servlets.HttpServletResponse]",e,1
C:\Users\OOPS\Downloads\onlinebookstore-master\onlinebookstore-master\src\main\java\servlets\CartServlet.java,servlets.CartServlet,"service/2[servlets.HttpServletRequest,servlets.HttpServletResponse]",session,5
C:\Users\OOPS\Downloads\onlinebookstore-master\onlinebookstore-master\src\main\java\servlets\CartServlet.java,servlets.CartServlet,"service/2[servlets.HttpServletRequest,servlets.HttpServletResponse]",pw,9
C:\Users\OOPS\Downloads\onlinebookstore-master\onlinebookstore-master\src\main\java\servlets\CartServlet.java,servlets.CartServlet,"service/2[servlets.HttpServletRequest,servlets.HttpServletResponse]",book,3
C:\Users\OOPS\Downloads\onlinebookstore-master\onlinebookstore-master\src\main\java\servlets\CartServlet.java,servlets.CartServlet,"service/2[servlets.HttpServletRequest,servlets.HttpServletResponse]",cart,2
C:\Users\OOPS\Downloads\onlinebookstore-master\onlinebookstore-master\src\main\java\servlets\CartServlet.java,servlets.CartServlet,"service/2[servlets.HttpServletRequest,servlets.HttpServletResponse]",rd,3
C:\Users\OOPS\Downloads\onlinebookstore-master\onlinebookstore-master\src\main\java\servlets\CartServlet.java,servlets.CartServlet,"service/2[servlets.HttpServletRequest,servlets.HttpServletResponse]",books,3
C:\Users\OOPS\Downloads\onlinebookstore-master\onlinebookstore-master\src\main\java\servlets\CartServlet.java,servlets.CartServlet,"service/2[servlets.HttpServletRequest,servlets.HttpServletResponse]",bookIds,2
C:\Users\OOPS\Downloads\onlinebookstore-master\onlinebookstore-master\src\main\java\servlets\CartServlet.java,servlets.CartServlet,"service/2[servlets.HttpServletRequest,servlets.HttpServletResponse]",qty,2
C:\Users\OOPS\Downloads\onlinebookstore-master\onlinebookstore-master\src\main\java\servlets\CartServlet.java,servlets.CartServlet,"service/2[servlets.HttpServletRequest,servlets.HttpServletResponse]",cartItems,2
C:\Users\OOPS\Downloads\onlinebookstore-master\onlinebookstore-master\src\main\java\servlets\CartServlet.java,servlets.CartServlet,"service/2[servlets.HttpServletRequest,servlets.HttpServletResponse]",req,7
C:\Users\OOPS\Downloads\onlinebookstore-master\onlinebookstore-master\src\main\java\servlets\CartServlet.java,servlets.CartServlet,getRowData/1[com.bittercode.model.Cart],book,6
C:\Users\OOPS\Downloads\onlinebookstore-master\onlinebookstore-master\src\main\java\servlets\CartServlet.java,servlets.CartServlet,getRowData/1[com.bittercode.model.Cart],cart,3
C:\Users\OOPS\Downloads\onlinebookstore-master\onlinebookstore-master\src\main\java\servlets\CustomerRegisterServlet.java,servlets.CustomerRegisterServlet,"service/2[servlets.HttpServletRequest,servlets.HttpServletResponse]",res,4
C:\Users\OOPS\Downloads\onlinebookstore-master\onlinebookstore-master\src\main\java\servlets\CustomerRegisterServlet.java,servlets.CustomerRegisterServlet,"service/2[servlets.HttpServletRequest,servlets.HttpServletResponse]",lName,1
C:\Users\OOPS\Downloads\onlinebookstore-master\onlinebookstore-master\src\main\java\servlets\CustomerRegisterServlet.java,servlets.CustomerRegisterServlet,"service/2[servlets.HttpServletRequest,servlets.HttpServletResponse]",e,1
C:\Users\OOPS\Downloads\onlinebookstore-master\onlinebookstore-master\src\main\java\servlets\CustomerRegisterServlet.java,servlets.CustomerRegisterServlet,"service/2[servlets.HttpServletRequest,servlets.HttpServletResponse]",pw,3
C:\Users\OOPS\Downloads\onlinebookstore-master\onlinebookstore-master\src\main\java\servlets\CustomerRegisterServlet.java,servlets.CustomerRegisterServlet,"service/2[servlets.HttpServletRequest,servlets.HttpServletResponse]",pWord,1
C:\Users\OOPS\Downloads\onlinebookstore-master\onlinebookstore-master\src\main\java\servlets\CustomerRegisterServlet.java,servlets.CustomerRegisterServlet,"service/2[servlets.HttpServletRequest,servlets.HttpServletResponse]",phNo,1
C:\Users\OOPS\Downloads\onlinebookstore-master\onlinebookstore-master\src\main\java\servlets\CustomerRegisterServlet.java,servlets.CustomerRegisterServlet,"service/2[servlets.HttpServletRequest,servlets.HttpServletResponse]",rd,3
C:\Users\OOPS\Downloads\onlinebookstore-master\onlinebookstore-master\src\main\java\servlets\CustomerRegisterServlet.java,servlets.CustomerRegisterServlet,"service/2[servlets.HttpServletRequest,servlets.HttpServletResponse]",fName,1
C:\Users\OOPS\Downloads\onlinebookstore-master\onlinebookstore-master\src\main\java\servlets\CustomerRegisterServlet.java,servlets.CustomerRegisterServlet,"service/2[servlets.HttpServletRequest,servlets.HttpServletResponse]",mailId,1
C:\Users\OOPS\Downloads\onlinebookstore-master\onlinebookstore-master\src\main\java\servlets\CustomerRegisterServlet.java,servlets.CustomerRegisterServlet,"service/2[servlets.HttpServletRequest,servlets.HttpServletResponse]",addr,1
C:\Users\OOPS\Downloads\onlinebookstore-master\onlinebookstore-master\src\main\java\servlets\CustomerRegisterServlet.java,servlets.CustomerRegisterServlet,"service/2[servlets.HttpServletRequest,servlets.HttpServletResponse]",user,7
C:\Users\OOPS\Downloads\onlinebookstore-master\onlinebookstore-master\src\main\java\servlets\CustomerRegisterServlet.java,servlets.CustomerRegisterServlet,"service/2[servlets.HttpServletRequest,servlets.HttpServletResponse]",respCode,3
C:\Users\OOPS\Downloads\onlinebookstore-master\onlinebookstore-master\src\main\java\servlets\CustomerRegisterServlet.java,servlets.CustomerRegisterServlet,"service/2[servlets.HttpServletRequest,servlets.HttpServletResponse]",req,10
C:\Users\OOPS\Downloads\onlinebookstore-master\onlinebookstore-master\src\main\java\servlets\AboutServlet.java,servlets.AboutServlet,"service/2[servlets.HttpServletRequest,servlets.HttpServletResponse]",res,5
C:\Users\OOPS\Downloads\onlinebookstore-master\onlinebookstore-master\src\main\java\servlets\AboutServlet.java,servlets.AboutServlet,"service/2[servlets.HttpServletRequest,servlets.HttpServletResponse]",rd,5
C:\Users\OOPS\Downloads\onlinebookstore-master\onlinebookstore-master\src\main\java\servlets\AboutServlet.java,servlets.AboutServlet,"service/2[servlets.HttpServletRequest,servlets.HttpServletResponse]",pw,5
C:\Users\OOPS\Downloads\onlinebookstore-master\onlinebookstore-master\src\main\java\servlets\AboutServlet.java,servlets.AboutServlet,"service/2[servlets.HttpServletRequest,servlets.HttpServletResponse]",req,8
