file,class,method,variable,usage
C:\Users\OOPS\Downloads\Library-Management-System-JAVA-master\Library-Management-System-JAVA-master\Project\src\LMS\HoldRequest.java,LMS.HoldRequest,"HoldRequest/3[LMS.Borrower,LMS.Book,java.util.Date]",book,1
C:\Users\OOPS\Downloads\Library-Management-System-JAVA-master\Library-Management-System-JAVA-master\Project\src\LMS\HoldRequest.java,LMS.HoldRequest,"HoldRequest/3[LMS.Borrower,LMS.Book,java.util.Date]",borrower,1
C:\Users\OOPS\Downloads\Library-Management-System-JAVA-master\Library-Management-System-JAVA-master\Project\src\LMS\HoldRequest.java,LMS.HoldRequest,"HoldRequest/3[LMS.Borrower,LMS.Book,java.util.Date]",requestDate,1
C:\Users\OOPS\Downloads\Library-Management-System-JAVA-master\Library-Management-System-JAVA-master\Project\src\LMS\HoldRequest.java,LMS.HoldRequest,print/0,book,1
C:\Users\OOPS\Downloads\Library-Management-System-JAVA-master\Library-Management-System-JAVA-master\Project\src\LMS\HoldRequest.java,LMS.HoldRequest,print/0,borrower,1
C:\Users\OOPS\Downloads\Library-Management-System-JAVA-master\Library-Management-System-JAVA-master\Project\src\LMS\HoldRequest.java,LMS.HoldRequest,print/0,requestDate,1
C:\Users\OOPS\Downloads\Library-Management-System-JAVA-master\Library-Management-System-JAVA-master\Project\src\LMS\HoldRequest.java,LMS.HoldRequest,getRequestDate/0,requestDate,1
C:\Users\OOPS\Downloads\Library-Management-System-JAVA-master\Library-Management-System-JAVA-master\Project\src\LMS\HoldRequest.java,LMS.HoldRequest,getBook/0,book,1
C:\Users\OOPS\Downloads\Library-Management-System-JAVA-master\Library-Management-System-JAVA-master\Project\src\LMS\HoldRequest.java,LMS.HoldRequest,getBorrower/0,borrower,1
C:\Users\OOPS\Downloads\Library-Management-System-JAVA-master\Library-Management-System-JAVA-master\Project\src\LMS\Staff.java,LMS.Staff,getSalary/0,salary,1
C:\Users\OOPS\Downloads\Library-Management-System-JAVA-master\Library-Management-System-JAVA-master\Project\src\LMS\Staff.java,LMS.Staff,"Staff/5[int,java.lang.String,java.lang.String,int,double]",salary,1
C:\Users\OOPS\Downloads\Library-Management-System-JAVA-master\Library-Management-System-JAVA-master\Project\src\LMS\Staff.java,LMS.Staff,printInfo/0,salary,1
C:\Users\OOPS\Downloads\Library-Management-System-JAVA-master\Library-Management-System-JAVA-master\Project\src\LMS\Book.java,LMS.Book,"issueBook/2[LMS.Borrower,LMS.Staff]",isIssued,1
C:\Users\OOPS\Downloads\Library-Management-System-JAVA-master\Library-Management-System-JAVA-master\Project\src\LMS\Book.java,LMS.Book,"issueBook/2[LMS.Borrower,LMS.Staff]",holdRequestsOperations,1
C:\Users\OOPS\Downloads\Library-Management-System-JAVA-master\Library-Management-System-JAVA-master\Project\src\LMS\Book.java,LMS.Book,"issueBook/2[LMS.Borrower,LMS.Staff]",title,2
C:\Users\OOPS\Downloads\Library-Management-System-JAVA-master\Library-Management-System-JAVA-master\Project\src\LMS\Book.java,LMS.Book,getIssuedStatus/0,isIssued,1
C:\Users\OOPS\Downloads\Library-Management-System-JAVA-master\Library-Management-System-JAVA-master\Project\src\LMS\Book.java,LMS.Book,makeHoldRequest/1[LMS.Borrower],title,1
C:\Users\OOPS\Downloads\Library-Management-System-JAVA-master\Library-Management-System-JAVA-master\Project\src\LMS\Book.java,LMS.Book,placeBookOnHold/1[LMS.Borrower],holdRequestsOperations,1
C:\Users\OOPS\Downloads\Library-Management-System-JAVA-master\Library-Management-System-JAVA-master\Project\src\LMS\Book.java,LMS.Book,placeBookOnHold/1[LMS.Borrower],title,1
C:\Users\OOPS\Downloads\Library-Management-System-JAVA-master\Library-Management-System-JAVA-master\Project\src\LMS\Book.java,LMS.Book,printInfo/0,author,1
C:\Users\OOPS\Downloads\Library-Management-System-JAVA-master\Library-Management-System-JAVA-master\Project\src\LMS\Book.java,LMS.Book,printInfo/0,subject,1
C:\Users\OOPS\Downloads\Library-Management-System-JAVA-master\Library-Management-System-JAVA-master\Project\src\LMS\Book.java,LMS.Book,printInfo/0,title,1
C:\Users\OOPS\Downloads\Library-Management-System-JAVA-master\Library-Management-System-JAVA-master\Project\src\LMS\Book.java,LMS.Book,changeBookInfo/0,author,1
C:\Users\OOPS\Downloads\Library-Management-System-JAVA-master\Library-Management-System-JAVA-master\Project\src\LMS\Book.java,LMS.Book,changeBookInfo/0,subject,1
C:\Users\OOPS\Downloads\Library-Management-System-JAVA-master\Library-Management-System-JAVA-master\Project\src\LMS\Book.java,LMS.Book,changeBookInfo/0,title,1
C:\Users\OOPS\Downloads\Library-Management-System-JAVA-master\Library-Management-System-JAVA-master\Project\src\LMS\Book.java,LMS.Book,setIDCount/1[int],currentIdNumber,1
C:\Users\OOPS\Downloads\Library-Management-System-JAVA-master\Library-Management-System-JAVA-master\Project\src\LMS\Book.java,LMS.Book,getTitle/0,title,1
C:\Users\OOPS\Downloads\Library-Management-System-JAVA-master\Library-Management-System-JAVA-master\Project\src\LMS\Book.java,LMS.Book,"Book/5[int,java.lang.String,java.lang.String,java.lang.String,boolean]",isIssued,1
C:\Users\OOPS\Downloads\Library-Management-System-JAVA-master\Library-Management-System-JAVA-master\Project\src\LMS\Book.java,LMS.Book,"Book/5[int,java.lang.String,java.lang.String,java.lang.String,boolean]",currentIdNumber,2
C:\Users\OOPS\Downloads\Library-Management-System-JAVA-master\Library-Management-System-JAVA-master\Project\src\LMS\Book.java,LMS.Book,"Book/5[int,java.lang.String,java.lang.String,java.lang.String,boolean]",subject,1
C:\Users\OOPS\Downloads\Library-Management-System-JAVA-master\Library-Management-System-JAVA-master\Project\src\LMS\Book.java,LMS.Book,"Book/5[int,java.lang.String,java.lang.String,java.lang.String,boolean]",author,1
C:\Users\OOPS\Downloads\Library-Management-System-JAVA-master\Library-Management-System-JAVA-master\Project\src\LMS\Book.java,LMS.Book,"Book/5[int,java.lang.String,java.lang.String,java.lang.String,boolean]",title,1
C:\Users\OOPS\Downloads\Library-Management-System-JAVA-master\Library-Management-System-JAVA-master\Project\src\LMS\Book.java,LMS.Book,"Book/5[int,java.lang.String,java.lang.String,java.lang.String,boolean]",bookID,2
C:\Users\OOPS\Downloads\Library-Management-System-JAVA-master\Library-Management-System-JAVA-master\Project\src\LMS\Book.java,LMS.Book,getSubject/0,subject,1
C:\Users\OOPS\Downloads\Library-Management-System-JAVA-master\Library-Management-System-JAVA-master\Project\src\LMS\Book.java,LMS.Book,getAuthor/0,author,1
C:\Users\OOPS\Downloads\Library-Management-System-JAVA-master\Library-Management-System-JAVA-master\Project\src\LMS\Book.java,LMS.Book,setIssuedStatus/1[boolean],isIssued,1
C:\Users\OOPS\Downloads\Library-Management-System-JAVA-master\Library-Management-System-JAVA-master\Project\src\LMS\Book.java,LMS.Book,getID/0,bookID,1
C:\Users\OOPS\Downloads\Library-Management-System-JAVA-master\Library-Management-System-JAVA-master\Project\src\LMS\Book.java,LMS.Book,serviceHoldRequest/1[LMS.HoldRequest],holdRequestsOperations,1
C:\Users\OOPS\Downloads\Library-Management-System-JAVA-master\Library-Management-System-JAVA-master\Project\src\LMS\HoldRequestOperations.java,LMS.HoldRequestOperations,addHoldRequest/1[LMS.HoldRequest],holdRequests,1
C:\Users\OOPS\Downloads\Library-Management-System-JAVA-master\Library-Management-System-JAVA-master\Project\src\LMS\HoldRequestOperations.java,LMS.HoldRequestOperations,removeHoldRequest/0,holdRequests,2
C:\Users\OOPS\Downloads\Library-Management-System-JAVA-master\Library-Management-System-JAVA-master\Project\src\LMS\HoldRequestOperations.java,LMS.HoldRequestOperations,HoldRequestOperations/0,holdRequests,1
C:\Users\OOPS\Downloads\Library-Management-System-JAVA-master\Library-Management-System-JAVA-master\Project\src\LMS\Borrower.java,LMS.Borrower,printBorrowedBooks/0,borrowedBooks,3
C:\Users\OOPS\Downloads\Library-Management-System-JAVA-master\Library-Management-System-JAVA-master\Project\src\LMS\Borrower.java,LMS.Borrower,removeHoldRequest/1[LMS.HoldRequest],onHoldBooks,1
C:\Users\OOPS\Downloads\Library-Management-System-JAVA-master\Library-Management-System-JAVA-master\Project\src\LMS\Borrower.java,LMS.Borrower,addBorrowedBook/1[LMS.Loan],borrowedBooks,1
C:\Users\OOPS\Downloads\Library-Management-System-JAVA-master\Library-Management-System-JAVA-master\Project\src\LMS\Borrower.java,LMS.Borrower,printOnHoldBooks/0,onHoldBooks,3
C:\Users\OOPS\Downloads\Library-Management-System-JAVA-master\Library-Management-System-JAVA-master\Project\src\LMS\Borrower.java,LMS.Borrower,getOnHoldBooks/0,onHoldBooks,1
C:\Users\OOPS\Downloads\Library-Management-System-JAVA-master\Library-Management-System-JAVA-master\Project\src\LMS\Borrower.java,LMS.Borrower,"Borrower/4[int,java.lang.String,java.lang.String,int]",borrowedBooks,1
C:\Users\OOPS\Downloads\Library-Management-System-JAVA-master\Library-Management-System-JAVA-master\Project\src\LMS\Borrower.java,LMS.Borrower,"Borrower/4[int,java.lang.String,java.lang.String,int]",onHoldBooks,1
C:\Users\OOPS\Downloads\Library-Management-System-JAVA-master\Library-Management-System-JAVA-master\Project\src\LMS\Borrower.java,LMS.Borrower,getBorrowedBooks/0,borrowedBooks,1
C:\Users\OOPS\Downloads\Library-Management-System-JAVA-master\Library-Management-System-JAVA-master\Project\src\LMS\Borrower.java,LMS.Borrower,removeBorrowedBook/1[LMS.Loan],borrowedBooks,1
C:\Users\OOPS\Downloads\Library-Management-System-JAVA-master\Library-Management-System-JAVA-master\Project\src\LMS\Borrower.java,LMS.Borrower,addHoldRequest/1[LMS.HoldRequest],onHoldBooks,1
C:\Users\OOPS\Downloads\Library-Management-System-JAVA-master\Library-Management-System-JAVA-master\Project\src\LMS\Person.java,LMS.Person,"Person/4[int,java.lang.String,java.lang.String,int]",password,1
C:\Users\OOPS\Downloads\Library-Management-System-JAVA-master\Library-Management-System-JAVA-master\Project\src\LMS\Person.java,LMS.Person,"Person/4[int,java.lang.String,java.lang.String,int]",address,3
C:\Users\OOPS\Downloads\Library-Management-System-JAVA-master\Library-Management-System-JAVA-master\Project\src\LMS\Person.java,LMS.Person,"Person/4[int,java.lang.String,java.lang.String,int]",currentIdNumber,2
C:\Users\OOPS\Downloads\Library-Management-System-JAVA-master\Library-Management-System-JAVA-master\Project\src\LMS\Person.java,LMS.Person,"Person/4[int,java.lang.String,java.lang.String,int]",name,3
C:\Users\OOPS\Downloads\Library-Management-System-JAVA-master\Library-Management-System-JAVA-master\Project\src\LMS\Person.java,LMS.Person,"Person/4[int,java.lang.String,java.lang.String,int]",id,3
C:\Users\OOPS\Downloads\Library-Management-System-JAVA-master\Library-Management-System-JAVA-master\Project\src\LMS\Person.java,LMS.Person,"Person/4[int,java.lang.String,java.lang.String,int]",phoneNo,1
C:\Users\OOPS\Downloads\Library-Management-System-JAVA-master\Library-Management-System-JAVA-master\Project\src\LMS\Person.java,LMS.Person,setPhone/1[int],phoneNo,1
C:\Users\OOPS\Downloads\Library-Management-System-JAVA-master\Library-Management-System-JAVA-master\Project\src\LMS\Person.java,LMS.Person,getName/0,name,1
C:\Users\OOPS\Downloads\Library-Management-System-JAVA-master\Library-Management-System-JAVA-master\Project\src\LMS\Person.java,LMS.Person,getPassword/0,password,1
C:\Users\OOPS\Downloads\Library-Management-System-JAVA-master\Library-Management-System-JAVA-master\Project\src\LMS\Person.java,LMS.Person,getAddress/0,address,1
C:\Users\OOPS\Downloads\Library-Management-System-JAVA-master\Library-Management-System-JAVA-master\Project\src\LMS\Person.java,LMS.Person,getID/0,id,1
C:\Users\OOPS\Downloads\Library-Management-System-JAVA-master\Library-Management-System-JAVA-master\Project\src\LMS\Person.java,LMS.Person,getPhoneNumber/0,phoneNo,1
C:\Users\OOPS\Downloads\Library-Management-System-JAVA-master\Library-Management-System-JAVA-master\Project\src\LMS\Person.java,LMS.Person,setAddress/1[java.lang.String],address,1
C:\Users\OOPS\Downloads\Library-Management-System-JAVA-master\Library-Management-System-JAVA-master\Project\src\LMS\Person.java,LMS.Person,setIDCount/1[int],currentIdNumber,1
C:\Users\OOPS\Downloads\Library-Management-System-JAVA-master\Library-Management-System-JAVA-master\Project\src\LMS\Person.java,LMS.Person,setName/1[java.lang.String],name,1
C:\Users\OOPS\Downloads\Library-Management-System-JAVA-master\Library-Management-System-JAVA-master\Project\src\LMS\Person.java,LMS.Person,printInfo/0,address,1
C:\Users\OOPS\Downloads\Library-Management-System-JAVA-master\Library-Management-System-JAVA-master\Project\src\LMS\Person.java,LMS.Person,printInfo/0,name,1
C:\Users\OOPS\Downloads\Library-Management-System-JAVA-master\Library-Management-System-JAVA-master\Project\src\LMS\Person.java,LMS.Person,printInfo/0,id,1
C:\Users\OOPS\Downloads\Library-Management-System-JAVA-master\Library-Management-System-JAVA-master\Project\src\LMS\Person.java,LMS.Person,printInfo/0,phoneNo,1
C:\Users\OOPS\Downloads\Library-Management-System-JAVA-master\Library-Management-System-JAVA-master\Project\src\LMS\Clerk.java,LMS.Clerk,printInfo/0,deskNo,1
C:\Users\OOPS\Downloads\Library-Management-System-JAVA-master\Library-Management-System-JAVA-master\Project\src\LMS\Clerk.java,LMS.Clerk,"Clerk/6[int,java.lang.String,java.lang.String,int,double,int]",currentdeskNumber,2
C:\Users\OOPS\Downloads\Library-Management-System-JAVA-master\Library-Management-System-JAVA-master\Project\src\LMS\Clerk.java,LMS.Clerk,"Clerk/6[int,java.lang.String,java.lang.String,int,double,int]",deskNo,2
C:\Users\OOPS\Downloads\Library-Management-System-JAVA-master\Library-Management-System-JAVA-master\Project\src\LMS\Loan.java,LMS.Loan,getBook/0,book,1
C:\Users\OOPS\Downloads\Library-Management-System-JAVA-master\Library-Management-System-JAVA-master\Project\src\LMS\Loan.java,LMS.Loan,getIssuer/0,issuer,1
C:\Users\OOPS\Downloads\Library-Management-System-JAVA-master\Library-Management-System-JAVA-master\Project\src\LMS\Loan.java,LMS.Loan,getBorrower/0,borrower,1
C:\Users\OOPS\Downloads\Library-Management-System-JAVA-master\Library-Management-System-JAVA-master\Project\src\LMS\Loan.java,LMS.Loan,getIssuedDate/0,issuedDate,1
C:\Users\OOPS\Downloads\Library-Management-System-JAVA-master\Library-Management-System-JAVA-master\Project\src\LMS\Loan.java,LMS.Loan,setFineStatus/1[boolean],finePaid,1
C:\Users\OOPS\Downloads\Library-Management-System-JAVA-master\Library-Management-System-JAVA-master\Project\src\LMS\Loan.java,LMS.Loan,setReceiver/1[LMS.Staff],receiver,1
C:\Users\OOPS\Downloads\Library-Management-System-JAVA-master\Library-Management-System-JAVA-master\Project\src\LMS\Loan.java,LMS.Loan,renewIssuedBook/1[java.util.Date],issuedDate,1
C:\Users\OOPS\Downloads\Library-Management-System-JAVA-master\Library-Management-System-JAVA-master\Project\src\LMS\Loan.java,LMS.Loan,getReceiver/0,receiver,1
C:\Users\OOPS\Downloads\Library-Management-System-JAVA-master\Library-Management-System-JAVA-master\Project\src\LMS\Loan.java,LMS.Loan,payFine/0,finePaid,3
C:\Users\OOPS\Downloads\Library-Management-System-JAVA-master\Library-Management-System-JAVA-master\Project\src\LMS\Loan.java,LMS.Loan,computeFine1/0,issuedDate,1
C:\Users\OOPS\Downloads\Library-Management-System-JAVA-master\Library-Management-System-JAVA-master\Project\src\LMS\Loan.java,LMS.Loan,computeFine1/0,finePaid,1
C:\Users\OOPS\Downloads\Library-Management-System-JAVA-master\Library-Management-System-JAVA-master\Project\src\LMS\Loan.java,LMS.Loan,setReturnedDate/1[java.util.Date],dateReturned,1
C:\Users\OOPS\Downloads\Library-Management-System-JAVA-master\Library-Management-System-JAVA-master\Project\src\LMS\Loan.java,LMS.Loan,"Loan/7[LMS.Borrower,LMS.Book,LMS.Staff,LMS.Staff,java.util.Date,java.util.Date,boolean]",issuedDate,1
C:\Users\OOPS\Downloads\Library-Management-System-JAVA-master\Library-Management-System-JAVA-master\Project\src\LMS\Loan.java,LMS.Loan,"Loan/7[LMS.Borrower,LMS.Book,LMS.Staff,LMS.Staff,java.util.Date,java.util.Date,boolean]",receiver,1
C:\Users\OOPS\Downloads\Library-Management-System-JAVA-master\Library-Management-System-JAVA-master\Project\src\LMS\Loan.java,LMS.Loan,"Loan/7[LMS.Borrower,LMS.Book,LMS.Staff,LMS.Staff,java.util.Date,java.util.Date,boolean]",finePaid,1
C:\Users\OOPS\Downloads\Library-Management-System-JAVA-master\Library-Management-System-JAVA-master\Project\src\LMS\Loan.java,LMS.Loan,"Loan/7[LMS.Borrower,LMS.Book,LMS.Staff,LMS.Staff,java.util.Date,java.util.Date,boolean]",book,1
C:\Users\OOPS\Downloads\Library-Management-System-JAVA-master\Library-Management-System-JAVA-master\Project\src\LMS\Loan.java,LMS.Loan,"Loan/7[LMS.Borrower,LMS.Book,LMS.Staff,LMS.Staff,java.util.Date,java.util.Date,boolean]",borrower,1
C:\Users\OOPS\Downloads\Library-Management-System-JAVA-master\Library-Management-System-JAVA-master\Project\src\LMS\Loan.java,LMS.Loan,"Loan/7[LMS.Borrower,LMS.Book,LMS.Staff,LMS.Staff,java.util.Date,java.util.Date,boolean]",dateReturned,1
C:\Users\OOPS\Downloads\Library-Management-System-JAVA-master\Library-Management-System-JAVA-master\Project\src\LMS\Loan.java,LMS.Loan,"Loan/7[LMS.Borrower,LMS.Book,LMS.Staff,LMS.Staff,java.util.Date,java.util.Date,boolean]",issuer,1
C:\Users\OOPS\Downloads\Library-Management-System-JAVA-master\Library-Management-System-JAVA-master\Project\src\LMS\Loan.java,LMS.Loan,getFineStatus/0,finePaid,1
C:\Users\OOPS\Downloads\Library-Management-System-JAVA-master\Library-Management-System-JAVA-master\Project\src\LMS\Loan.java,LMS.Loan,getReturnDate/0,dateReturned,1
C:\Users\OOPS\Downloads\Library-Management-System-JAVA-master\Library-Management-System-JAVA-master\Project\src\LMS\Librarian.java,LMS.Librarian,printInfo/0,officeNo,1
C:\Users\OOPS\Downloads\Library-Management-System-JAVA-master\Library-Management-System-JAVA-master\Project\src\LMS\Librarian.java,LMS.Librarian,"Librarian/6[int,java.lang.String,java.lang.String,int,double,int]",currentOfficeNumber,2
C:\Users\OOPS\Downloads\Library-Management-System-JAVA-master\Library-Management-System-JAVA-master\Project\src\LMS\Librarian.java,LMS.Librarian,"Librarian/6[int,java.lang.String,java.lang.String,int,double,int]",officeNo,2
C:\Users\OOPS\Downloads\Library-Management-System-JAVA-master\Library-Management-System-JAVA-master\Project\src\LMS\Library.java,LMS.Library,addBookinLibrary/1[LMS.Book],booksInLibrary,1
C:\Users\OOPS\Downloads\Library-Management-System-JAVA-master\Library-Management-System-JAVA-master\Project\src\LMS\Library.java,LMS.Library,setRequestExpiry/1[int],hold_request_expiry,1
C:\Users\OOPS\Downloads\Library-Management-System-JAVA-master\Library-Management-System-JAVA-master\Project\src\LMS\Library.java,LMS.Library,populateLibrary/1[java.sql.Connection],holdRequestsOperations,1
C:\Users\OOPS\Downloads\Library-Management-System-JAVA-master\Library-Management-System-JAVA-master\Project\src\LMS\Library.java,LMS.Library,populateLibrary/1[java.sql.Connection],loans,2
C:\Users\OOPS\Downloads\Library-Management-System-JAVA-master\Library-Management-System-JAVA-master\Project\src\LMS\Library.java,LMS.Library,findClerk/0,persons,4
C:\Users\OOPS\Downloads\Library-Management-System-JAVA-master\Library-Management-System-JAVA-master\Project\src\LMS\Library.java,LMS.Library,addClerk/1[LMS.Clerk],persons,1
C:\Users\OOPS\Downloads\Library-Management-System-JAVA-master\Library-Management-System-JAVA-master\Project\src\LMS\Library.java,LMS.Library,viewAllBooks/0,booksInLibrary,3
C:\Users\OOPS\Downloads\Library-Management-System-JAVA-master\Library-Management-System-JAVA-master\Project\src\LMS\Library.java,LMS.Library,getLibrarian/0,librarian,1
C:\Users\OOPS\Downloads\Library-Management-System-JAVA-master\Library-Management-System-JAVA-master\Project\src\LMS\Library.java,LMS.Library,getBooks/0,booksInLibrary,1
C:\Users\OOPS\Downloads\Library-Management-System-JAVA-master\Library-Management-System-JAVA-master\Project\src\LMS\Library.java,LMS.Library,viewHistory/0,loans,11
C:\Users\OOPS\Downloads\Library-Management-System-JAVA-master\Library-Management-System-JAVA-master\Project\src\LMS\Library.java,LMS.Library,getPersons/0,persons,1
C:\Users\OOPS\Downloads\Library-Management-System-JAVA-master\Library-Management-System-JAVA-master\Project\src\LMS\Library.java,LMS.Library,searchForBooks/0,booksInLibrary,2
C:\Users\OOPS\Downloads\Library-Management-System-JAVA-master\Library-Management-System-JAVA-master\Project\src\LMS\Library.java,LMS.Library,fillItBack/1[java.sql.Connection],loans,14
C:\Users\OOPS\Downloads\Library-Management-System-JAVA-master\Library-Management-System-JAVA-master\Project\src\LMS\Library.java,LMS.Library,Library/0,persons,1
C:\Users\OOPS\Downloads\Library-Management-System-JAVA-master\Library-Management-System-JAVA-master\Project\src\LMS\Library.java,LMS.Library,Library/0,loans,1
C:\Users\OOPS\Downloads\Library-Management-System-JAVA-master\Library-Management-System-JAVA-master\Project\src\LMS\Library.java,LMS.Library,Library/0,name,1
C:\Users\OOPS\Downloads\Library-Management-System-JAVA-master\Library-Management-System-JAVA-master\Project\src\LMS\Library.java,LMS.Library,Library/0,librarian,1
C:\Users\OOPS\Downloads\Library-Management-System-JAVA-master\Library-Management-System-JAVA-master\Project\src\LMS\Library.java,LMS.Library,Library/0,booksInLibrary,1
C:\Users\OOPS\Downloads\Library-Management-System-JAVA-master\Library-Management-System-JAVA-master\Project\src\LMS\Library.java,LMS.Library,setReturnDeadline/1[int],book_return_deadline,1
C:\Users\OOPS\Downloads\Library-Management-System-JAVA-master\Library-Management-System-JAVA-master\Project\src\LMS\Library.java,LMS.Library,addBorrower/1[LMS.Borrower],persons,1
C:\Users\OOPS\Downloads\Library-Management-System-JAVA-master\Library-Management-System-JAVA-master\Project\src\LMS\Library.java,LMS.Library,addLoan/1[LMS.Loan],loans,1
C:\Users\OOPS\Downloads\Library-Management-System-JAVA-master\Library-Management-System-JAVA-master\Project\src\LMS\Library.java,LMS.Library,login/0,persons,4
C:\Users\OOPS\Downloads\Library-Management-System-JAVA-master\Library-Management-System-JAVA-master\Project\src\LMS\Library.java,LMS.Library,login/0,librarian,4
C:\Users\OOPS\Downloads\Library-Management-System-JAVA-master\Library-Management-System-JAVA-master\Project\src\LMS\Library.java,LMS.Library,getHoldRequestExpiry/0,hold_request_expiry,1
C:\Users\OOPS\Downloads\Library-Management-System-JAVA-master\Library-Management-System-JAVA-master\Project\src\LMS\Library.java,LMS.Library,getLibraryName/0,name,1
C:\Users\OOPS\Downloads\Library-Management-System-JAVA-master\Library-Management-System-JAVA-master\Project\src\LMS\Library.java,LMS.Library,removeBookfromLibrary/1[LMS.Book],persons,3
C:\Users\OOPS\Downloads\Library-Management-System-JAVA-master\Library-Management-System-JAVA-master\Project\src\LMS\Library.java,LMS.Library,removeBookfromLibrary/1[LMS.Book],holdRequestsOperations,1
C:\Users\OOPS\Downloads\Library-Management-System-JAVA-master\Library-Management-System-JAVA-master\Project\src\LMS\Library.java,LMS.Library,removeBookfromLibrary/1[LMS.Book],booksInLibrary,1
C:\Users\OOPS\Downloads\Library-Management-System-JAVA-master\Library-Management-System-JAVA-master\Project\src\LMS\Library.java,LMS.Library,getInstance/0,obj,3
C:\Users\OOPS\Downloads\Library-Management-System-JAVA-master\Library-Management-System-JAVA-master\Project\src\LMS\Library.java,LMS.Library,findBorrower/0,persons,4
C:\Users\OOPS\Downloads\Library-Management-System-JAVA-master\Library-Management-System-JAVA-master\Project\src\LMS\Library.java,LMS.Library,setName/1[java.lang.String],name,1
C:\Users\OOPS\Downloads\Library-Management-System-JAVA-master\Library-Management-System-JAVA-master\Project\src\LMS\Library.java,LMS.Library,setFine/1[double],per_day_fine,1
C:\Users\OOPS\Downloads\Library-Management-System-JAVA-master\Library-Management-System-JAVA-master\Project\src\LMS\Library.java,LMS.Library,computeFine2/1[LMS.Borrower],loans,6
