file,class,method,variable,usage
C:\Users\OOPS\Downloads\Library-Management-System-JAVA-master\Library-Management-System-JAVA-master\Project\src\LMS\HoldRequest.java,LMS.HoldRequest,"HoldRequest/3[LMS.Borrower,LMS.Book,java.util.Date]",b,1
C:\Users\OOPS\Downloads\Library-Management-System-JAVA-master\Library-Management-System-JAVA-master\Project\src\LMS\HoldRequest.java,LMS.HoldRequest,"HoldRequest/3[LMS.Borrower,LMS.Book,java.util.Date]",bor,1
C:\Users\OOPS\Downloads\Library-Management-System-JAVA-master\Library-Management-System-JAVA-master\Project\src\LMS\HoldRequest.java,LMS.HoldRequest,"HoldRequest/3[LMS.Borrower,LMS.Book,java.util.Date]",reqDate,1
C:\Users\OOPS\Downloads\Library-Management-System-JAVA-master\Library-Management-System-JAVA-master\Project\src\LMS\Staff.java,LMS.Staff,"Staff/5[int,java.lang.String,java.lang.String,int,double]",p,1
C:\Users\OOPS\Downloads\Library-Management-System-JAVA-master\Library-Management-System-JAVA-master\Project\src\LMS\Staff.java,LMS.Staff,"Staff/5[int,java.lang.String,java.lang.String,int,double]",a,1
C:\Users\OOPS\Downloads\Library-Management-System-JAVA-master\Library-Management-System-JAVA-master\Project\src\LMS\Staff.java,LMS.Staff,"Staff/5[int,java.lang.String,java.lang.String,int,double]",s,1
C:\Users\OOPS\Downloads\Library-Management-System-JAVA-master\Library-Management-System-JAVA-master\Project\src\LMS\Staff.java,LMS.Staff,"Staff/5[int,java.lang.String,java.lang.String,int,double]",id,1
C:\Users\OOPS\Downloads\Library-Management-System-JAVA-master\Library-Management-System-JAVA-master\Project\src\LMS\Staff.java,LMS.Staff,"Staff/5[int,java.lang.String,java.lang.String,int,double]",n,1
C:\Users\OOPS\Downloads\Library-Management-System-JAVA-master\Library-Management-System-JAVA-master\Project\src\LMS\Book.java,LMS.Book,"issueBook/2[LMS.Borrower,LMS.Staff]",sc,3
C:\Users\OOPS\Downloads\Library-Management-System-JAVA-master\Library-Management-System-JAVA-master\Project\src\LMS\Book.java,LMS.Book,"issueBook/2[LMS.Borrower,LMS.Staff]",today,1
C:\Users\OOPS\Downloads\Library-Management-System-JAVA-master\Library-Management-System-JAVA-master\Project\src\LMS\Book.java,LMS.Book,"issueBook/2[LMS.Borrower,LMS.Staff]",hasRequest,3
C:\Users\OOPS\Downloads\Library-Management-System-JAVA-master\Library-Management-System-JAVA-master\Project\src\LMS\Book.java,LMS.Book,"issueBook/2[LMS.Borrower,LMS.Staff]",borrower,7
C:\Users\OOPS\Downloads\Library-Management-System-JAVA-master\Library-Management-System-JAVA-master\Project\src\LMS\Book.java,LMS.Book,"issueBook/2[LMS.Borrower,LMS.Staff]",iHistory,2
C:\Users\OOPS\Downloads\Library-Management-System-JAVA-master\Library-Management-System-JAVA-master\Project\src\LMS\Book.java,LMS.Book,"issueBook/2[LMS.Borrower,LMS.Staff]",i,7
C:\Users\OOPS\Downloads\Library-Management-System-JAVA-master\Library-Management-System-JAVA-master\Project\src\LMS\Book.java,LMS.Book,"issueBook/2[LMS.Borrower,LMS.Staff]",days,3
C:\Users\OOPS\Downloads\Library-Management-System-JAVA-master\Library-Management-System-JAVA-master\Project\src\LMS\Book.java,LMS.Book,"issueBook/2[LMS.Borrower,LMS.Staff]",staff,2
C:\Users\OOPS\Downloads\Library-Management-System-JAVA-master\Library-Management-System-JAVA-master\Project\src\LMS\Book.java,LMS.Book,"issueBook/2[LMS.Borrower,LMS.Staff]",hRequests,2
C:\Users\OOPS\Downloads\Library-Management-System-JAVA-master\Library-Management-System-JAVA-master\Project\src\LMS\Book.java,LMS.Book,"issueBook/2[LMS.Borrower,LMS.Staff]",hr,3
C:\Users\OOPS\Downloads\Library-Management-System-JAVA-master\Library-Management-System-JAVA-master\Project\src\LMS\Book.java,LMS.Book,"issueBook/2[LMS.Borrower,LMS.Staff]",choice,3
C:\Users\OOPS\Downloads\Library-Management-System-JAVA-master\Library-Management-System-JAVA-master\Project\src\LMS\Book.java,LMS.Book,"returnBook/3[LMS.Borrower,LMS.Loan,LMS.Staff]",borrower,2
C:\Users\OOPS\Downloads\Library-Management-System-JAVA-master\Library-Management-System-JAVA-master\Project\src\LMS\Book.java,LMS.Book,"returnBook/3[LMS.Borrower,LMS.Loan,LMS.Staff]",staff,2
C:\Users\OOPS\Downloads\Library-Management-System-JAVA-master\Library-Management-System-JAVA-master\Project\src\LMS\Book.java,LMS.Book,"returnBook/3[LMS.Borrower,LMS.Loan,LMS.Staff]",l,6
C:\Users\OOPS\Downloads\Library-Management-System-JAVA-master\Library-Management-System-JAVA-master\Project\src\LMS\Book.java,LMS.Book,makeHoldRequest/1[LMS.Borrower],borrower,4
C:\Users\OOPS\Downloads\Library-Management-System-JAVA-master\Library-Management-System-JAVA-master\Project\src\LMS\Book.java,LMS.Book,makeHoldRequest/1[LMS.Borrower],i,7
C:\Users\OOPS\Downloads\Library-Management-System-JAVA-master\Library-Management-System-JAVA-master\Project\src\LMS\Book.java,LMS.Book,makeHoldRequest/1[LMS.Borrower],makeRequest,2
C:\Users\OOPS\Downloads\Library-Management-System-JAVA-master\Library-Management-System-JAVA-master\Project\src\LMS\Book.java,LMS.Book,placeBookOnHold/1[LMS.Borrower],bor,3
C:\Users\OOPS\Downloads\Library-Management-System-JAVA-master\Library-Management-System-JAVA-master\Project\src\LMS\Book.java,LMS.Book,placeBookOnHold/1[LMS.Borrower],hr,2
C:\Users\OOPS\Downloads\Library-Management-System-JAVA-master\Library-Management-System-JAVA-master\Project\src\LMS\Book.java,LMS.Book,changeBookInfo/0,input,6
C:\Users\OOPS\Downloads\Library-Management-System-JAVA-master\Library-Management-System-JAVA-master\Project\src\LMS\Book.java,LMS.Book,changeBookInfo/0,reader,3
C:\Users\OOPS\Downloads\Library-Management-System-JAVA-master\Library-Management-System-JAVA-master\Project\src\LMS\Book.java,LMS.Book,changeBookInfo/0,scanner,3
C:\Users\OOPS\Downloads\Library-Management-System-JAVA-master\Library-Management-System-JAVA-master\Project\src\LMS\Book.java,LMS.Book,setIDCount/1[int],n,1
C:\Users\OOPS\Downloads\Library-Management-System-JAVA-master\Library-Management-System-JAVA-master\Project\src\LMS\Book.java,LMS.Book,printHoldRequests/0,i,4
C:\Users\OOPS\Downloads\Library-Management-System-JAVA-master\Library-Management-System-JAVA-master\Project\src\LMS\Book.java,LMS.Book,"Book/5[int,java.lang.String,java.lang.String,java.lang.String,boolean]",a,1
C:\Users\OOPS\Downloads\Library-Management-System-JAVA-master\Library-Management-System-JAVA-master\Project\src\LMS\Book.java,LMS.Book,"Book/5[int,java.lang.String,java.lang.String,java.lang.String,boolean]",s,1
C:\Users\OOPS\Downloads\Library-Management-System-JAVA-master\Library-Management-System-JAVA-master\Project\src\LMS\Book.java,LMS.Book,"Book/5[int,java.lang.String,java.lang.String,java.lang.String,boolean]",t,1
C:\Users\OOPS\Downloads\Library-Management-System-JAVA-master\Library-Management-System-JAVA-master\Project\src\LMS\Book.java,LMS.Book,"Book/5[int,java.lang.String,java.lang.String,java.lang.String,boolean]",id,2
C:\Users\OOPS\Downloads\Library-Management-System-JAVA-master\Library-Management-System-JAVA-master\Project\src\LMS\Book.java,LMS.Book,"Book/5[int,java.lang.String,java.lang.String,java.lang.String,boolean]",issued,1
C:\Users\OOPS\Downloads\Library-Management-System-JAVA-master\Library-Management-System-JAVA-master\Project\src\LMS\Book.java,LMS.Book,setIssuedStatus/1[boolean],s,1
C:\Users\OOPS\Downloads\Library-Management-System-JAVA-master\Library-Management-System-JAVA-master\Project\src\LMS\Book.java,LMS.Book,serviceHoldRequest/1[LMS.HoldRequest],hr,2
C:\Users\OOPS\Downloads\Library-Management-System-JAVA-master\Library-Management-System-JAVA-master\Project\src\LMS\HoldRequestOperations.java,LMS.HoldRequestOperations,addHoldRequest/1[LMS.HoldRequest],hr,1
C:\Users\OOPS\Downloads\Library-Management-System-JAVA-master\Library-Management-System-JAVA-master\Project\src\LMS\Borrower.java,LMS.Borrower,updateBorrowerInfo/0,sc,4
C:\Users\OOPS\Downloads\Library-Management-System-JAVA-master\Library-Management-System-JAVA-master\Project\src\LMS\Borrower.java,LMS.Borrower,updateBorrowerInfo/0,reader,2
C:\Users\OOPS\Downloads\Library-Management-System-JAVA-master\Library-Management-System-JAVA-master\Project\src\LMS\Borrower.java,LMS.Borrower,updateBorrowerInfo/0,choice,6
C:\Users\OOPS\Downloads\Library-Management-System-JAVA-master\Library-Management-System-JAVA-master\Project\src\LMS\Borrower.java,LMS.Borrower,printBorrowedBooks/0,i,4
C:\Users\OOPS\Downloads\Library-Management-System-JAVA-master\Library-Management-System-JAVA-master\Project\src\LMS\Borrower.java,LMS.Borrower,removeHoldRequest/1[LMS.HoldRequest],hr,1
C:\Users\OOPS\Downloads\Library-Management-System-JAVA-master\Library-Management-System-JAVA-master\Project\src\LMS\Borrower.java,LMS.Borrower,"updateBorrowerPhoneNumber/2[java.lang.String,java.util.Scanner]",sc,1
C:\Users\OOPS\Downloads\Library-Management-System-JAVA-master\Library-Management-System-JAVA-master\Project\src\LMS\Borrower.java,LMS.Borrower,"updateBorrowerPhoneNumber/2[java.lang.String,java.util.Scanner]",choice,1
C:\Users\OOPS\Downloads\Library-Management-System-JAVA-master\Library-Management-System-JAVA-master\Project\src\LMS\Borrower.java,LMS.Borrower,addBorrowedBook/1[LMS.Loan],iBook,1
C:\Users\OOPS\Downloads\Library-Management-System-JAVA-master\Library-Management-System-JAVA-master\Project\src\LMS\Borrower.java,LMS.Borrower,"updateBorrowerName/2[java.lang.String,java.io.BufferedReader]",reader,1
C:\Users\OOPS\Downloads\Library-Management-System-JAVA-master\Library-Management-System-JAVA-master\Project\src\LMS\Borrower.java,LMS.Borrower,"updateBorrowerName/2[java.lang.String,java.io.BufferedReader]",choice,1
C:\Users\OOPS\Downloads\Library-Management-System-JAVA-master\Library-Management-System-JAVA-master\Project\src\LMS\Borrower.java,LMS.Borrower,printOnHoldBooks/0,i,4
C:\Users\OOPS\Downloads\Library-Management-System-JAVA-master\Library-Management-System-JAVA-master\Project\src\LMS\Borrower.java,LMS.Borrower,"Borrower/4[int,java.lang.String,java.lang.String,int]",address,1
C:\Users\OOPS\Downloads\Library-Management-System-JAVA-master\Library-Management-System-JAVA-master\Project\src\LMS\Borrower.java,LMS.Borrower,"Borrower/4[int,java.lang.String,java.lang.String,int]",name,1
C:\Users\OOPS\Downloads\Library-Management-System-JAVA-master\Library-Management-System-JAVA-master\Project\src\LMS\Borrower.java,LMS.Borrower,"Borrower/4[int,java.lang.String,java.lang.String,int]",phoneNum,1
C:\Users\OOPS\Downloads\Library-Management-System-JAVA-master\Library-Management-System-JAVA-master\Project\src\LMS\Borrower.java,LMS.Borrower,"Borrower/4[int,java.lang.String,java.lang.String,int]",id,1
C:\Users\OOPS\Downloads\Library-Management-System-JAVA-master\Library-Management-System-JAVA-master\Project\src\LMS\Borrower.java,LMS.Borrower,"updateBorrowerAddress/2[java.lang.String,java.io.BufferedReader]",reader,1
C:\Users\OOPS\Downloads\Library-Management-System-JAVA-master\Library-Management-System-JAVA-master\Project\src\LMS\Borrower.java,LMS.Borrower,"updateBorrowerAddress/2[java.lang.String,java.io.BufferedReader]",choice,1
C:\Users\OOPS\Downloads\Library-Management-System-JAVA-master\Library-Management-System-JAVA-master\Project\src\LMS\Borrower.java,LMS.Borrower,removeBorrowedBook/1[LMS.Loan],iBook,1
C:\Users\OOPS\Downloads\Library-Management-System-JAVA-master\Library-Management-System-JAVA-master\Project\src\LMS\Borrower.java,LMS.Borrower,addHoldRequest/1[LMS.HoldRequest],hr,1
C:\Users\OOPS\Downloads\Library-Management-System-JAVA-master\Library-Management-System-JAVA-master\Project\src\LMS\Person.java,LMS.Person,"Person/4[int,java.lang.String,java.lang.String,int]",address,2
C:\Users\OOPS\Downloads\Library-Management-System-JAVA-master\Library-Management-System-JAVA-master\Project\src\LMS\Person.java,LMS.Person,"Person/4[int,java.lang.String,java.lang.String,int]",name,2
C:\Users\OOPS\Downloads\Library-Management-System-JAVA-master\Library-Management-System-JAVA-master\Project\src\LMS\Person.java,LMS.Person,"Person/4[int,java.lang.String,java.lang.String,int]",phoneNum,1
C:\Users\OOPS\Downloads\Library-Management-System-JAVA-master\Library-Management-System-JAVA-master\Project\src\LMS\Person.java,LMS.Person,"Person/4[int,java.lang.String,java.lang.String,int]",idNum,2
C:\Users\OOPS\Downloads\Library-Management-System-JAVA-master\Library-Management-System-JAVA-master\Project\src\LMS\Person.java,LMS.Person,setPhone/1[int],p,1
C:\Users\OOPS\Downloads\Library-Management-System-JAVA-master\Library-Management-System-JAVA-master\Project\src\LMS\Person.java,LMS.Person,setAddress/1[java.lang.String],a,1
C:\Users\OOPS\Downloads\Library-Management-System-JAVA-master\Library-Management-System-JAVA-master\Project\src\LMS\Person.java,LMS.Person,setIDCount/1[int],n,1
C:\Users\OOPS\Downloads\Library-Management-System-JAVA-master\Library-Management-System-JAVA-master\Project\src\LMS\Person.java,LMS.Person,setName/1[java.lang.String],n,1
C:\Users\OOPS\Downloads\Library-Management-System-JAVA-master\Library-Management-System-JAVA-master\Project\src\LMS\Clerk.java,LMS.Clerk,"Clerk/6[int,java.lang.String,java.lang.String,int,double,int]",a,1
C:\Users\OOPS\Downloads\Library-Management-System-JAVA-master\Library-Management-System-JAVA-master\Project\src\LMS\Clerk.java,LMS.Clerk,"Clerk/6[int,java.lang.String,java.lang.String,int,double,int]",s,1
C:\Users\OOPS\Downloads\Library-Management-System-JAVA-master\Library-Management-System-JAVA-master\Project\src\LMS\Clerk.java,LMS.Clerk,"Clerk/6[int,java.lang.String,java.lang.String,int,double,int]",dk,2
C:\Users\OOPS\Downloads\Library-Management-System-JAVA-master\Library-Management-System-JAVA-master\Project\src\LMS\Clerk.java,LMS.Clerk,"Clerk/6[int,java.lang.String,java.lang.String,int,double,int]",ph,1
C:\Users\OOPS\Downloads\Library-Management-System-JAVA-master\Library-Management-System-JAVA-master\Project\src\LMS\Clerk.java,LMS.Clerk,"Clerk/6[int,java.lang.String,java.lang.String,int,double,int]",id,1
C:\Users\OOPS\Downloads\Library-Management-System-JAVA-master\Library-Management-System-JAVA-master\Project\src\LMS\Clerk.java,LMS.Clerk,"Clerk/6[int,java.lang.String,java.lang.String,int,double,int]",n,1
C:\Users\OOPS\Downloads\Library-Management-System-JAVA-master\Library-Management-System-JAVA-master\Project\src\LMS\Loan.java,LMS.Loan,setFineStatus/1[boolean],fStatus,1
C:\Users\OOPS\Downloads\Library-Management-System-JAVA-master\Library-Management-System-JAVA-master\Project\src\LMS\Loan.java,LMS.Loan,setReceiver/1[LMS.Staff],r,1
C:\Users\OOPS\Downloads\Library-Management-System-JAVA-master\Library-Management-System-JAVA-master\Project\src\LMS\Loan.java,LMS.Loan,renewIssuedBook/1[java.util.Date],iDate,1
C:\Users\OOPS\Downloads\Library-Management-System-JAVA-master\Library-Management-System-JAVA-master\Project\src\LMS\Loan.java,LMS.Loan,payFine/0,input,1
C:\Users\OOPS\Downloads\Library-Management-System-JAVA-master\Library-Management-System-JAVA-master\Project\src\LMS\Loan.java,LMS.Loan,payFine/0,choice,4
C:\Users\OOPS\Downloads\Library-Management-System-JAVA-master\Library-Management-System-JAVA-master\Project\src\LMS\Loan.java,LMS.Loan,payFine/0,totalFine,2
C:\Users\OOPS\Downloads\Library-Management-System-JAVA-master\Library-Management-System-JAVA-master\Project\src\LMS\Loan.java,LMS.Loan,computeFine1/0,rDate,1
C:\Users\OOPS\Downloads\Library-Management-System-JAVA-master\Library-Management-System-JAVA-master\Project\src\LMS\Loan.java,LMS.Loan,computeFine1/0,days,6
C:\Users\OOPS\Downloads\Library-Management-System-JAVA-master\Library-Management-System-JAVA-master\Project\src\LMS\Loan.java,LMS.Loan,computeFine1/0,totalFine,3
C:\Users\OOPS\Downloads\Library-Management-System-JAVA-master\Library-Management-System-JAVA-master\Project\src\LMS\Loan.java,LMS.Loan,computeFine1/0,iDate,1
C:\Users\OOPS\Downloads\Library-Management-System-JAVA-master\Library-Management-System-JAVA-master\Project\src\LMS\Loan.java,LMS.Loan,setReturnedDate/1[java.util.Date],dReturned,1
C:\Users\OOPS\Downloads\Library-Management-System-JAVA-master\Library-Management-System-JAVA-master\Project\src\LMS\Loan.java,LMS.Loan,"Loan/7[LMS.Borrower,LMS.Book,LMS.Staff,LMS.Staff,java.util.Date,java.util.Date,boolean]",fPaid,1
C:\Users\OOPS\Downloads\Library-Management-System-JAVA-master\Library-Management-System-JAVA-master\Project\src\LMS\Loan.java,LMS.Loan,"Loan/7[LMS.Borrower,LMS.Book,LMS.Staff,LMS.Staff,java.util.Date,java.util.Date,boolean]",b,1
C:\Users\OOPS\Downloads\Library-Management-System-JAVA-master\Library-Management-System-JAVA-master\Project\src\LMS\Loan.java,LMS.Loan,"Loan/7[LMS.Borrower,LMS.Book,LMS.Staff,LMS.Staff,java.util.Date,java.util.Date,boolean]",r,1
C:\Users\OOPS\Downloads\Library-Management-System-JAVA-master\Library-Management-System-JAVA-master\Project\src\LMS\Loan.java,LMS.Loan,"Loan/7[LMS.Borrower,LMS.Book,LMS.Staff,LMS.Staff,java.util.Date,java.util.Date,boolean]",bor,1
C:\Users\OOPS\Downloads\Library-Management-System-JAVA-master\Library-Management-System-JAVA-master\Project\src\LMS\Loan.java,LMS.Loan,"Loan/7[LMS.Borrower,LMS.Book,LMS.Staff,LMS.Staff,java.util.Date,java.util.Date,boolean]",rDate,1
C:\Users\OOPS\Downloads\Library-Management-System-JAVA-master\Library-Management-System-JAVA-master\Project\src\LMS\Loan.java,LMS.Loan,"Loan/7[LMS.Borrower,LMS.Book,LMS.Staff,LMS.Staff,java.util.Date,java.util.Date,boolean]",i,1
C:\Users\OOPS\Downloads\Library-Management-System-JAVA-master\Library-Management-System-JAVA-master\Project\src\LMS\Loan.java,LMS.Loan,"Loan/7[LMS.Borrower,LMS.Book,LMS.Staff,LMS.Staff,java.util.Date,java.util.Date,boolean]",iDate,1
C:\Users\OOPS\Downloads\Library-Management-System-JAVA-master\Library-Management-System-JAVA-master\Project\src\LMS\Librarian.java,LMS.Librarian,"Librarian/6[int,java.lang.String,java.lang.String,int,double,int]",p,1
C:\Users\OOPS\Downloads\Library-Management-System-JAVA-master\Library-Management-System-JAVA-master\Project\src\LMS\Librarian.java,LMS.Librarian,"Librarian/6[int,java.lang.String,java.lang.String,int,double,int]",a,1
C:\Users\OOPS\Downloads\Library-Management-System-JAVA-master\Library-Management-System-JAVA-master\Project\src\LMS\Librarian.java,LMS.Librarian,"Librarian/6[int,java.lang.String,java.lang.String,int,double,int]",s,1
C:\Users\OOPS\Downloads\Library-Management-System-JAVA-master\Library-Management-System-JAVA-master\Project\src\LMS\Librarian.java,LMS.Librarian,"Librarian/6[int,java.lang.String,java.lang.String,int,double,int]",of,2
C:\Users\OOPS\Downloads\Library-Management-System-JAVA-master\Library-Management-System-JAVA-master\Project\src\LMS\Librarian.java,LMS.Librarian,"Librarian/6[int,java.lang.String,java.lang.String,int,double,int]",id,1
C:\Users\OOPS\Downloads\Library-Management-System-JAVA-master\Library-Management-System-JAVA-master\Project\src\LMS\Librarian.java,LMS.Librarian,"Librarian/6[int,java.lang.String,java.lang.String,int,double,int]",n,1
C:\Users\OOPS\Downloads\Library-Management-System-JAVA-master\Library-Management-System-JAVA-master\Project\src\LMS\Librarian.java,LMS.Librarian,addLibrarian/1[LMS.Librarian],lib,1
C:\Users\OOPS\Downloads\Library-Management-System-JAVA-master\Library-Management-System-JAVA-master\Project\src\LMS\Library.java,LMS.Library,addBookinLibrary/1[LMS.Book],b,1
C:\Users\OOPS\Downloads\Library-Management-System-JAVA-master\Library-Management-System-JAVA-master\Project\src\LMS\Library.java,LMS.Library,setRequestExpiry/1[int],hrExpiry,1
C:\Users\OOPS\Downloads\Library-Management-System-JAVA-master\Library-Management-System-JAVA-master\Project\src\LMS\Library.java,LMS.Library,populateLibrary/1[java.sql.Connection],bokid,3
C:\Users\OOPS\Downloads\Library-Management-System-JAVA-master\Library-Management-System-JAVA-master\Project\src\LMS\Library.java,LMS.Library,populateLibrary/1[java.sql.Connection],bb,10
C:\Users\OOPS\Downloads\Library-Management-System-JAVA-master\Library-Management-System-JAVA-master\Project\src\LMS\Library.java,LMS.Library,populateLibrary/1[java.sql.Connection],rs,57
C:\Users\OOPS\Downloads\Library-Management-System-JAVA-master\Library-Management-System-JAVA-master\Project\src\LMS\Library.java,LMS.Library,populateLibrary/1[java.sql.Connection],con,1
C:\Users\OOPS\Downloads\Library-Management-System-JAVA-master\Library-Management-System-JAVA-master\Project\src\LMS\Library.java,LMS.Library,populateLibrary/1[java.sql.Connection],lib,7
C:\Users\OOPS\Downloads\Library-Management-System-JAVA-master\Library-Management-System-JAVA-master\Project\src\LMS\Library.java,LMS.Library,populateLibrary/1[java.sql.Connection],iid,2
C:\Users\OOPS\Downloads\Library-Management-System-JAVA-master\Library-Management-System-JAVA-master\Project\src\LMS\Library.java,LMS.Library,populateLibrary/1[java.sql.Connection],subject,1
C:\Users\OOPS\Downloads\Library-Management-System-JAVA-master\Library-Management-System-JAVA-master\Project\src\LMS\Library.java,LMS.Library,populateLibrary/1[java.sql.Connection],cname,1
C:\Users\OOPS\Downloads\Library-Management-System-JAVA-master\Library-Management-System-JAVA-master\Project\src\LMS\Library.java,LMS.Library,populateLibrary/1[java.sql.Connection],adrs,5
C:\Users\OOPS\Downloads\Library-Management-System-JAVA-master\Library-Management-System-JAVA-master\Project\src\LMS\Library.java,LMS.Library,populateLibrary/1[java.sql.Connection],title,1
C:\Users\OOPS\Downloads\Library-Management-System-JAVA-master\Library-Management-System-JAVA-master\Project\src\LMS\Library.java,LMS.Library,populateLibrary/1[java.sql.Connection],rid,3
C:\Users\OOPS\Downloads\Library-Management-System-JAVA-master\Library-Management-System-JAVA-master\Project\src\LMS\Library.java,LMS.Library,populateLibrary/1[java.sql.Connection],fineStatus,1
C:\Users\OOPS\Downloads\Library-Management-System-JAVA-master\Library-Management-System-JAVA-master\Project\src\LMS\Library.java,LMS.Library,populateLibrary/1[java.sql.Connection],maxID,3
C:\Users\OOPS\Downloads\Library-Management-System-JAVA-master\Library-Management-System-JAVA-master\Project\src\LMS\Library.java,LMS.Library,populateLibrary/1[java.sql.Connection],lname,1
C:\Users\OOPS\Downloads\Library-Management-System-JAVA-master\Library-Management-System-JAVA-master\Project\src\LMS\Library.java,LMS.Library,populateLibrary/1[java.sql.Connection],rdate,4
C:\Users\OOPS\Downloads\Library-Management-System-JAVA-master\Library-Management-System-JAVA-master\Project\src\LMS\Library.java,LMS.Library,populateLibrary/1[java.sql.Connection],id,11
C:\Users\OOPS\Downloads\Library-Management-System-JAVA-master\Library-Management-System-JAVA-master\Project\src\LMS\Library.java,LMS.Library,populateLibrary/1[java.sql.Connection],sal,3
C:\Users\OOPS\Downloads\Library-Management-System-JAVA-master\Library-Management-System-JAVA-master\Project\src\LMS\Library.java,LMS.Library,populateLibrary/1[java.sql.Connection],okay,0
C:\Users\OOPS\Downloads\Library-Management-System-JAVA-master\Library-Management-System-JAVA-master\Project\src\LMS\Library.java,LMS.Library,populateLibrary/1[java.sql.Connection],idate,1
C:\Users\OOPS\Downloads\Library-Management-System-JAVA-master\Library-Management-System-JAVA-master\Project\src\LMS\Library.java,LMS.Library,populateLibrary/1[java.sql.Connection],b,3
C:\Users\OOPS\Downloads\Library-Management-System-JAVA-master\Library-Management-System-JAVA-master\Project\src\LMS\Library.java,LMS.Library,populateLibrary/1[java.sql.Connection],c,1
C:\Users\OOPS\Downloads\Library-Management-System-JAVA-master\Library-Management-System-JAVA-master\Project\src\LMS\Library.java,LMS.Library,populateLibrary/1[java.sql.Connection],set,23
C:\Users\OOPS\Downloads\Library-Management-System-JAVA-master\Library-Management-System-JAVA-master\Project\src\LMS\Library.java,LMS.Library,populateLibrary/1[java.sql.Connection],issue,1
C:\Users\OOPS\Downloads\Library-Management-System-JAVA-master\Library-Management-System-JAVA-master\Project\src\LMS\Library.java,LMS.Library,populateLibrary/1[java.sql.Connection],max,3
C:\Users\OOPS\Downloads\Library-Management-System-JAVA-master\Library-Management-System-JAVA-master\Project\src\LMS\Library.java,LMS.Library,populateLibrary/1[java.sql.Connection],author,1
C:\Users\OOPS\Downloads\Library-Management-System-JAVA-master\Library-Management-System-JAVA-master\Project\src\LMS\Library.java,LMS.Library,populateLibrary/1[java.sql.Connection],i,34
C:\Users\OOPS\Downloads\Library-Management-System-JAVA-master\Library-Management-System-JAVA-master\Project\src\LMS\Library.java,LMS.Library,populateLibrary/1[java.sql.Connection],k,16
C:\Users\OOPS\Downloads\Library-Management-System-JAVA-master\Library-Management-System-JAVA-master\Project\src\LMS\Library.java,LMS.Library,populateLibrary/1[java.sql.Connection],l,3
C:\Users\OOPS\Downloads\Library-Management-System-JAVA-master\Library-Management-System-JAVA-master\Project\src\LMS\Library.java,LMS.Library,populateLibrary/1[java.sql.Connection],off,3
C:\Users\OOPS\Downloads\Library-Management-System-JAVA-master\Library-Management-System-JAVA-master\Project\src\LMS\Library.java,LMS.Library,populateLibrary/1[java.sql.Connection],SQL,13
C:\Users\OOPS\Downloads\Library-Management-System-JAVA-master\Library-Management-System-JAVA-master\Project\src\LMS\Library.java,LMS.Library,populateLibrary/1[java.sql.Connection],bBook,1
C:\Users\OOPS\Downloads\Library-Management-System-JAVA-master\Library-Management-System-JAVA-master\Project\src\LMS\Library.java,LMS.Library,populateLibrary/1[java.sql.Connection],persons,7
C:\Users\OOPS\Downloads\Library-Management-System-JAVA-master\Library-Management-System-JAVA-master\Project\src\LMS\Library.java,LMS.Library,populateLibrary/1[java.sql.Connection],rd,3
C:\Users\OOPS\Downloads\Library-Management-System-JAVA-master\Library-Management-System-JAVA-master\Project\src\LMS\Library.java,LMS.Library,populateLibrary/1[java.sql.Connection],s,7
C:\Users\OOPS\Downloads\Library-Management-System-JAVA-master\Library-Management-System-JAVA-master\Project\src\LMS\Library.java,LMS.Library,populateLibrary/1[java.sql.Connection],books,15
C:\Users\OOPS\Downloads\Library-Management-System-JAVA-master\Library-Management-System-JAVA-master\Project\src\LMS\Library.java,LMS.Library,populateLibrary/1[java.sql.Connection],hbook,2
C:\Users\OOPS\Downloads\Library-Management-System-JAVA-master\Library-Management-System-JAVA-master\Project\src\LMS\Library.java,LMS.Library,populateLibrary/1[java.sql.Connection],phn,5
C:\Users\OOPS\Downloads\Library-Management-System-JAVA-master\Library-Management-System-JAVA-master\Project\src\LMS\Library.java,LMS.Library,populateLibrary/1[java.sql.Connection],desk,1
C:\Users\OOPS\Downloads\Library-Management-System-JAVA-master\Library-Management-System-JAVA-master\Project\src\LMS\Library.java,LMS.Library,populateLibrary/1[java.sql.Connection],name,1
C:\Users\OOPS\Downloads\Library-Management-System-JAVA-master\Library-Management-System-JAVA-master\Project\src\LMS\Library.java,LMS.Library,populateLibrary/1[java.sql.Connection],borid,3
C:\Users\OOPS\Downloads\Library-Management-System-JAVA-master\Library-Management-System-JAVA-master\Project\src\LMS\Library.java,LMS.Library,populateLibrary/1[java.sql.Connection],bid,1
C:\Users\OOPS\Downloads\Library-Management-System-JAVA-master\Library-Management-System-JAVA-master\Project\src\LMS\Library.java,LMS.Library,populateLibrary/1[java.sql.Connection],stmt,7
C:\Users\OOPS\Downloads\Library-Management-System-JAVA-master\Library-Management-System-JAVA-master\Project\src\LMS\Library.java,LMS.Library,findClerk/0,e,0
C:\Users\OOPS\Downloads\Library-Management-System-JAVA-master\Library-Management-System-JAVA-master\Project\src\LMS\Library.java,LMS.Library,findClerk/0,scanner,1
C:\Users\OOPS\Downloads\Library-Management-System-JAVA-master\Library-Management-System-JAVA-master\Project\src\LMS\Library.java,LMS.Library,findClerk/0,i,5
C:\Users\OOPS\Downloads\Library-Management-System-JAVA-master\Library-Management-System-JAVA-master\Project\src\LMS\Library.java,LMS.Library,findClerk/0,id,2
C:\Users\OOPS\Downloads\Library-Management-System-JAVA-master\Library-Management-System-JAVA-master\Project\src\LMS\Library.java,LMS.Library,addClerk/1[LMS.Clerk],c,1
C:\Users\OOPS\Downloads\Library-Management-System-JAVA-master\Library-Management-System-JAVA-master\Project\src\LMS\Library.java,LMS.Library,viewAllBooks/0,i,4
C:\Users\OOPS\Downloads\Library-Management-System-JAVA-master\Library-Management-System-JAVA-master\Project\src\LMS\Library.java,LMS.Library,"createBook/3[java.lang.String,java.lang.String,java.lang.String]",b,2
C:\Users\OOPS\Downloads\Library-Management-System-JAVA-master\Library-Management-System-JAVA-master\Project\src\LMS\Library.java,LMS.Library,"createBook/3[java.lang.String,java.lang.String,java.lang.String]",subject,1
C:\Users\OOPS\Downloads\Library-Management-System-JAVA-master\Library-Management-System-JAVA-master\Project\src\LMS\Library.java,LMS.Library,"createBook/3[java.lang.String,java.lang.String,java.lang.String]",author,1
C:\Users\OOPS\Downloads\Library-Management-System-JAVA-master\Library-Management-System-JAVA-master\Project\src\LMS\Library.java,LMS.Library,"createBook/3[java.lang.String,java.lang.String,java.lang.String]",title,1
C:\Users\OOPS\Downloads\Library-Management-System-JAVA-master\Library-Management-System-JAVA-master\Project\src\LMS\Library.java,LMS.Library,viewHistory/0,i,12
C:\Users\OOPS\Downloads\Library-Management-System-JAVA-master\Library-Management-System-JAVA-master\Project\src\LMS\Library.java,LMS.Library,searchForBooks/0,sc,1
C:\Users\OOPS\Downloads\Library-Management-System-JAVA-master\Library-Management-System-JAVA-master\Project\src\LMS\Library.java,LMS.Library,searchForBooks/0,b,6
C:\Users\OOPS\Downloads\Library-Management-System-JAVA-master\Library-Management-System-JAVA-master\Project\src\LMS\Library.java,LMS.Library,searchForBooks/0,matchedBooks,7
C:\Users\OOPS\Downloads\Library-Management-System-JAVA-master\Library-Management-System-JAVA-master\Project\src\LMS\Library.java,LMS.Library,searchForBooks/0,subject,2
C:\Users\OOPS\Downloads\Library-Management-System-JAVA-master\Library-Management-System-JAVA-master\Project\src\LMS\Library.java,LMS.Library,searchForBooks/0,author,2
C:\Users\OOPS\Downloads\Library-Management-System-JAVA-master\Library-Management-System-JAVA-master\Project\src\LMS\Library.java,LMS.Library,searchForBooks/0,reader,3
C:\Users\OOPS\Downloads\Library-Management-System-JAVA-master\Library-Management-System-JAVA-master\Project\src\LMS\Library.java,LMS.Library,searchForBooks/0,i,8
C:\Users\OOPS\Downloads\Library-Management-System-JAVA-master\Library-Management-System-JAVA-master\Project\src\LMS\Library.java,LMS.Library,searchForBooks/0,choice,8
C:\Users\OOPS\Downloads\Library-Management-System-JAVA-master\Library-Management-System-JAVA-master\Project\src\LMS\Library.java,LMS.Library,searchForBooks/0,title,2
C:\Users\OOPS\Downloads\Library-Management-System-JAVA-master\Library-Management-System-JAVA-master\Project\src\LMS\Library.java,LMS.Library,fillItBack/1[java.sql.Connection],template,37
C:\Users\OOPS\Downloads\Library-Management-System-JAVA-master\Library-Management-System-JAVA-master\Project\src\LMS\Library.java,LMS.Library,fillItBack/1[java.sql.Connection],stmts,17
C:\Users\OOPS\Downloads\Library-Management-System-JAVA-master\Library-Management-System-JAVA-master\Project\src\LMS\Library.java,LMS.Library,fillItBack/1[java.sql.Connection],con,19
C:\Users\OOPS\Downloads\Library-Management-System-JAVA-master\Library-Management-System-JAVA-master\Project\src\LMS\Library.java,LMS.Library,fillItBack/1[java.sql.Connection],books,6
C:\Users\OOPS\Downloads\Library-Management-System-JAVA-master\Library-Management-System-JAVA-master\Project\src\LMS\Library.java,LMS.Library,fillItBack/1[java.sql.Connection],set,2
C:\Users\OOPS\Downloads\Library-Management-System-JAVA-master\Library-Management-System-JAVA-master\Project\src\LMS\Library.java,LMS.Library,fillItBack/1[java.sql.Connection],lib,29
C:\Users\OOPS\Downloads\Library-Management-System-JAVA-master\Library-Management-System-JAVA-master\Project\src\LMS\Library.java,LMS.Library,fillItBack/1[java.sql.Connection],x,2
C:\Users\OOPS\Downloads\Library-Management-System-JAVA-master\Library-Management-System-JAVA-master\Project\src\LMS\Library.java,LMS.Library,fillItBack/1[java.sql.Connection],i,52
C:\Users\OOPS\Downloads\Library-Management-System-JAVA-master\Library-Management-System-JAVA-master\Project\src\LMS\Library.java,LMS.Library,fillItBack/1[java.sql.Connection],j,12
C:\Users\OOPS\Downloads\Library-Management-System-JAVA-master\Library-Management-System-JAVA-master\Project\src\LMS\Library.java,LMS.Library,fillItBack/1[java.sql.Connection],stmt,56
C:\Users\OOPS\Downloads\Library-Management-System-JAVA-master\Library-Management-System-JAVA-master\Project\src\LMS\Library.java,LMS.Library,createPerson/1[char],sc,3
C:\Users\OOPS\Downloads\Library-Management-System-JAVA-master\Library-Management-System-JAVA-master\Project\src\LMS\Library.java,LMS.Library,createPerson/1[char],b,3
C:\Users\OOPS\Downloads\Library-Management-System-JAVA-master\Library-Management-System-JAVA-master\Project\src\LMS\Library.java,LMS.Library,createPerson/1[char],ex,3
C:\Users\OOPS\Downloads\Library-Management-System-JAVA-master\Library-Management-System-JAVA-master\Project\src\LMS\Library.java,LMS.Library,createPerson/1[char],address,4
C:\Users\OOPS\Downloads\Library-Management-System-JAVA-master\Library-Management-System-JAVA-master\Project\src\LMS\Library.java,LMS.Library,createPerson/1[char],c,3
C:\Users\OOPS\Downloads\Library-Management-System-JAVA-master\Library-Management-System-JAVA-master\Project\src\LMS\Library.java,LMS.Library,createPerson/1[char],phone,4
C:\Users\OOPS\Downloads\Library-Management-System-JAVA-master\Library-Management-System-JAVA-master\Project\src\LMS\Library.java,LMS.Library,createPerson/1[char],e,2
C:\Users\OOPS\Downloads\Library-Management-System-JAVA-master\Library-Management-System-JAVA-master\Project\src\LMS\Library.java,LMS.Library,createPerson/1[char],reader,2
C:\Users\OOPS\Downloads\Library-Management-System-JAVA-master\Library-Management-System-JAVA-master\Project\src\LMS\Library.java,LMS.Library,createPerson/1[char],x,2
C:\Users\OOPS\Downloads\Library-Management-System-JAVA-master\Library-Management-System-JAVA-master\Project\src\LMS\Library.java,LMS.Library,createPerson/1[char],salary,5
C:\Users\OOPS\Downloads\Library-Management-System-JAVA-master\Library-Management-System-JAVA-master\Project\src\LMS\Library.java,LMS.Library,createPerson/1[char],l,3
C:\Users\OOPS\Downloads\Library-Management-System-JAVA-master\Library-Management-System-JAVA-master\Project\src\LMS\Library.java,LMS.Library,createPerson/1[char],n,7
C:\Users\OOPS\Downloads\Library-Management-System-JAVA-master\Library-Management-System-JAVA-master\Project\src\LMS\Library.java,LMS.Library,setReturnDeadline/1[int],deadline,1
C:\Users\OOPS\Downloads\Library-Management-System-JAVA-master\Library-Management-System-JAVA-master\Project\src\LMS\Library.java,LMS.Library,addBorrower/1[LMS.Borrower],b,1
C:\Users\OOPS\Downloads\Library-Management-System-JAVA-master\Library-Management-System-JAVA-master\Project\src\LMS\Library.java,LMS.Library,addLoan/1[LMS.Loan],l,1
C:\Users\OOPS\Downloads\Library-Management-System-JAVA-master\Library-Management-System-JAVA-master\Project\src\LMS\Library.java,LMS.Library,login/0,input,2
C:\Users\OOPS\Downloads\Library-Management-System-JAVA-master\Library-Management-System-JAVA-master\Project\src\LMS\Library.java,LMS.Library,login/0,password,3
C:\Users\OOPS\Downloads\Library-Management-System-JAVA-master\Library-Management-System-JAVA-master\Project\src\LMS\Library.java,LMS.Library,login/0,e,0
C:\Users\OOPS\Downloads\Library-Management-System-JAVA-master\Library-Management-System-JAVA-master\Project\src\LMS\Library.java,LMS.Library,login/0,i,5
C:\Users\OOPS\Downloads\Library-Management-System-JAVA-master\Library-Management-System-JAVA-master\Project\src\LMS\Library.java,LMS.Library,login/0,id,3
C:\Users\OOPS\Downloads\Library-Management-System-JAVA-master\Library-Management-System-JAVA-master\Project\src\LMS\Library.java,LMS.Library,removeBookfromLibrary/1[LMS.Book],borBooks,2
C:\Users\OOPS\Downloads\Library-Management-System-JAVA-master\Library-Management-System-JAVA-master\Project\src\LMS\Library.java,LMS.Library,removeBookfromLibrary/1[LMS.Book],sc,1
C:\Users\OOPS\Downloads\Library-Management-System-JAVA-master\Library-Management-System-JAVA-master\Project\src\LMS\Library.java,LMS.Library,removeBookfromLibrary/1[LMS.Book],b,3
C:\Users\OOPS\Downloads\Library-Management-System-JAVA-master\Library-Management-System-JAVA-master\Project\src\LMS\Library.java,LMS.Library,removeBookfromLibrary/1[LMS.Book],i,8
C:\Users\OOPS\Downloads\Library-Management-System-JAVA-master\Library-Management-System-JAVA-master\Project\src\LMS\Library.java,LMS.Library,removeBookfromLibrary/1[LMS.Book],j,3
C:\Users\OOPS\Downloads\Library-Management-System-JAVA-master\Library-Management-System-JAVA-master\Project\src\LMS\Library.java,LMS.Library,removeBookfromLibrary/1[LMS.Book],hRequests,3
C:\Users\OOPS\Downloads\Library-Management-System-JAVA-master\Library-Management-System-JAVA-master\Project\src\LMS\Library.java,LMS.Library,removeBookfromLibrary/1[LMS.Book],hr,2
C:\Users\OOPS\Downloads\Library-Management-System-JAVA-master\Library-Management-System-JAVA-master\Project\src\LMS\Library.java,LMS.Library,removeBookfromLibrary/1[LMS.Book],choice,3
C:\Users\OOPS\Downloads\Library-Management-System-JAVA-master\Library-Management-System-JAVA-master\Project\src\LMS\Library.java,LMS.Library,removeBookfromLibrary/1[LMS.Book],delete,5
C:\Users\OOPS\Downloads\Library-Management-System-JAVA-master\Library-Management-System-JAVA-master\Project\src\LMS\Library.java,LMS.Library,findBorrower/0,e,0
C:\Users\OOPS\Downloads\Library-Management-System-JAVA-master\Library-Management-System-JAVA-master\Project\src\LMS\Library.java,LMS.Library,findBorrower/0,scanner,1
C:\Users\OOPS\Downloads\Library-Management-System-JAVA-master\Library-Management-System-JAVA-master\Project\src\LMS\Library.java,LMS.Library,findBorrower/0,i,5
C:\Users\OOPS\Downloads\Library-Management-System-JAVA-master\Library-Management-System-JAVA-master\Project\src\LMS\Library.java,LMS.Library,findBorrower/0,id,2
C:\Users\OOPS\Downloads\Library-Management-System-JAVA-master\Library-Management-System-JAVA-master\Project\src\LMS\Library.java,LMS.Library,setName/1[java.lang.String],n,1
C:\Users\OOPS\Downloads\Library-Management-System-JAVA-master\Library-Management-System-JAVA-master\Project\src\LMS\Library.java,LMS.Library,makeConnection/0,uPass,1
C:\Users\OOPS\Downloads\Library-Management-System-JAVA-master\Library-Management-System-JAVA-master\Project\src\LMS\Library.java,LMS.Library,makeConnection/0,con,1
C:\Users\OOPS\Downloads\Library-Management-System-JAVA-master\Library-Management-System-JAVA-master\Project\src\LMS\Library.java,LMS.Library,makeConnection/0,err,1
C:\Users\OOPS\Downloads\Library-Management-System-JAVA-master\Library-Management-System-JAVA-master\Project\src\LMS\Library.java,LMS.Library,makeConnection/0,uName,1
C:\Users\OOPS\Downloads\Library-Management-System-JAVA-master\Library-Management-System-JAVA-master\Project\src\LMS\Library.java,LMS.Library,makeConnection/0,host,1
C:\Users\OOPS\Downloads\Library-Management-System-JAVA-master\Library-Management-System-JAVA-master\Project\src\LMS\Library.java,LMS.Library,setFine/1[double],perDayFine,1
C:\Users\OOPS\Downloads\Library-Management-System-JAVA-master\Library-Management-System-JAVA-master\Project\src\LMS\Library.java,LMS.Library,computeFine2/1[LMS.Borrower],borrower,1
C:\Users\OOPS\Downloads\Library-Management-System-JAVA-master\Library-Management-System-JAVA-master\Project\src\LMS\Library.java,LMS.Library,computeFine2/1[LMS.Borrower],per_loan_fine,3
C:\Users\OOPS\Downloads\Library-Management-System-JAVA-master\Library-Management-System-JAVA-master\Project\src\LMS\Library.java,LMS.Library,computeFine2/1[LMS.Borrower],i,8
C:\Users\OOPS\Downloads\Library-Management-System-JAVA-master\Library-Management-System-JAVA-master\Project\src\LMS\Library.java,LMS.Library,computeFine2/1[LMS.Borrower],l,2
C:\Users\OOPS\Downloads\Library-Management-System-JAVA-master\Library-Management-System-JAVA-master\Project\src\LMS\Library.java,LMS.Library,computeFine2/1[LMS.Borrower],totalFine,2
C:\Users\OOPS\Downloads\Library-Management-System-JAVA-master\Library-Management-System-JAVA-master\Project\src\LMS\Main.java,LMS.Main,clrscr/0,i,2
C:\Users\OOPS\Downloads\Library-Management-System-JAVA-master\Library-Management-System-JAVA-master\Project\src\LMS\Main.java,LMS.Main,"takeInput/2[int,int]",input,1
C:\Users\OOPS\Downloads\Library-Management-System-JAVA-master\Library-Management-System-JAVA-master\Project\src\LMS\Main.java,LMS.Main,"takeInput/2[int,int]",min,1
C:\Users\OOPS\Downloads\Library-Management-System-JAVA-master\Library-Management-System-JAVA-master\Project\src\LMS\Main.java,LMS.Main,"takeInput/2[int,int]",max,1
C:\Users\OOPS\Downloads\Library-Management-System-JAVA-master\Library-Management-System-JAVA-master\Project\src\LMS\Main.java,LMS.Main,"takeInput/2[int,int]",choice,5
C:\Users\OOPS\Downloads\Library-Management-System-JAVA-master\Library-Management-System-JAVA-master\Project\src\LMS\Main.java,LMS.Main,main/1[java.lang.String[]],args,0
C:\Users\OOPS\Downloads\Library-Management-System-JAVA-master\Library-Management-System-JAVA-master\Project\src\LMS\Main.java,LMS.Main,main/1[java.lang.String[]],con,3
C:\Users\OOPS\Downloads\Library-Management-System-JAVA-master\Library-Management-System-JAVA-master\Project\src\LMS\Main.java,LMS.Main,main/1[java.lang.String[]],lib,12
C:\Users\OOPS\Downloads\Library-Management-System-JAVA-master\Library-Management-System-JAVA-master\Project\src\LMS\Main.java,LMS.Main,main/1[java.lang.String[]],stop,2
C:\Users\OOPS\Downloads\Library-Management-System-JAVA-master\Library-Management-System-JAVA-master\Project\src\LMS\Main.java,LMS.Main,main/1[java.lang.String[]],e,0
C:\Users\OOPS\Downloads\Library-Management-System-JAVA-master\Library-Management-System-JAVA-master\Project\src\LMS\Main.java,LMS.Main,main/1[java.lang.String[]],person,7
C:\Users\OOPS\Downloads\Library-Management-System-JAVA-master\Library-Management-System-JAVA-master\Project\src\LMS\Main.java,LMS.Main,main/1[java.lang.String[]],scanner,1
C:\Users\OOPS\Downloads\Library-Management-System-JAVA-master\Library-Management-System-JAVA-master\Project\src\LMS\Main.java,LMS.Main,main/1[java.lang.String[]],admin,2
C:\Users\OOPS\Downloads\Library-Management-System-JAVA-master\Library-Management-System-JAVA-master\Project\src\LMS\Main.java,LMS.Main,main/1[java.lang.String[]],choice,18
C:\Users\OOPS\Downloads\Library-Management-System-JAVA-master\Library-Management-System-JAVA-master\Project\src\LMS\Main.java,LMS.Main,main/1[java.lang.String[]],aPass,1
C:\Users\OOPS\Downloads\Library-Management-System-JAVA-master\Library-Management-System-JAVA-master\Project\src\LMS\Main.java,LMS.Main,"allFunctionalities/2[LMS.Person,int]",b,4
C:\Users\OOPS\Downloads\Library-Management-System-JAVA-master\Library-Management-System-JAVA-master\Project\src\LMS\Main.java,LMS.Main,"allFunctionalities/2[LMS.Person,int]",lib,19
C:\Users\OOPS\Downloads\Library-Management-System-JAVA-master\Library-Management-System-JAVA-master\Project\src\LMS\Main.java,LMS.Main,"allFunctionalities/2[LMS.Person,int]",bor,25
C:\Users\OOPS\Downloads\Library-Management-System-JAVA-master\Library-Management-System-JAVA-master\Project\src\LMS\Main.java,LMS.Main,"allFunctionalities/2[LMS.Person,int]",loans,7
C:\Users\OOPS\Downloads\Library-Management-System-JAVA-master\Library-Management-System-JAVA-master\Project\src\LMS\Main.java,LMS.Main,"allFunctionalities/2[LMS.Person,int]",reader,3
C:\Users\OOPS\Downloads\Library-Management-System-JAVA-master\Library-Management-System-JAVA-master\Project\src\LMS\Main.java,LMS.Main,"allFunctionalities/2[LMS.Person,int]",subject,1
C:\Users\OOPS\Downloads\Library-Management-System-JAVA-master\Library-Management-System-JAVA-master\Project\src\LMS\Main.java,LMS.Main,"allFunctionalities/2[LMS.Person,int]",author,1
C:\Users\OOPS\Downloads\Library-Management-System-JAVA-master\Library-Management-System-JAVA-master\Project\src\LMS\Main.java,LMS.Main,"allFunctionalities/2[LMS.Person,int]",l,2
C:\Users\OOPS\Downloads\Library-Management-System-JAVA-master\Library-Management-System-JAVA-master\Project\src\LMS\Main.java,LMS.Main,"allFunctionalities/2[LMS.Person,int]",title,1
C:\Users\OOPS\Downloads\Library-Management-System-JAVA-master\Library-Management-System-JAVA-master\Project\src\LMS\Main.java,LMS.Main,"allFunctionalities/2[LMS.Person,int]",totalFine,3
C:\Users\OOPS\Downloads\Library-Management-System-JAVA-master\Library-Management-System-JAVA-master\Project\src\LMS\Main.java,LMS.Main,"allFunctionalities/2[LMS.Person,int]",clerk,2
C:\Users\OOPS\Downloads\Library-Management-System-JAVA-master\Library-Management-System-JAVA-master\Project\src\LMS\Main.java,LMS.Main,"allFunctionalities/2[LMS.Person,int]",input,14
C:\Users\OOPS\Downloads\Library-Management-System-JAVA-master\Library-Management-System-JAVA-master\Project\src\LMS\Main.java,LMS.Main,"allFunctionalities/2[LMS.Person,int]",books,19
C:\Users\OOPS\Downloads\Library-Management-System-JAVA-master\Library-Management-System-JAVA-master\Project\src\LMS\Main.java,LMS.Main,"allFunctionalities/2[LMS.Person,int]",person,11
C:\Users\OOPS\Downloads\Library-Management-System-JAVA-master\Library-Management-System-JAVA-master\Project\src\LMS\Main.java,LMS.Main,"allFunctionalities/2[LMS.Person,int]",scanner,1
C:\Users\OOPS\Downloads\Library-Management-System-JAVA-master\Library-Management-System-JAVA-master\Project\src\LMS\Main.java,LMS.Main,"allFunctionalities/2[LMS.Person,int]",choice,14
