<?xml version="1.0" encoding="UTF-8"?>
<system>
	<pattern name="Factory Method">
		<instance>
			<role name="Creator" element="model.pizza.PizzademicPizza" />
			<role name="FactoryMethod()" element="model.pizza.PizzademicPizza::clone():model.pizza.PizzademicPizza" />
		</instance>
		<instance>
			<role name="Creator" element="model.upgrade.Upgrade" />
			<role name="FactoryMethod()" element="model.upgrade.Upgrade::clone():model.upgrade.Upgrade" />
		</instance>
	</pattern>
	<pattern name="Prototype" />
	<pattern name="Singleton" />
	<pattern name="(Object)Adapter" />
	<pattern name="Command" />
	<pattern name="Composite" />
	<pattern name="Decorator" />
	<pattern name="Observer" />
	<pattern name="State" />
	<pattern name="Strategy" />
	<pattern name="Bridge" />
	<pattern name="Template Method">
		<instance>
			<role name="AbstractClass" element="model.pizza.PizzademicPizza" />
			<role name="TemplateMethod()" element="model.pizza.PizzademicPizza::clone():java.lang.Object" />
		</instance>
		<instance>
			<role name="AbstractClass" element="model.upgrade.Upgrade" />
			<role name="TemplateMethod()" element="model.upgrade.Upgrade::clone():java.lang.Object" />
		</instance>
	</pattern>
	<pattern name="Visitor" />
	<pattern name="Proxy" />
	<pattern name="Proxy2" />
	<pattern name="Chain of Responsibility" />
</system>

