file,class,method,variable,usage
/home/x1/Desktop/ass/ass16/java-ecommerce-cli-main/src/Order.java,src.Orders,Orders/0,orders,1
/home/x1/Desktop/ass/ass16/java-ecommerce-cli-main/src/Order.java,src.Orders,getAllOrders/0,orders,1
/home/x1/Desktop/ass/ass16/java-ecommerce-cli-main/src/Order.java,src.Orders,printCartOf/1[int],orders,1
/home/x1/Desktop/ass/ass16/java-ecommerce-cli-main/src/Products.java,src.Product,toString/0,price,1
/home/x1/Desktop/ass/ass16/java-ecommerce-cli-main/src/Products.java,src.Product,toString/0,name,1
/home/x1/Desktop/ass/ass16/java-ecommerce-cli-main/src/Products.java,src.Product,toString/0,description,1
/home/x1/Desktop/ass/ass16/java-ecommerce-cli-main/src/Products.java,src.Product,toString/0,id,1
/home/x1/Desktop/ass/ass16/java-ecommerce-cli-main/src/Products.java,src.Product,"Product/4[java.lang.Integer,java.lang.String,double,java.lang.String]",price,3
/home/x1/Desktop/ass/ass16/java-ecommerce-cli-main/src/Products.java,src.Product,"Product/4[java.lang.Integer,java.lang.String,double,java.lang.String]",name,3
/home/x1/Desktop/ass/ass16/java-ecommerce-cli-main/src/Products.java,src.Product,"Product/4[java.lang.Integer,java.lang.String,double,java.lang.String]",description,3
/home/x1/Desktop/ass/ass16/java-ecommerce-cli-main/src/Products.java,src.Product,"Product/4[java.lang.Integer,java.lang.String,double,java.lang.String]",id,3
/home/x1/Desktop/ass/ass16/java-ecommerce-cli-main/src/Products.java,src.Product,csvString/0,price,1
/home/x1/Desktop/ass/ass16/java-ecommerce-cli-main/src/Products.java,src.Product,csvString/0,name,1
/home/x1/Desktop/ass/ass16/java-ecommerce-cli-main/src/Products.java,src.Product,csvString/0,description,1
/home/x1/Desktop/ass/ass16/java-ecommerce-cli-main/src/Products.java,src.Product,csvString/0,id,1
/home/x1/Desktop/ass/ass16/java-ecommerce-cli-main/src/Products.java,src.Product,csvString/0,isActive,1
/home/x1/Desktop/ass/ass16/java-ecommerce-cli-main/src/PhoneOtp.java,src.PhoneOtp,sendOtp/1[java.lang.String],phone,1
/home/x1/Desktop/ass/ass16/java-ecommerce-cli-main/src/PhoneOtp.java,src.PhoneOtp,sendOtp/1[java.lang.String],otp,4
/home/x1/Desktop/ass/ass16/java-ecommerce-cli-main/src/PhoneOtp.java,src.PhoneOtp,"validateOtp/2[java.lang.String,java.lang.String]",phone,3
/home/x1/Desktop/ass/ass16/java-ecommerce-cli-main/src/PhoneOtp.java,src.PhoneOtp,"validateOtp/2[java.lang.String,java.lang.String]",otp,3
/home/x1/Desktop/ass/ass16/java-ecommerce-cli-main/src/PhoneOtp.java,src.PhoneOtp,PhoneOtp/1[java.lang.String],phone,3
/home/x1/Desktop/ass/ass16/java-ecommerce-cli-main/src/Products.java,src.Products,productIdToProduct/1[int],products,1
/home/x1/Desktop/ass/ass16/java-ecommerce-cli-main/src/Products.java,src.Products,Products/0,products,1
/home/x1/Desktop/ass/ass16/java-ecommerce-cli-main/src/Products.java,src.Products,addProduct/1[java.util.Scanner],products,1
/home/x1/Desktop/ass/ass16/java-ecommerce-cli-main/src/Products.java,src.Products,getProducts/0,products,1
/home/x1/Desktop/ass/ass16/java-ecommerce-cli-main/src/User.java,src.User,addUserToFile/1[src.User],inDB,2
/home/x1/Desktop/ass/ass16/java-ecommerce-cli-main/src/User.java,src.User,"User/2[java.lang.String,java.util.Scanner]",inDB,1
/home/x1/Desktop/ass/ass16/java-ecommerce-cli-main/src/User.java,src.User,"User/2[java.lang.String,java.util.Scanner]",address,2
/home/x1/Desktop/ass/ass16/java-ecommerce-cli-main/src/User.java,src.User,"User/2[java.lang.String,java.util.Scanner]",phone,5
/home/x1/Desktop/ass/ass16/java-ecommerce-cli-main/src/User.java,src.User,"User/2[java.lang.String,java.util.Scanner]",isStaff,1
/home/x1/Desktop/ass/ass16/java-ecommerce-cli-main/src/User.java,src.User,"User/2[java.lang.String,java.util.Scanner]",id,1
/home/x1/Desktop/ass/ass16/java-ecommerce-cli-main/src/User.java,src.User,"User/2[java.lang.String,java.util.Scanner]",timestamp,1
/home/x1/Desktop/ass/ass16/java-ecommerce-cli-main/src/User.java,src.User,csvString/0,address,1
/home/x1/Desktop/ass/ass16/java-ecommerce-cli-main/src/User.java,src.User,csvString/0,phone,1
/home/x1/Desktop/ass/ass16/java-ecommerce-cli-main/src/User.java,src.User,csvString/0,isStaff,1
/home/x1/Desktop/ass/ass16/java-ecommerce-cli-main/src/User.java,src.User,csvString/0,id,1
/home/x1/Desktop/ass/ass16/java-ecommerce-cli-main/src/User.java,src.User,csvString/0,timestamp,1
/home/x1/Desktop/ass/ass16/java-ecommerce-cli-main/src/User.java,src.User,"getOrAddAddress/2[java.lang.String,java.util.Scanner]",address,2
/home/x1/Desktop/ass/ass16/java-ecommerce-cli-main/src/User.java,src.User,"getOrAddAddress/2[java.lang.String,java.util.Scanner]",phone,1
/home/x1/Desktop/ass/ass16/java-ecommerce-cli-main/src/Driver.java,src.Driver,authenticateUser/1[java.util.Scanner],user,2
/home/x1/Desktop/ass/ass16/java-ecommerce-cli-main/src/Driver.java,src.Driver,authenticateUser/1[java.util.Scanner],order,1
/home/x1/Desktop/ass/ass16/java-ecommerce-cli-main/src/Driver.java,src.Driver,getOrCreateOrders/0,orders,4
/home/x1/Desktop/ass/ass16/java-ecommerce-cli-main/src/Driver.java,src.Driver,main/1[java.lang.String[]],user,3
/home/x1/Desktop/ass/ass16/java-ecommerce-cli-main/src/Driver.java,src.Driver,main/1[java.lang.String[]],order,6
/home/x1/Desktop/ass/ass16/java-ecommerce-cli-main/src/Print.java,src.Print,"formatAsTable/3[java.util.List<java.util.List<java.lang.String>>,java.lang.String,java.lang.String]",RESET,2
/home/x1/Desktop/ass/ass16/java-ecommerce-cli-main/src/Print.java,src.Print,"print/2[java.lang.String,java.lang.String]",RESET,1
/home/x1/Desktop/ass/ass16/java-ecommerce-cli-main/src/Order.java,src.Order,completeOrder/1[java.util.Scanner],dateOrdered,1
/home/x1/Desktop/ass/ass16/java-ecommerce-cli-main/src/Order.java,src.Order,completeOrder/1[java.util.Scanner],complete,1
/home/x1/Desktop/ass/ass16/java-ecommerce-cli-main/src/Order.java,src.Order,completeOrder/1[java.util.Scanner],products,1
/home/x1/Desktop/ass/ass16/java-ecommerce-cli-main/src/Order.java,src.Order,Order/1[src.User],user,3
/home/x1/Desktop/ass/ass16/java-ecommerce-cli-main/src/Order.java,src.Order,csvString/1[src.Order],id,1
/home/x1/Desktop/ass/ass16/java-ecommerce-cli-main/src/Order.java,src.Order,getCartItems/0,products,2
/home/x1/Desktop/ass/ass16/java-ecommerce-cli-main/src/Order.java,src.Order,addToCart/1[src.Product],products,1
/home/x1/Desktop/ass/ass16/java-ecommerce-cli-main/src/Order.java,src.Order,getCartTotal/1[src.Order],products,1
