file,class,method,variable,usage
/home/x1/Desktop/ass/ass16/java-ecommerce-cli-main/src/Order.java,src.Orders,Orders/0,fileScanner,4
/home/x1/Desktop/ass/ass16/java-ecommerce-cli-main/src/Order.java,src.Orders,Orders/0,file,1
/home/x1/Desktop/ass/ass16/java-ecommerce-cli-main/src/Order.java,src.Orders,Orders/0,productId,2
/home/x1/Desktop/ass/ass16/java-ecommerce-cli-main/src/Order.java,src.Orders,Orders/0,e,1
/home/x1/Desktop/ass/ass16/java-ecommerce-cli-main/src/Order.java,src.Orders,Orders/0,line,6
/home/x1/Desktop/ass/ass16/java-ecommerce-cli-main/src/Order.java,src.Orders,Orders/0,selectedProduct,1
/home/x1/Desktop/ass/ass16/java-ecommerce-cli-main/src/Order.java,src.Orders,Orders/0,allProductIds,1
/home/x1/Desktop/ass/ass16/java-ecommerce-cli-main/src/Order.java,src.Orders,Orders/0,user,1
/home/x1/Desktop/ass/ass16/java-ecommerce-cli-main/src/Order.java,src.Orders,Orders/0,products,1
/home/x1/Desktop/ass/ass16/java-ecommerce-cli-main/src/Order.java,src.Orders,Orders/0,order,5
/home/x1/Desktop/ass/ass16/java-ecommerce-cli-main/src/Order.java,src.Orders,printCartOf/1[int],orderId,1
/home/x1/Desktop/ass/ass16/java-ecommerce-cli-main/src/Order.java,src.Orders,printCartOf/1[int],useOrder,2
/home/x1/Desktop/ass/ass16/java-ecommerce-cli-main/src/Order.java,src.Orders,printCartOf/1[int],order,2
/home/x1/Desktop/ass/ass16/java-ecommerce-cli-main/src/Products.java,src.Product,"Product/4[java.lang.Integer,java.lang.String,double,java.lang.String]",price,2
/home/x1/Desktop/ass/ass16/java-ecommerce-cli-main/src/Products.java,src.Product,"Product/4[java.lang.Integer,java.lang.String,double,java.lang.String]",name,2
/home/x1/Desktop/ass/ass16/java-ecommerce-cli-main/src/Products.java,src.Product,"Product/4[java.lang.Integer,java.lang.String,double,java.lang.String]",description,2
/home/x1/Desktop/ass/ass16/java-ecommerce-cli-main/src/Products.java,src.Product,"Product/4[java.lang.Integer,java.lang.String,double,java.lang.String]",id,2
/home/x1/Desktop/ass/ass16/java-ecommerce-cli-main/src/PhoneOtp.java,src.PhoneOtp,getOtp/0,rand,2
/home/x1/Desktop/ass/ass16/java-ecommerce-cli-main/src/PhoneOtp.java,src.PhoneOtp,getOtp/0,number,3
/home/x1/Desktop/ass/ass16/java-ecommerce-cli-main/src/PhoneOtp.java,src.PhoneOtp,sendOtp/1[java.lang.String],e,1
/home/x1/Desktop/ass/ass16/java-ecommerce-cli-main/src/PhoneOtp.java,src.PhoneOtp,sendOtp/1[java.lang.String],otp,3
/home/x1/Desktop/ass/ass16/java-ecommerce-cli-main/src/PhoneOtp.java,src.PhoneOtp,sendOtp/1[java.lang.String],writer,1
/home/x1/Desktop/ass/ass16/java-ecommerce-cli-main/src/PhoneOtp.java,src.PhoneOtp,"validateOtp/2[java.lang.String,java.lang.String]",phone,2
/home/x1/Desktop/ass/ass16/java-ecommerce-cli-main/src/PhoneOtp.java,src.PhoneOtp,"validateOtp/2[java.lang.String,java.lang.String]",otp,2
/home/x1/Desktop/ass/ass16/java-ecommerce-cli-main/src/PhoneOtp.java,src.PhoneOtp,PhoneOtp/1[java.lang.String],phone,2
/home/x1/Desktop/ass/ass16/java-ecommerce-cli-main/src/Products.java,src.Products,productIdToProduct/1[int],product,2
/home/x1/Desktop/ass/ass16/java-ecommerce-cli-main/src/Products.java,src.Products,productIdToProduct/1[int],productId,1
/home/x1/Desktop/ass/ass16/java-ecommerce-cli-main/src/Products.java,src.Products,addProductToFile/1[src.Product],product,1
/home/x1/Desktop/ass/ass16/java-ecommerce-cli-main/src/Products.java,src.Products,addProductToFile/1[src.Product],data,1
/home/x1/Desktop/ass/ass16/java-ecommerce-cli-main/src/Products.java,src.Products,addProductToFile/1[src.Product],e,1
/home/x1/Desktop/ass/ass16/java-ecommerce-cli-main/src/Products.java,src.Products,addProductToFile/1[src.Product],writer,3
/home/x1/Desktop/ass/ass16/java-ecommerce-cli-main/src/Products.java,src.Products,Products/0,fileScanner,4
/home/x1/Desktop/ass/ass16/java-ecommerce-cli-main/src/Products.java,src.Products,Products/0,product,1
/home/x1/Desktop/ass/ass16/java-ecommerce-cli-main/src/Products.java,src.Products,Products/0,file,1
/home/x1/Desktop/ass/ass16/java-ecommerce-cli-main/src/Products.java,src.Products,Products/0,e,1
/home/x1/Desktop/ass/ass16/java-ecommerce-cli-main/src/Products.java,src.Products,Products/0,line,5
/home/x1/Desktop/ass/ass16/java-ecommerce-cli-main/src/Products.java,src.Products,addProduct/1[java.util.Scanner],product,2
/home/x1/Desktop/ass/ass16/java-ecommerce-cli-main/src/Products.java,src.Products,addProduct/1[java.util.Scanner],price,1
/home/x1/Desktop/ass/ass16/java-ecommerce-cli-main/src/Products.java,src.Products,addProduct/1[java.util.Scanner],scanner,3
/home/x1/Desktop/ass/ass16/java-ecommerce-cli-main/src/Products.java,src.Products,addProduct/1[java.util.Scanner],name,1
/home/x1/Desktop/ass/ass16/java-ecommerce-cli-main/src/Products.java,src.Products,addProduct/1[java.util.Scanner],description,1
/home/x1/Desktop/ass/ass16/java-ecommerce-cli-main/src/Products.java,src.Products,addProduct/1[java.util.Scanner],id,1
/home/x1/Desktop/ass/ass16/java-ecommerce-cli-main/src/LastLine.java,src.LastLine,tail/1[java.io.File],file,1
/home/x1/Desktop/ass/ass16/java-ecommerce-cli-main/src/LastLine.java,src.LastLine,tail/1[java.io.File],lastLine,1
/home/x1/Desktop/ass/ass16/java-ecommerce-cli-main/src/LastLine.java,src.LastLine,tail/1[java.io.File],e,4
/home/x1/Desktop/ass/ass16/java-ecommerce-cli-main/src/LastLine.java,src.LastLine,tail/1[java.io.File],fileHandler,6
/home/x1/Desktop/ass/ass16/java-ecommerce-cli-main/src/LastLine.java,src.LastLine,tail/1[java.io.File],filePointer,5
/home/x1/Desktop/ass/ass16/java-ecommerce-cli-main/src/LastLine.java,src.LastLine,tail/1[java.io.File],readByte,4
/home/x1/Desktop/ass/ass16/java-ecommerce-cli-main/src/LastLine.java,src.LastLine,tail/1[java.io.File],fileLength,3
/home/x1/Desktop/ass/ass16/java-ecommerce-cli-main/src/LastLine.java,src.LastLine,tail/1[java.io.File],sb,2
/home/x1/Desktop/ass/ass16/java-ecommerce-cli-main/src/User.java,src.User,addUserToFile/1[src.User],data,1
/home/x1/Desktop/ass/ass16/java-ecommerce-cli-main/src/User.java,src.User,addUserToFile/1[src.User],e,1
/home/x1/Desktop/ass/ass16/java-ecommerce-cli-main/src/User.java,src.User,addUserToFile/1[src.User],writer,3
/home/x1/Desktop/ass/ass16/java-ecommerce-cli-main/src/User.java,src.User,addUserToFile/1[src.User],user,1
/home/x1/Desktop/ass/ass16/java-ecommerce-cli-main/src/User.java,src.User,"User/2[java.lang.String,java.util.Scanner]",fileScanner,3
/home/x1/Desktop/ass/ass16/java-ecommerce-cli-main/src/User.java,src.User,"User/2[java.lang.String,java.util.Scanner]",file,1
/home/x1/Desktop/ass/ass16/java-ecommerce-cli-main/src/User.java,src.User,"User/2[java.lang.String,java.util.Scanner]",phone,4
/home/x1/Desktop/ass/ass16/java-ecommerce-cli-main/src/User.java,src.User,"User/2[java.lang.String,java.util.Scanner]",e,1
/home/x1/Desktop/ass/ass16/java-ecommerce-cli-main/src/User.java,src.User,"User/2[java.lang.String,java.util.Scanner]",line,3
/home/x1/Desktop/ass/ass16/java-ecommerce-cli-main/src/User.java,src.User,"User/2[java.lang.String,java.util.Scanner]",scanner,1
/home/x1/Desktop/ass/ass16/java-ecommerce-cli-main/src/User.java,src.User,"getOrAddAddress/2[java.lang.String,java.util.Scanner]",phone,0
/home/x1/Desktop/ass/ass16/java-ecommerce-cli-main/src/User.java,src.User,"getOrAddAddress/2[java.lang.String,java.util.Scanner]",scanner,1
/home/x1/Desktop/ass/ass16/java-ecommerce-cli-main/src/Utils.java,src.Utils,showOptions/1[java.util.Vector<java.lang.String>],headers,1
/home/x1/Desktop/ass/ass16/java-ecommerce-cli-main/src/Utils.java,src.Utils,showOptions/1[java.util.Vector<java.lang.String>],options,3
/home/x1/Desktop/ass/ass16/java-ecommerce-cli-main/src/Utils.java,src.Utils,showOptions/1[java.util.Vector<java.lang.String>],validOptions,1
/home/x1/Desktop/ass/ass16/java-ecommerce-cli-main/src/Utils.java,src.Utils,showOptions/1[java.util.Vector<java.lang.String>],i,5
/home/x1/Desktop/ass/ass16/java-ecommerce-cli-main/src/Utils.java,src.Utils,showOptions/1[java.util.Vector<java.lang.String>],rows,3
/home/x1/Desktop/ass/ass16/java-ecommerce-cli-main/src/Utils.java,src.Utils,"getOption/2[java.util.Vector<java.lang.String>,java.util.Scanner]",options,2
/home/x1/Desktop/ass/ass16/java-ecommerce-cli-main/src/Utils.java,src.Utils,"getOption/2[java.util.Vector<java.lang.String>,java.util.Scanner]",scanner,1
/home/x1/Desktop/ass/ass16/java-ecommerce-cli-main/src/Utils.java,src.Utils,"getOption/2[java.util.Vector<java.lang.String>,java.util.Scanner]",validOptions,2
/home/x1/Desktop/ass/ass16/java-ecommerce-cli-main/src/Utils.java,src.Utils,"getOption/2[java.util.Vector<java.lang.String>,java.util.Scanner]",i,3
/home/x1/Desktop/ass/ass16/java-ecommerce-cli-main/src/Utils.java,src.Utils,"getDoubleInRange/4[java.lang.String,java.lang.Double,java.lang.Double,java.util.Scanner]",minLength,1
/home/x1/Desktop/ass/ass16/java-ecommerce-cli-main/src/Utils.java,src.Utils,"getDoubleInRange/4[java.lang.String,java.lang.Double,java.lang.Double,java.util.Scanner]",scanner,4
/home/x1/Desktop/ass/ass16/java-ecommerce-cli-main/src/Utils.java,src.Utils,"getDoubleInRange/4[java.lang.String,java.lang.Double,java.lang.Double,java.util.Scanner]",validDouble,4
/home/x1/Desktop/ass/ass16/java-ecommerce-cli-main/src/Utils.java,src.Utils,"getDoubleInRange/4[java.lang.String,java.lang.Double,java.lang.Double,java.util.Scanner]",prompt,3
/home/x1/Desktop/ass/ass16/java-ecommerce-cli-main/src/Utils.java,src.Utils,"getDoubleInRange/4[java.lang.String,java.lang.Double,java.lang.Double,java.util.Scanner]",maxLength,1
/home/x1/Desktop/ass/ass16/java-ecommerce-cli-main/src/Utils.java,src.Utils,"getStringInRange/4[java.lang.String,int,int,java.util.Scanner]",minLength,1
/home/x1/Desktop/ass/ass16/java-ecommerce-cli-main/src/Utils.java,src.Utils,"getStringInRange/4[java.lang.String,int,int,java.util.Scanner]",scanner,2
/home/x1/Desktop/ass/ass16/java-ecommerce-cli-main/src/Utils.java,src.Utils,"getStringInRange/4[java.lang.String,int,int,java.util.Scanner]",validString,4
/home/x1/Desktop/ass/ass16/java-ecommerce-cli-main/src/Utils.java,src.Utils,"getStringInRange/4[java.lang.String,int,int,java.util.Scanner]",prompt,2
/home/x1/Desktop/ass/ass16/java-ecommerce-cli-main/src/Utils.java,src.Utils,"getStringInRange/4[java.lang.String,int,int,java.util.Scanner]",maxLength,1
/home/x1/Desktop/ass/ass16/java-ecommerce-cli-main/src/Utils.java,src.Utils,getNewId/1[java.lang.String],fileName,1
/home/x1/Desktop/ass/ass16/java-ecommerce-cli-main/src/Utils.java,src.Utils,getNewId/1[java.lang.String],file,1
/home/x1/Desktop/ass/ass16/java-ecommerce-cli-main/src/Utils.java,src.Utils,getNewId/1[java.lang.String],lastRow,1
/home/x1/Desktop/ass/ass16/java-ecommerce-cli-main/src/Utils.java,src.Utils,getNewId/1[java.lang.String],e,0
/home/x1/Desktop/ass/ass16/java-ecommerce-cli-main/src/Utils.java,src.Utils,getNewId/1[java.lang.String],lastId,1
/home/x1/Desktop/ass/ass16/java-ecommerce-cli-main/src/Utils.java,src.Utils,"getIntInRange/4[java.lang.String,int,int,java.util.Scanner]",minLength,1
/home/x1/Desktop/ass/ass16/java-ecommerce-cli-main/src/Utils.java,src.Utils,"getIntInRange/4[java.lang.String,int,int,java.util.Scanner]",scanner,4
/home/x1/Desktop/ass/ass16/java-ecommerce-cli-main/src/Utils.java,src.Utils,"getIntInRange/4[java.lang.String,int,int,java.util.Scanner]",validInteger,4
/home/x1/Desktop/ass/ass16/java-ecommerce-cli-main/src/Utils.java,src.Utils,"getIntInRange/4[java.lang.String,int,int,java.util.Scanner]",prompt,3
/home/x1/Desktop/ass/ass16/java-ecommerce-cli-main/src/Utils.java,src.Utils,"getIntInRange/4[java.lang.String,int,int,java.util.Scanner]",maxLength,1
/home/x1/Desktop/ass/ass16/java-ecommerce-cli-main/src/Utils.java,src.Utils,"getBigIntInRange/4[java.lang.String,int,int,java.util.Scanner]",minLength,1
/home/x1/Desktop/ass/ass16/java-ecommerce-cli-main/src/Utils.java,src.Utils,"getBigIntInRange/4[java.lang.String,int,int,java.util.Scanner]",scanner,4
/home/x1/Desktop/ass/ass16/java-ecommerce-cli-main/src/Utils.java,src.Utils,"getBigIntInRange/4[java.lang.String,int,int,java.util.Scanner]",validInteger,4
/home/x1/Desktop/ass/ass16/java-ecommerce-cli-main/src/Utils.java,src.Utils,"getBigIntInRange/4[java.lang.String,int,int,java.util.Scanner]",prompt,3
/home/x1/Desktop/ass/ass16/java-ecommerce-cli-main/src/Utils.java,src.Utils,"getBigIntInRange/4[java.lang.String,int,int,java.util.Scanner]",maxLength,1
/home/x1/Desktop/ass/ass16/java-ecommerce-cli-main/src/Driver.java,src.Driver,authenticateUser/1[java.util.Scanner],userPhone,3
/home/x1/Desktop/ass/ass16/java-ecommerce-cli-main/src/Driver.java,src.Driver,authenticateUser/1[java.util.Scanner],scanner,3
/home/x1/Desktop/ass/ass16/java-ecommerce-cli-main/src/Driver.java,src.Driver,authenticateUser/1[java.util.Scanner],userOtp,1
/home/x1/Desktop/ass/ass16/java-ecommerce-cli-main/src/Driver.java,src.Driver,authenticateUser/1[java.util.Scanner],phoneOtp,2
/home/x1/Desktop/ass/ass16/java-ecommerce-cli-main/src/Driver.java,src.Driver,getOrCreateOrders/0,createOrders,1
/home/x1/Desktop/ass/ass16/java-ecommerce-cli-main/src/Driver.java,src.Driver,main/1[java.lang.String[]],args,0
/home/x1/Desktop/ass/ass16/java-ecommerce-cli-main/src/Driver.java,src.Driver,main/1[java.lang.String[]],ord,1
/home/x1/Desktop/ass/ass16/java-ecommerce-cli-main/src/Driver.java,src.Driver,main/1[java.lang.String[]],caseChosen,1
/home/x1/Desktop/ass/ass16/java-ecommerce-cli-main/src/Driver.java,src.Driver,main/1[java.lang.String[]],flag,2
/home/x1/Desktop/ass/ass16/java-ecommerce-cli-main/src/Driver.java,src.Driver,main/1[java.lang.String[]],productId,1
/home/x1/Desktop/ass/ass16/java-ecommerce-cli-main/src/Driver.java,src.Driver,main/1[java.lang.String[]],orderId,1
/home/x1/Desktop/ass/ass16/java-ecommerce-cli-main/src/Driver.java,src.Driver,main/1[java.lang.String[]],selectedProduct,5
/home/x1/Desktop/ass/ass16/java-ecommerce-cli-main/src/Driver.java,src.Driver,main/1[java.lang.String[]],scanner,8
/home/x1/Desktop/ass/ass16/java-ecommerce-cli-main/src/Driver.java,src.Driver,main/1[java.lang.String[]],options,13
/home/x1/Desktop/ass/ass16/java-ecommerce-cli-main/src/Driver.java,src.Driver,main/1[java.lang.String[]],useOrders,1
/home/x1/Desktop/ass/ass16/java-ecommerce-cli-main/src/Driver.java,src.Driver,main/1[java.lang.String[]],products,3
/home/x1/Desktop/ass/ass16/java-ecommerce-cli-main/src/Driver.java,src.Driver,main/1[java.lang.String[]],useOrders1,1
/home/x1/Desktop/ass/ass16/java-ecommerce-cli-main/src/Print.java,src.Print,print/1[java.util.Vector<src.Product>],toAdd,1
/home/x1/Desktop/ass/ass16/java-ecommerce-cli-main/src/Print.java,src.Print,print/1[java.util.Vector<src.Product>],headers,1
/home/x1/Desktop/ass/ass16/java-ecommerce-cli-main/src/Print.java,src.Print,print/1[java.util.Vector<src.Product>],rows,3
/home/x1/Desktop/ass/ass16/java-ecommerce-cli-main/src/Print.java,src.Print,print/1[java.util.Vector<src.Product>],printThis,1
/home/x1/Desktop/ass/ass16/java-ecommerce-cli-main/src/Print.java,src.Print,print/1[java.util.Vector<src.Product>],element,4
/home/x1/Desktop/ass/ass16/java-ecommerce-cli-main/src/Print.java,src.Print,"formatAsTable/3[java.util.List<java.util.List<java.lang.String>>,java.lang.String,java.lang.String]",result,9
/home/x1/Desktop/ass/ass16/java-ecommerce-cli-main/src/Print.java,src.Print,"formatAsTable/3[java.util.List<java.util.List<java.lang.String>>,java.lang.String,java.lang.String]",headerColor,1
/home/x1/Desktop/ass/ass16/java-ecommerce-cli-main/src/Print.java,src.Print,"formatAsTable/3[java.util.List<java.util.List<java.lang.String>>,java.lang.String,java.lang.String]",color,1
/home/x1/Desktop/ass/ass16/java-ecommerce-cli-main/src/Print.java,src.Print,"formatAsTable/3[java.util.List<java.util.List<java.lang.String>>,java.lang.String,java.lang.String]",maxLengths,3
/home/x1/Desktop/ass/ass16/java-ecommerce-cli-main/src/Print.java,src.Print,"formatAsTable/3[java.util.List<java.util.List<java.lang.String>>,java.lang.String,java.lang.String]",format,6
/home/x1/Desktop/ass/ass16/java-ecommerce-cli-main/src/Print.java,src.Print,"formatAsTable/3[java.util.List<java.util.List<java.lang.String>>,java.lang.String,java.lang.String]",reqDashes,2
/home/x1/Desktop/ass/ass16/java-ecommerce-cli-main/src/Print.java,src.Print,"formatAsTable/3[java.util.List<java.util.List<java.lang.String>>,java.lang.String,java.lang.String]",i,5
/home/x1/Desktop/ass/ass16/java-ecommerce-cli-main/src/Print.java,src.Print,"formatAsTable/3[java.util.List<java.util.List<java.lang.String>>,java.lang.String,java.lang.String]",row,6
/home/x1/Desktop/ass/ass16/java-ecommerce-cli-main/src/Print.java,src.Print,"formatAsTable/3[java.util.List<java.util.List<java.lang.String>>,java.lang.String,java.lang.String]",rows,5
/home/x1/Desktop/ass/ass16/java-ecommerce-cli-main/src/Print.java,src.Print,"formatAsTable/3[java.util.List<java.util.List<java.lang.String>>,java.lang.String,java.lang.String]",formatBuilder,2
/home/x1/Desktop/ass/ass16/java-ecommerce-cli-main/src/Print.java,src.Print,"formatAsTable/3[java.util.List<java.util.List<java.lang.String>>,java.lang.String,java.lang.String]",maxLength,1
/home/x1/Desktop/ass/ass16/java-ecommerce-cli-main/src/Print.java,src.Print,"print/2[java.lang.String,boolean]",noNewLine,1
/home/x1/Desktop/ass/ass16/java-ecommerce-cli-main/src/Print.java,src.Print,"print/2[java.lang.String,boolean]",printThis,1
/home/x1/Desktop/ass/ass16/java-ecommerce-cli-main/src/Print.java,src.Print,"print/2[java.lang.String,java.lang.String]",color,1
/home/x1/Desktop/ass/ass16/java-ecommerce-cli-main/src/Print.java,src.Print,"print/2[java.lang.String,java.lang.String]",printThis,1
/home/x1/Desktop/ass/ass16/java-ecommerce-cli-main/src/Print.java,src.Print,printOrders/1[java.util.Vector<src.Order>],occurrences,1
/home/x1/Desktop/ass/ass16/java-ecommerce-cli-main/src/Print.java,src.Print,printOrders/1[java.util.Vector<src.Order>],headers,1
/home/x1/Desktop/ass/ass16/java-ecommerce-cli-main/src/Print.java,src.Print,printOrders/1[java.util.Vector<src.Order>],set,2
/home/x1/Desktop/ass/ass16/java-ecommerce-cli-main/src/Print.java,src.Print,printOrders/1[java.util.Vector<src.Order>],e,2
/home/x1/Desktop/ass/ass16/java-ecommerce-cli-main/src/Print.java,src.Print,printOrders/1[java.util.Vector<src.Order>],joined,1
/home/x1/Desktop/ass/ass16/java-ecommerce-cli-main/src/Print.java,src.Print,printOrders/1[java.util.Vector<src.Order>],vector,5
/home/x1/Desktop/ass/ass16/java-ecommerce-cli-main/src/Print.java,src.Print,printOrders/1[java.util.Vector<src.Order>],rows,3
/home/x1/Desktop/ass/ass16/java-ecommerce-cli-main/src/Print.java,src.Print,printOrders/1[java.util.Vector<src.Order>],printThis,1
/home/x1/Desktop/ass/ass16/java-ecommerce-cli-main/src/Print.java,src.Print,printOrders/1[java.util.Vector<src.Order>],element,5
/home/x1/Desktop/ass/ass16/java-ecommerce-cli-main/src/Print.java,src.Print,getDashes/1[int],dashes,2
/home/x1/Desktop/ass/ass16/java-ecommerce-cli-main/src/Print.java,src.Print,getDashes/1[int],i,2
/home/x1/Desktop/ass/ass16/java-ecommerce-cli-main/src/Print.java,src.Print,getDashes/1[int],numOfDash,1
/home/x1/Desktop/ass/ass16/java-ecommerce-cli-main/src/Print.java,src.Print,print/1[java.lang.Integer],printThis,1
/home/x1/Desktop/ass/ass16/java-ecommerce-cli-main/src/Print.java,src.Print,"print/2[java.util.Vector<src.Product>,java.lang.Double]",occurrences,1
/home/x1/Desktop/ass/ass16/java-ecommerce-cli-main/src/Print.java,src.Print,"print/2[java.util.Vector<src.Product>,java.lang.Double]",toAdd,3
/home/x1/Desktop/ass/ass16/java-ecommerce-cli-main/src/Print.java,src.Print,"print/2[java.util.Vector<src.Product>,java.lang.Double]",cartTotal,1
/home/x1/Desktop/ass/ass16/java-ecommerce-cli-main/src/Print.java,src.Print,"print/2[java.util.Vector<src.Product>,java.lang.Double]",headers,1
/home/x1/Desktop/ass/ass16/java-ecommerce-cli-main/src/Print.java,src.Print,"print/2[java.util.Vector<src.Product>,java.lang.Double]",productCache,2
/home/x1/Desktop/ass/ass16/java-ecommerce-cli-main/src/Print.java,src.Print,"print/2[java.util.Vector<src.Product>,java.lang.Double]",rows,5
/home/x1/Desktop/ass/ass16/java-ecommerce-cli-main/src/Print.java,src.Print,"print/2[java.util.Vector<src.Product>,java.lang.Double]",printThis,2
/home/x1/Desktop/ass/ass16/java-ecommerce-cli-main/src/Print.java,src.Print,"print/2[java.util.Vector<src.Product>,java.lang.Double]",element,5
/home/x1/Desktop/ass/ass16/java-ecommerce-cli-main/src/Print.java,src.Print,print/1[java.lang.String],printThis,1
/home/x1/Desktop/ass/ass16/java-ecommerce-cli-main/src/Order.java,src.Order,completeOrder/1[java.util.Scanner],scanner,1
/home/x1/Desktop/ass/ass16/java-ecommerce-cli-main/src/Order.java,src.Order,completeOrder/1[java.util.Scanner],value,1
/home/x1/Desktop/ass/ass16/java-ecommerce-cli-main/src/Order.java,src.Order,Order/1[src.User],user,2
/home/x1/Desktop/ass/ass16/java-ecommerce-cli-main/src/Order.java,src.Order,addOrderToFile/0,data,1
/home/x1/Desktop/ass/ass16/java-ecommerce-cli-main/src/Order.java,src.Order,addOrderToFile/0,e,1
/home/x1/Desktop/ass/ass16/java-ecommerce-cli-main/src/Order.java,src.Order,addOrderToFile/0,writer,3
/home/x1/Desktop/ass/ass16/java-ecommerce-cli-main/src/Order.java,src.Order,csvString/1[src.Order],product,1
/home/x1/Desktop/ass/ass16/java-ecommerce-cli-main/src/Order.java,src.Order,csvString/1[src.Order],lineSeperatedProductIds,2
/home/x1/Desktop/ass/ass16/java-ecommerce-cli-main/src/Order.java,src.Order,csvString/1[src.Order],order,5
/home/x1/Desktop/ass/ass16/java-ecommerce-cli-main/src/Order.java,src.Order,addToCart/1[src.Product],product,1
/home/x1/Desktop/ass/ass16/java-ecommerce-cli-main/src/Order.java,src.Order,getCartTotal/1[src.Order],total,2
/home/x1/Desktop/ass/ass16/java-ecommerce-cli-main/src/Order.java,src.Order,getCartTotal/1[src.Order],product,1
/home/x1/Desktop/ass/ass16/java-ecommerce-cli-main/src/Order.java,src.Order,getCartTotal/1[src.Order],order,0
