file,class,type,cbo,cboModified,fanin,fanout,wmc,dit,noc,rfc,lcom,lcom*,tcc,lcc,totalMethodsQty,staticMethodsQty,publicMethodsQty,privateMethodsQty,protectedMethodsQty,defaultMethodsQty,visibleMethodsQty,abstractMethodsQty,finalMethodsQty,synchronizedMethodsQty,totalFieldsQty,staticFieldsQty,publicFieldsQty,privateFieldsQty,protectedFieldsQty,defaultFieldsQty,finalFieldsQty,synchronizedFieldsQty,nosi,loc,returnQty,loopQty,comparisonsQty,tryCatchQty,parenthesizedExpsQty,stringLiteralsQty,numbersQty,assignmentsQty,mathOperationsQty,variablesQty,maxNestedBlocksQty,anonymousClassesQty,innerClassesQty,lambdasQty,uniqueWordsQty,modifiers,logStatementsQty
C:\Users\OOPS\Downloads\datastructure_challenge-master\datastructure_challenge-master\src\com\design_pattern\structural\proxy\ProxyPatternDesign.java,com.design_pattern.structural.proxy.ProxyPatternDesign,class,2,2,0,2,2,1,0,3,0,0,NaN,NaN,1,1,1,0,0,0,1,0,0,0,0,0,0,0,0,0,0,0,0,12,0,0,0,1,0,5,0,1,1,1,1,0,0,0,12,1,0
C:\Users\OOPS\Downloads\datastructure_challenge-master\datastructure_challenge-master\src\com\sorting\BucketSorting.java,com.sorting.BucketSorting,class,2,3,1,2,4,1,0,5,1,0,NaN,NaN,2,1,1,1,0,0,1,0,0,0,0,0,0,0,0,0,0,0,0,22,0,2,0,0,2,1,8,9,2,9,1,0,0,0,14,1,0
C:\Users\OOPS\Downloads\datastructure_challenge-master\datastructure_challenge-master\src\com\design_pattern\structural\adapter\AdapterDesignPatternDemo.java,com.design_pattern.structural.adapter.AdapterDesignPatternDemo,class,5,6,1,5,3,1,0,7,3,0,NaN,NaN,3,3,1,2,0,0,1,0,0,0,0,0,0,0,0,0,0,0,2,18,0,0,0,0,0,12,0,2,6,2,0,0,0,0,17,1,0
C:\Users\OOPS\Downloads\datastructure_challenge-master\datastructure_challenge-master\src\com\design_pattern\structural\proxy\CommandExecutorProxy.java,com.design_pattern.structural.proxy.CommandExecutorProxy,class,2,3,1,2,6,1,0,3,0,0,1,1,2,0,2,0,0,0,2,0,0,0,2,0,0,2,0,0,0,0,0,23,0,0,0,0,0,4,0,2,0,2,2,0,0,0,18,1,0
C:\Users\OOPS\Downloads\datastructure_challenge-master\datastructure_challenge-master\src\com\array\rearrangement\Segregate_0sand1s_array.java,com.array.rearrangement.Segregate_0sand1s_array,class,2,3,1,2,10,1,0,3,3,0,NaN,NaN,3,3,1,2,0,0,1,0,0,0,0,0,0,0,0,0,0,0,2,30,0,4,2,0,0,1,13,6,2,4,2,0,0,0,12,1,0
C:\Users\OOPS\Downloads\datastructure_challenge-master\datastructure_challenge-master\src\com\design_pattern\behavioral\observer\Observer.java,com.design_pattern.behavioral.observer.Observer,interface,1,5,4,1,2,1,0,0,1,0,0,0,2,0,2,0,0,0,2,0,0,0,0,0,0,0,0,0,0,0,0,4,0,0,0,0,0,0,0,0,0,0,0,0,0,0,5,1,0
C:\Users\OOPS\Downloads\datastructure_challenge-master\datastructure_challenge-master\src\com\array\rearrangement\ProductSubarray.java,com.array.rearrangement.ProductSubarray,class,2,3,1,2,3,1,0,3,1,0,0,0,2,2,1,0,0,1,2,0,0,0,0,0,0,0,0,0,0,0,3,15,1,1,0,0,0,1,497,6,2,4,1,0,0,0,15,0,0
C:\Users\OOPS\Downloads\datastructure_challenge-master\datastructure_challenge-master\src\com\design_pattern\creational\builder\Computer.java,com.design_pattern.creational.builder.Computer,class,1,3,2,1,5,1,0,1,2,0.6,0,0,5,0,4,1,0,0,4,0,0,0,4,0,0,4,0,0,0,0,0,52,4,0,0,0,0,4,0,4,2,4,0,0,1,0,11,1,0
C:\Users\OOPS\Downloads\datastructure_challenge-master\datastructure_challenge-master\src\com\design_pattern\structural\adapter\Volt.java,com.design_pattern.structural.adapter.Volt,class,0,5,5,0,3,1,0,0,0,0,1,1,3,0,3,0,0,0,3,0,0,0,1,0,0,1,0,0,0,0,0,12,1,0,0,0,0,0,0,2,0,1,0,0,0,0,6,1,0
C:\Users\OOPS\Downloads\datastructure_challenge-master\datastructure_challenge-master\src\com\array\rearrangement\RearrangeMaximumminimumFormSet2.java,com.array.rearrangement.RearrangeMaximumminimumFormSet2,class,2,3,1,2,7,1,0,4,3,0,NaN,NaN,3,3,1,2,0,0,1,0,0,0,0,0,0,0,0,0,0,0,5,36,0,3,1,0,2,4,17,10,11,7,2,0,0,0,17,1,0
C:\Users\OOPS\Downloads\datastructure_challenge-master\datastructure_challenge-master\src\com\array\rearrangement\ReverseArray.java,com.array.rearrangement.ReverseArray,class,2,3,1,2,6,1,0,4,3,0,NaN,NaN,3,3,1,2,0,0,1,0,0,0,0,0,0,0,0,0,0,0,3,27,0,2,0,0,0,2,10,8,2,6,2,0,0,0,11,1,0
C:\Users\OOPS\Downloads\datastructure_challenge-master\datastructure_challenge-master\src\com\array\rotation\MaximumSum_IndexMultiple_OnlyAllRotationArray.java,com.array.rotation.MaximumSum_IndexMultiple_OnlyAllRotationArray,class,2,3,1,2,5,1,0,3,1,0,NaN,NaN,2,2,1,1,0,0,1,0,0,0,0,0,0,0,0,0,0,0,2,23,1,3,0,0,2,0,12,12,10,8,1,0,0,0,19,1,0
C:\Users\OOPS\Downloads\datastructure_challenge-master\datastructure_challenge-master\src\com\design_pattern\behavioral\strategy\ShoppingCartTest.java,com.design_pattern.behavioral.strategy.ShoppingCartTest,class,4,4,0,4,1,1,0,2,0,0,NaN,NaN,1,1,1,0,0,0,1,0,0,0,0,0,0,0,0,0,0,0,0,11,0,0,0,0,0,8,2,3,0,3,0,0,0,0,13,1,0
C:\Users\OOPS\Downloads\datastructure_challenge-master\datastructure_challenge-master\src\com\design_pattern\structural\bridge\RedColor.java,com.design_pattern.structural.bridge.RedColor,class,1,2,1,1,1,1,0,1,0,0,NaN,NaN,1,0,1,0,0,0,1,0,0,0,0,0,0,0,0,0,0,0,0,5,0,0,0,0,0,1,0,0,0,0,0,0,0,0,3,1,0
C:\Users\OOPS\Downloads\datastructure_challenge-master\datastructure_challenge-master\src\com\array\rearrangement\WaveFormArrayArragement.java,com.array.rearrangement.WaveFormArrayArragement,class,2,3,1,2,10,1,0,4,6,0,NaN,NaN,4,4,1,3,0,0,1,0,0,0,0,0,0,0,0,0,0,0,4,23,0,2,0,0,0,1,18,7,7,4,2,0,0,0,13,1,0
C:\Users\OOPS\Downloads\datastructure_challenge-master\datastructure_challenge-master\src\com\binary\RootToLeafLenghtInBinary.java,com.binary.RootToLeafLenghtInBinary$Node,innerclass,1,1,0,1,1,1,0,0,0,0,NaN,NaN,1,0,1,0,0,0,1,0,0,0,2,0,0,0,0,2,0,0,0,9,0,0,0,0,0,0,0,3,0,3,0,0,0,0,6,9,0
C:\Users\OOPS\Downloads\datastructure_challenge-master\datastructure_challenge-master\src\com\sorting\BubbleSorting.java,com.sorting.BubbleSorting,class,2,3,1,2,8,1,0,4,6,0,NaN,NaN,4,4,1,3,0,0,1,0,0,0,0,0,0,0,0,0,0,0,3,26,0,3,0,0,0,1,16,7,5,5,3,0,0,0,13,1,0
C:\Users\OOPS\Downloads\datastructure_challenge-master\datastructure_challenge-master\src\com\design_pattern\creational\builder\BuilderPattern.java,com.design_pattern.creational.builder.BuilderPattern,class,2,2,0,2,1,1,0,5,0,0,NaN,NaN,1,1,1,0,0,0,1,0,0,0,0,0,0,0,0,0,0,0,0,6,0,0,0,0,0,2,0,1,0,1,0,0,0,0,7,1,0
C:\Users\OOPS\Downloads\datastructure_challenge-master\datastructure_challenge-master\src\com\design_pattern\behavioral\mediator\MediatorDesignPatternTesting.java,com.design_pattern.behavioral.mediator.MediatorDesignPatternTesting,class,4,4,0,4,1,1,0,2,0,0,NaN,NaN,1,1,1,0,0,0,1,0,0,0,0,0,0,0,0,0,0,0,0,16,0,0,0,0,0,6,0,6,0,6,0,0,0,0,16,1,0
C:\Users\OOPS\Downloads\datastructure_challenge-master\datastructure_challenge-master\src\com\design_pattern\behavioral\chainofresponsibility\ATMDispenseChain.java,com.design_pattern.behavioral.chainofresponsibility.ATMDispenseChain,class,6,7,1,6,4,1,0,4,0,0,0,0,2,1,2,0,0,0,2,0,0,0,1,0,0,1,0,0,0,0,0,24,1,1,1,0,0,2,3,7,1,6,2,0,0,0,26,1,0
C:\Users\OOPS\Downloads\datastructure_challenge-master\datastructure_challenge-master\src\com\searching\SearchElementSortRotatedArray.java,com.searching.SearchElementSortRotatedArray,class,2,3,1,2,10,1,0,2,1,0,NaN,NaN,2,2,1,1,0,0,1,0,0,0,0,0,0,0,0,0,0,0,5,31,6,0,2,0,1,2,19,5,8,5,2,0,0,0,15,1,0
C:\Users\OOPS\Downloads\datastructure_challenge-master\datastructure_challenge-master\src\com\array\rearrangement\RearrangeNegativePositiveNumber.java,com.array.rearrangement.RearrangeNegativePositiveNumber,class,2,3,1,2,9,1,0,4,3,0,NaN,NaN,3,3,1,2,0,0,1,0,0,0,0,0,0,0,0,0,0,0,3,34,0,3,0,0,0,2,17,13,2,8,2,0,0,0,15,1,0
C:\Users\OOPS\Downloads\datastructure_challenge-master\datastructure_challenge-master\src\com\design_pattern\behavioral\mediator\UserImp.java,com.design_pattern.behavioral.mediator.UserImp,class,2,3,1,2,3,2,0,2,3,0,0,0,3,0,3,0,0,0,3,0,0,0,0,0,0,0,0,0,0,0,0,12,0,0,0,0,0,2,0,0,2,0,0,0,0,0,9,1,0
C:\Users\OOPS\Downloads\datastructure_challenge-master\datastructure_challenge-master\src\com\design_pattern\structural\bridge\Triangle.java,com.design_pattern.structural.bridge.Triangle,class,2,3,1,2,2,2,0,2,1,0,0,0,2,0,2,0,0,0,2,0,0,0,0,0,0,0,0,0,0,0,0,9,0,0,0,0,0,1,0,0,0,0,0,0,0,0,7,1,0
C:\Users\OOPS\Downloads\datastructure_challenge-master\datastructure_challenge-master\src\com\array\rotation\PairSumSortedArray.java,com.array.rotation.PairSumSortedArray,class,2,3,1,2,5,1,0,2,1,0,NaN,NaN,2,2,1,1,0,0,1,0,0,0,0,0,0,0,0,0,0,0,1,23,0,1,0,0,0,3,12,5,4,5,2,0,0,0,13,1,0
C:\Users\OOPS\Downloads\datastructure_challenge-master\datastructure_challenge-master\src\com\binary\RootToLeafLenghtInBinary.java,com.binary.RootToLeafLenghtInBinary,class,2,3,1,2,8,1,0,10,3,0,NaN,NaN,3,1,1,2,0,0,1,0,0,0,0,0,0,0,0,0,0,0,0,48,1,1,3,0,0,2,12,13,4,7,2,0,1,0,25,1,0
C:\Users\OOPS\Downloads\datastructure_challenge-master\datastructure_challenge-master\src\com\design_pattern\behavioral\chainofresponsibility\Dollar50Dispenser.java,com.design_pattern.behavioral.chainofresponsibility.Dollar50Dispenser,class,2,3,1,2,4,1,0,3,0,0,1,1,2,0,2,0,0,0,2,0,0,0,1,0,0,1,0,0,0,0,0,19,0,0,1,0,0,2,4,3,3,3,2,0,0,0,13,1,0
C:\Users\OOPS\Downloads\datastructure_challenge-master\datastructure_challenge-master\src\com\exam\algorithm\SumArray.java,com.exam.algorithm.SumArray,class,3,4,1,3,6,1,0,3,1,0,NaN,NaN,2,2,1,1,0,0,1,0,0,0,0,0,0,0,0,0,0,0,1,23,0,2,0,0,0,1,4,10,1,9,2,0,0,0,17,1,0
C:\Users\OOPS\Downloads\datastructure_challenge-master\datastructure_challenge-master\src\com\design_pattern\creational\factory\Computer.java,com.design_pattern.creational.factory.Computer,class,1,6,5,1,4,1,2,3,6,0,0,0,4,0,4,0,0,0,4,3,0,0,0,0,0,0,0,0,0,0,0,8,1,0,0,0,0,3,0,0,1,0,0,0,0,0,11,1025,0
C:\Users\OOPS\Downloads\datastructure_challenge-master\datastructure_challenge-master\src\com\array\rotation\ReverseArrayRotation.java,com.array.rotation.ReverseArrayRotation,class,2,3,1,2,6,1,0,4,6,0,0,0,4,1,3,1,0,0,3,0,0,0,0,0,0,0,0,0,0,0,0,28,0,2,0,0,0,0,18,6,3,4,1,0,0,0,15,1,0
C:\Users\OOPS\Downloads\datastructure_challenge-master\datastructure_challenge-master\src\com\design_pattern\behavioral\strategy\CreditCardStrategy.java,com.design_pattern.behavioral.strategy.CreditCardStrategy,class,1,2,1,1,2,1,0,1,1,0.5,0,0,2,0,2,0,0,0,2,0,0,0,4,0,0,4,0,0,0,0,0,15,0,0,0,0,0,1,0,4,1,4,0,0,0,0,16,1,0
C:\Users\OOPS\Downloads\datastructure_challenge-master\datastructure_challenge-master\src\com\design_pattern\behavioral\visitor\ShoppingCardVisitor.java,com.design_pattern.behavioral.visitor.ShoppingCardVisitor,interface,2,7,5,2,2,1,0,0,1,0,0,0,2,0,2,0,0,0,2,0,0,0,0,0,0,0,0,0,0,0,0,4,0,0,0,0,0,0,0,0,0,0,0,0,0,0,8,1,0
C:\Users\OOPS\Downloads\datastructure_challenge-master\datastructure_challenge-master\src\com\design_pattern\creational\prototype\Employee.java,com.design_pattern.creational.prototype.Employee,class,1,3,2,1,6,1,0,1,0,0,1,1,5,0,5,0,0,0,5,0,0,0,1,0,0,1,0,0,0,0,0,25,2,1,0,0,0,4,0,3,0,2,1,0,0,0,16,1,0
C:\Users\OOPS\Downloads\datastructure_challenge-master\datastructure_challenge-master\src\com\graph\DepthFirstSearchExample.java,com.graph.DepthFirstSearchExample,class,3,4,1,3,18,1,0,14,4,0.4,0.3,0.3,5,2,5,0,0,0,5,0,0,0,1,1,0,0,0,1,0,0,1,86,1,6,4,0,0,4,64,29,2,24,3,0,1,0,45,1,0
C:\Users\OOPS\Downloads\datastructure_challenge-master\datastructure_challenge-master\src\com\design_pattern\creational\factory\TestFactory.java,com.design_pattern.creational.factory.TestFactory,class,2,2,0,2,1,1,0,2,0,0,NaN,NaN,1,1,1,0,0,0,1,0,0,0,0,0,0,0,0,0,0,0,2,8,0,0,0,0,0,10,0,2,2,2,0,0,0,0,10,1,0
C:\Users\OOPS\Downloads\datastructure_challenge-master\datastructure_challenge-master\src\com\array\rotation\PairSumSortedArray_Temp.java,com.array.rotation.PairSumSortedArray_Temp,class,3,4,1,3,4,1,0,2,1,0,0,0,2,2,2,0,0,0,2,0,0,0,0,0,0,0,0,0,0,0,1,19,0,1,0,0,1,4,9,6,3,5,2,0,0,0,18,1,0
C:\Users\OOPS\Downloads\datastructure_challenge-master\datastructure_challenge-master\src\com\sorting\CountSorting.java,com.sorting.CountSorting,class,3,4,1,3,8,1,0,3,1,0,NaN,NaN,2,1,1,1,0,0,1,0,0,0,0,0,0,0,0,0,0,0,0,22,0,6,0,0,0,1,13,15,3,11,1,0,0,0,12,1,0
C:\Users\OOPS\Downloads\datastructure_challenge-master\datastructure_challenge-master\src\com\array\rearrangement\RearrangeNegativePositiveNumberWithExtraSpace.java,com.array.rearrangement.RearrangeNegativePositiveNumberWithExtraSpace,class,2,3,1,2,13,1,0,6,15,0,NaN,NaN,6,6,1,5,0,0,1,0,0,0,0,0,0,0,0,0,0,0,10,44,0,3,0,0,1,1,21,8,10,6,1,0,0,0,21,1,0
C:\Users\OOPS\Downloads\datastructure_challenge-master\datastructure_challenge-master\src\com\design_pattern\behavioral\strategy\PaymentStrategy.java,com.design_pattern.behavioral.strategy.PaymentStrategy,interface,0,3,3,0,1,1,0,0,0,0,NaN,NaN,1,0,1,0,0,0,1,0,0,0,0,0,0,0,0,0,0,0,0,3,0,0,0,0,0,0,0,0,0,0,0,0,0,0,4,1,0
C:\Users\OOPS\Downloads\datastructure_challenge-master\datastructure_challenge-master\src\com\design_pattern\structural\decorator\CarDecorator.java,com.design_pattern.structural.decorator.CarDecorator,class,1,3,2,1,2,1,2,1,0,0,1,1,2,0,2,0,0,0,2,0,0,0,1,0,0,0,0,1,0,0,0,9,0,0,0,0,0,0,0,1,0,1,0,0,0,0,4,1,0
C:\Users\OOPS\Downloads\datastructure_challenge-master\datastructure_challenge-master\src\com\sorting\MergeSort.java,com.sorting.MergeSort,class,2,3,1,2,11,1,0,5,4,0.5833333,0,0,4,1,2,2,0,0,2,0,0,0,3,0,0,3,0,0,0,0,0,52,0,4,0,0,1,1,15,14,6,10,2,0,0,0,23,1,0
C:\Users\OOPS\Downloads\datastructure_challenge-master\datastructure_challenge-master\src\com\design_pattern\structural\composition\Square.java,com.design_pattern.structural.composition.Square,class,1,2,1,1,1,1,0,1,0,0,NaN,NaN,1,0,1,0,0,0,1,0,0,0,0,0,0,0,0,0,0,0,0,5,0,0,0,0,0,1,0,0,1,0,0,0,0,0,6,1,0
C:\Users\OOPS\Downloads\datastructure_challenge-master\datastructure_challenge-master\src\com\graph\BFS_Graph.java,com.graph.BFS_Graph,class,2,3,1,2,9,1,0,11,0,0.375,0,0,4,1,2,2,0,0,2,0,0,0,2,0,0,2,0,0,0,0,0,48,0,4,1,0,0,2,16,13,1,9,3,0,0,0,27,1,0
C:\Users\OOPS\Downloads\datastructure_challenge-master\datastructure_challenge-master\src\com\design_pattern\behavioral\command\Command.java,com.design_pattern.behavioral.command.Command,interface,0,4,4,0,1,1,0,0,0,0,NaN,NaN,1,0,0,0,0,1,1,0,0,0,0,0,0,0,0,0,0,0,0,3,0,0,0,0,0,0,0,0,0,0,0,0,0,0,2,1,0
C:\Users\OOPS\Downloads\datastructure_challenge-master\datastructure_challenge-master\src\com\design_pattern\structural\adapter\AdapterDesign_ObjectImpDemo.java,com.design_pattern.structural.adapter.AdapterDesign_ObjectImpDemo,class,4,6,2,4,4,1,0,3,0,0.25,1,1,4,0,3,1,0,0,3,0,0,0,1,0,0,1,0,0,0,0,0,15,4,0,0,0,0,0,2,1,1,1,0,0,0,0,14,1,0
C:\Users\OOPS\Downloads\datastructure_challenge-master\datastructure_challenge-master\src\com\design_pattern\structural\bridge\Pentagon.java,com.design_pattern.structural.bridge.Pentagon,class,2,3,1,2,2,2,0,2,1,0,0,0,2,0,2,0,0,0,2,0,0,0,0,0,0,0,0,0,0,0,0,9,0,0,0,0,0,1,0,0,0,0,0,0,0,0,7,1,0
C:\Users\OOPS\Downloads\datastructure_challenge-master\datastructure_challenge-master\src\com\binary\MaximumLevelSum.java,com.binary.MaximumLevelSum$Node,innerclass,1,1,0,1,1,1,0,0,0,0,NaN,NaN,1,0,1,0,0,0,1,0,0,0,2,0,0,0,0,2,0,0,0,9,0,0,0,0,0,0,0,3,0,3,0,0,0,0,6,9,0
C:\Users\OOPS\Downloads\datastructure_challenge-master\datastructure_challenge-master\src\com\design_pattern\creational\prototype\PrototypePattern.java,com.design_pattern.creational.prototype.PrototypePattern,class,1,1,0,1,1,1,0,7,0,0,NaN,NaN,1,1,1,0,0,0,1,0,0,0,0,0,0,0,0,0,0,0,0,19,0,0,0,0,0,4,0,5,0,5,0,0,0,0,14,1,0
C:\Users\OOPS\Downloads\datastructure_challenge-master\datastructure_challenge-master\src\com\linkedlist\RotateLinkedList.java,com.linkedlist.RotateLinkedList$Node,innerclass,1,1,0,1,1,1,0,0,0,0,NaN,NaN,1,0,0,0,0,1,1,0,0,0,2,0,0,0,0,2,0,0,0,8,0,0,0,0,0,0,0,2,0,2,0,0,0,0,5,8,0
C:\Users\OOPS\Downloads\datastructure_challenge-master\datastructure_challenge-master\src\com\design_pattern\creational\singleton\ThreadSingletonDemo.java,com.design_pattern.creational.singleton.ThreadSingletonDemo,class,1,3,2,1,4,1,0,0,1,0.5,NaN,NaN,2,1,1,1,0,0,1,0,0,1,1,1,0,1,0,0,0,0,0,15,1,0,2,0,0,0,0,1,0,1,3,0,0,0,7,1,0
C:\Users\OOPS\Downloads\datastructure_challenge-master\datastructure_challenge-master\src\com\design_pattern\behavioral\command\OpenCommand.java,com.design_pattern.behavioral.command.OpenCommand,class,2,3,1,2,2,1,0,1,0,0,1,1,2,0,2,0,0,0,2,0,0,0,1,0,0,0,0,1,0,0,0,9,0,0,0,0,0,0,0,1,0,1,0,0,0,0,7,1,0
C:\Users\OOPS\Downloads\datastructure_challenge-master\datastructure_challenge-master\src\com\design_pattern\creational\factory\PC.java,com.design_pattern.creational.factory.PC,class,1,2,1,1,4,2,0,0,0,0.5,0.5,1,4,0,4,0,0,0,4,0,0,0,3,0,0,0,0,3,0,0,0,19,3,0,0,0,0,0,0,3,0,3,0,0,0,0,13,1,0
C:\Users\OOPS\Downloads\datastructure_challenge-master\datastructure_challenge-master\src\com\design_pattern\behavioral\chainofresponsibility\Dollar20Dispenser.java,com.design_pattern.behavioral.chainofresponsibility.Dollar20Dispenser,class,2,3,1,2,4,1,0,3,0,0,1,1,2,0,2,0,0,0,2,0,0,0,1,0,0,0,0,1,0,0,0,19,0,0,1,0,0,2,4,3,3,3,2,0,0,0,12,1,0
C:\Users\OOPS\Downloads\datastructure_challenge-master\datastructure_challenge-master\src\com\design_pattern\structural\decorator\BasicCar.java,com.design_pattern.structural.decorator.BasicCar,class,1,2,1,1,1,1,0,1,0,0,NaN,NaN,1,0,1,0,0,0,1,0,0,0,0,0,0,0,0,0,0,0,0,5,0,0,0,0,0,1,0,0,0,0,0,0,0,0,3,1,0
C:\Users\OOPS\Downloads\datastructure_challenge-master\datastructure_challenge-master\src\com\design_pattern\behavioral\mediator\User.java,com.design_pattern.behavioral.mediator.User,class,1,5,4,1,3,1,1,0,3,0.6666667,0,0,3,0,3,0,0,0,3,2,0,0,2,0,0,0,0,2,0,0,0,10,0,0,0,0,0,0,0,2,0,2,0,0,0,0,9,1025,0
C:\Users\OOPS\Downloads\datastructure_challenge-master\datastructure_challenge-master\src\com\design_pattern\creational\factory\ComputerFactory.java,com.design_pattern.creational.factory.ComputerFactory,class,3,4,1,3,3,1,0,1,0,0,NaN,NaN,1,1,1,0,0,0,1,0,0,0,0,0,0,0,0,0,0,0,0,13,3,0,0,0,0,2,0,0,0,0,1,0,0,0,9,1,0
C:\Users\OOPS\Downloads\datastructure_challenge-master\datastructure_challenge-master\src\com\design_pattern\structural\flyweight\Oval.java,com.design_pattern.structural.flyweight.Oval,class,1,2,1,1,4,1,0,4,0,0,1,1,2,0,2,0,0,0,2,0,0,0,1,0,0,1,0,0,0,0,1,18,0,0,0,1,0,0,1,1,0,1,1,0,0,0,9,1,0
C:\Users\OOPS\Downloads\datastructure_challenge-master\datastructure_challenge-master\src\com\design_pattern\behavioral\strategy\PaypalStrategy.java,com.design_pattern.behavioral.strategy.PaypalStrategy,class,1,2,1,1,2,1,0,1,1,0.5,0,0,2,0,2,0,0,0,2,0,0,0,2,0,0,2,0,0,0,0,0,11,0,0,0,0,0,1,0,2,1,2,0,0,0,0,9,1,0
C:\Users\OOPS\Downloads\datastructure_challenge-master\datastructure_challenge-master\src\com\design_pattern\behavioral\state\TVContext.java,com.design_pattern.behavioral.state.TVContext,class,1,2,1,1,4,1,0,1,0,0.25,0.5,0.5,4,0,4,0,0,0,4,0,0,0,1,0,0,0,0,1,0,0,0,14,1,0,0,0,0,0,0,1,0,1,0,0,0,0,9,1,0
C:\Users\OOPS\Downloads\datastructure_challenge-master\datastructure_challenge-master\src\com\binary\CustomMaximumLevelSum.java,com.binary.CustomMaximumLevelSum$Node,innerclass,1,1,0,1,1,1,0,0,0,0,NaN,NaN,1,0,1,0,0,0,1,0,0,0,2,0,0,0,0,2,0,0,0,9,0,0,0,0,0,0,0,3,0,3,0,0,0,0,6,9,0
C:\Users\OOPS\Downloads\datastructure_challenge-master\datastructure_challenge-master\src\com\binary\MaximumLevelSum.java,com.binary.MaximumLevelSum,class,2,3,1,2,9,1,0,6,0,0,NaN,NaN,2,1,1,1,0,0,1,0,0,0,1,1,0,0,0,1,0,0,0,78,2,1,4,0,0,4,17,33,1,19,3,0,1,0,30,1,0
C:\Users\OOPS\Downloads\datastructure_challenge-master\datastructure_challenge-master\src\com\design_pattern\structural\decorator\DecoratorPatternTest.java,com.design_pattern.structural.decorator.DecoratorPatternTest,class,4,4,0,4,1,1,0,2,0,0,NaN,NaN,1,1,1,0,0,0,1,0,0,0,0,0,0,0,0,0,0,0,0,9,0,0,0,0,0,1,0,2,0,2,0,0,0,0,11,1,0
C:\Users\OOPS\Downloads\datastructure_challenge-master\datastructure_challenge-master\src\com\array\rearrangement\MaximumLengthBitonicSubarray.java,com.array.rearrangement.MaximumLengthBitonicSubarray,class,2,3,1,2,8,1,0,2,1,0,NaN,NaN,2,2,1,1,0,0,1,0,0,0,0,0,0,0,0,0,0,0,1,27,1,3,0,0,2,1,27,13,15,8,2,0,0,0,18,1,0
C:\Users\OOPS\Downloads\datastructure_challenge-master\datastructure_challenge-master\src\com\exam\algorithm\Chaining.java,com.exam.algorithm.Chaining,class,1,2,1,1,9,1,0,9,1,0,NaN,NaN,2,2,1,1,0,0,1,0,0,0,0,0,0,0,0,0,0,0,1,29,2,4,2,0,0,4,5,10,3,7,4,0,0,0,14,1,0
C:\Users\OOPS\Downloads\datastructure_challenge-master\datastructure_challenge-master\src\com\array\rearrangement\LargestSubArray.java,com.array.rearrangement.LargestSubArray,class,2,3,1,2,10,1,0,5,1,0,NaN,NaN,2,2,1,1,0,0,1,0,0,0,0,0,0,0,0,0,0,0,1,37,0,3,3,0,2,1,23,17,9,9,3,0,0,0,14,1,0
C:\Users\OOPS\Downloads\datastructure_challenge-master\datastructure_challenge-master\src\com\array\rearrangement\SortedSbq4LinearTime.java,com.array.rearrangement.SortedSbq4LinearTime,class,2,3,1,2,14,1,0,4,1,0,NaN,NaN,2,2,1,1,0,0,1,0,0,0,0,0,0,0,0,0,0,0,4,50,1,3,5,0,0,2,30,24,3,11,3,0,0,0,22,1,0
C:\Users\OOPS\Downloads\datastructure_challenge-master\datastructure_challenge-master\src\com\searching\MissingNumber.java,com.searching.MissingNumber,class,2,3,1,2,4,1,0,2,1,0,0,0,2,2,1,0,0,1,2,0,0,0,0,0,0,0,0,0,0,0,1,15,1,2,0,0,1,0,11,8,1,5,1,0,0,0,10,1,0
C:\Users\OOPS\Downloads\datastructure_challenge-master\datastructure_challenge-master\src\com\design_pattern\structural\flyweight\ShapeFactory.java,com.design_pattern.structural.flyweight.ShapeFactory,class,4,5,1,4,5,1,0,3,0,0,NaN,NaN,1,1,1,0,0,0,1,0,0,0,1,1,0,1,0,0,1,0,0,20,1,0,1,0,0,0,0,5,0,2,2,0,1,0,17,1,0
C:\Users\OOPS\Downloads\datastructure_challenge-master\datastructure_challenge-master\src\com\design_pattern\behavioral\visitor\Fruit.java,com.design_pattern.behavioral.visitor.Fruit,class,2,5,3,2,5,1,0,1,4,0.6,0.3,0.6,5,0,5,0,0,0,5,0,0,0,3,0,0,3,0,0,0,0,0,22,4,0,0,0,0,0,0,3,0,3,0,0,0,0,18,1,0
C:\Users\OOPS\Downloads\datastructure_challenge-master\datastructure_challenge-master\src\com\design_pattern\creational\factory\Server.java,com.design_pattern.creational.factory.Server,class,1,2,1,1,4,2,0,0,0,0.5,0.5,1,4,0,4,0,0,0,4,0,0,0,1,0,0,0,0,1,0,0,0,17,3,0,0,0,0,0,0,3,0,3,0,0,0,0,14,1,0
C:\Users\OOPS\Downloads\datastructure_challenge-master\datastructure_challenge-master\src\com\design_pattern\structural\bridge\GreenColor.java,com.design_pattern.structural.bridge.GreenColor,class,1,2,1,1,1,1,0,1,0,0,NaN,NaN,1,0,1,0,0,0,1,0,0,0,0,0,0,0,0,0,0,0,0,5,0,0,0,0,0,1,0,0,0,0,0,0,0,0,3,1,0
C:\Users\OOPS\Downloads\datastructure_challenge-master\datastructure_challenge-master\src\com\design_pattern\structural\composition\CompositionPatternDesign.java,com.design_pattern.structural.composition.CompositionPatternDesign,class,5,5,0,5,1,1,0,3,0,0,NaN,NaN,1,1,1,0,0,0,1,0,0,0,0,0,0,0,0,0,0,0,0,16,0,0,0,0,0,2,0,4,0,4,0,0,0,0,14,1,0
C:\Users\OOPS\Downloads\datastructure_challenge-master\datastructure_challenge-master\src\com\array\rearrangement\SegregateEvenandOddnumbers.java,com.array.rearrangement.SegregateEvenandOddnumbers,class,2,3,1,2,10,1,0,4,3,0,NaN,NaN,3,3,1,2,0,0,1,0,0,0,0,0,0,0,0,0,0,0,3,33,0,4,2,0,0,2,14,7,4,5,2,0,0,0,15,1,0
C:\Users\OOPS\Downloads\datastructure_challenge-master\datastructure_challenge-master\src\com\design_pattern\structural\facade\OracleHelper.java,com.design_pattern.structural.facade.OracleHelper,class,0,2,2,0,3,1,0,1,3,0,0,0,3,1,3,0,0,0,3,0,0,0,0,0,0,0,0,0,0,0,0,11,1,0,0,0,0,2,0,0,0,0,0,0,0,0,15,1,0
C:\Users\OOPS\Downloads\datastructure_challenge-master\datastructure_challenge-master\src\com\design_pattern\behavioral\observer\MyTopicSubscriber.java,com.design_pattern.behavioral.observer.MyTopicSubscriber,class,2,3,1,2,4,1,0,2,0,0.33333334,0.6666667,1,3,0,3,0,0,0,3,0,0,0,2,0,0,2,0,0,0,0,0,17,0,0,1,0,0,2,0,3,2,3,1,0,0,0,15,1,0
C:\Users\OOPS\Downloads\datastructure_challenge-master\datastructure_challenge-master\src\com\design_pattern\behavioral\state\State.java,com.design_pattern.behavioral.state.State,interface,0,3,3,0,1,1,0,0,0,0,NaN,NaN,1,0,1,0,0,0,1,0,0,0,0,0,0,0,0,0,0,0,0,3,0,0,0,0,0,0,0,0,0,0,0,0,0,0,3,1,0
C:\Users\OOPS\Downloads\datastructure_challenge-master\datastructure_challenge-master\src\com\design_pattern\behavioral\visitor\ShoppingCardClient.java,com.design_pattern.behavioral.visitor.ShoppingCardClient,class,6,7,1,6,3,1,0,3,1,0,NaN,NaN,2,2,1,1,0,0,1,0,0,0,0,0,0,0,0,0,0,0,1,15,1,1,0,0,0,5,7,5,1,4,1,0,0,0,21,1,0
C:\Users\OOPS\Downloads\datastructure_challenge-master\datastructure_challenge-master\src\com\design_pattern\structural\adapter\Socket.java,com.design_pattern.structural.adapter.Socket,class,1,3,2,1,1,1,1,0,0,0,NaN,NaN,1,0,1,0,0,0,1,0,0,0,0,0,0,0,0,0,0,0,0,5,1,0,0,0,0,0,1,0,0,0,0,0,0,0,4,1,0
C:\Users\OOPS\Downloads\datastructure_challenge-master\datastructure_challenge-master\src\com\array\rearrangement\ThreeWayPartitioningArray.java,com.array.rearrangement.ThreeWayPartitioningArray,class,2,3,1,2,7,1,0,3,3,0,NaN,NaN,3,3,1,2,0,0,1,0,0,0,0,0,0,0,0,0,0,0,2,30,0,2,0,0,0,1,19,11,2,7,2,0,0,0,16,1,0
C:\Users\OOPS\Downloads\datastructure_challenge-master\datastructure_challenge-master\src\com\design_pattern\structural\facade\HelperFacade.java,com.design_pattern.structural.facade.HelperFacade,class,4,5,1,4,4,1,0,6,0,0,NaN,NaN,1,1,1,0,0,0,1,0,0,0,0,0,0,0,0,0,0,0,2,33,0,0,0,0,0,0,0,5,0,3,2,0,2,0,20,1,0
C:\Users\OOPS\Downloads\datastructure_challenge-master\datastructure_challenge-master\src\com\linkedlist\AddTwoLinkedListInReverseOrder.java,com.linkedlist.AddTwoLinkedListInReverseOrder,class,2,3,1,2,15,1,0,9,9,0.60714287,0,0,7,1,2,5,0,0,2,0,0,0,3,1,0,0,0,3,0,0,1,98,4,3,5,0,0,4,15,40,8,19,2,0,1,0,37,1,0
C:\Users\OOPS\Downloads\datastructure_challenge-master\datastructure_challenge-master\src\com\design_pattern\structural\facade\MySqlHelper.java,com.design_pattern.structural.facade.MySqlHelper,class,0,2,2,0,3,1,0,1,3,0,0,0,3,1,3,0,0,0,3,0,0,0,0,0,0,0,0,0,0,0,0,11,1,0,0,0,0,2,0,0,0,0,0,0,0,0,16,1,0
C:\Users\OOPS\Downloads\datastructure_challenge-master\datastructure_challenge-master\src\com\design_pattern\behavioral\chainofresponsibility\DispenseChain.java,com.design_pattern.behavioral.chainofresponsibility.DispenseChain,interface,2,7,5,2,2,1,0,0,1,0,0,0,2,0,0,0,0,2,2,0,0,0,0,0,0,0,0,0,0,0,0,4,0,0,0,0,0,0,0,0,0,0,0,0,0,0,8,1,0
C:\Users\OOPS\Downloads\datastructure_challenge-master\datastructure_challenge-master\src\com\array\rotation\SearchElementFromSortedAndPivotArray.java,com.array.rotation.SearchElementFromSortedAndPivotArray,class,2,3,1,2,9,1,0,2,1,0.5,NaN,NaN,2,2,1,1,0,0,1,0,0,0,1,1,0,0,0,1,0,0,5,18,6,0,1,0,1,0,18,3,7,3,2,0,0,0,16,1,0
C:\Users\OOPS\Downloads\datastructure_challenge-master\datastructure_challenge-master\src\com\array\rotation\FindElementQuick_MultipleRotationArray.java,com.array.rotation.FindElementQuick_MultipleRotationArray,class,2,3,1,2,5,1,0,4,3,0,NaN,NaN,3,3,1,2,0,0,1,0,0,0,0,0,0,0,0,0,0,0,2,22,0,2,0,0,0,2,8,9,5,7,1,0,0,0,16,1,0
C:\Users\OOPS\Downloads\datastructure_challenge-master\datastructure_challenge-master\src\com\linkedlist\AddTwoLinkedList.java,com.linkedlist.AddTwoLinkedList$Node,innerclass,1,1,0,1,1,1,0,0,0,0,NaN,NaN,1,0,0,0,0,1,1,0,0,0,2,0,0,0,0,2,0,0,0,8,0,0,0,0,0,0,0,2,0,2,0,0,0,0,5,8,0
C:\Users\OOPS\Downloads\datastructure_challenge-master\datastructure_challenge-master\src\com\design_pattern\behavioral\visitor\ItemElement.java,com.design_pattern.behavioral.visitor.ItemElement,interface,1,4,3,1,1,1,0,0,0,0,NaN,NaN,1,0,1,0,0,0,1,0,0,0,0,0,0,0,0,0,0,0,0,3,0,0,0,0,0,0,0,0,0,0,0,0,0,0,7,1,0
C:\Users\OOPS\Downloads\datastructure_challenge-master\datastructure_challenge-master\src\com\design_pattern\structural\decorator\SportCar.java,com.design_pattern.structural.decorator.SportCar,class,2,3,1,2,2,2,0,2,1,0,0,0,2,0,2,0,0,0,2,0,0,0,0,0,0,0,0,0,0,0,0,9,0,0,0,0,0,1,0,0,0,0,0,0,0,0,7,1,0
C:\Users\OOPS\Downloads\datastructure_challenge-master\datastructure_challenge-master\src\com\design_pattern\behavioral\observer\Subject.java,com.design_pattern.behavioral.observer.Subject,interface,1,4,3,1,4,1,0,0,6,0,0,0,4,0,4,0,0,0,4,0,0,0,0,0,0,0,0,0,0,0,0,6,0,0,0,0,0,0,0,0,0,0,0,0,0,0,10,1,0
C:\Users\OOPS\Downloads\datastructure_challenge-master\datastructure_challenge-master\src\com\searching\FindMinimumSortedRotatedArray.java,com.searching.FindMinimumSortedRotatedArray,class,2,3,1,2,9,1,0,2,1,0,NaN,NaN,2,2,1,1,0,0,1,0,0,0,0,0,0,0,0,0,0,0,3,25,4,0,1,0,1,2,19,4,10,4,1,0,0,0,14,1,0
C:\Users\OOPS\Downloads\datastructure_challenge-master\datastructure_challenge-master\src\com\searching\PairforSumSortedRotatedArray.java,com.searching.PairforSumSortedRotatedArray,class,0,0,0,0,0,1,0,0,0,0,-1,-1,0,0,0,0,0,0,0,0,0,0,0,0,0,0,0,0,0,0,0,2,0,0,0,0,0,0,0,0,0,0,0,0,0,0,5,1,0
C:\Users\OOPS\Downloads\datastructure_challenge-master\datastructure_challenge-master\src\com\array\rotation\RotationalCount_RotatedSortArray.java,com.array.rotation.RotationalCount_RotatedSortArray,class,2,3,1,2,9,1,0,2,1,0,NaN,NaN,2,2,1,1,0,0,1,0,0,0,0,0,0,0,0,0,0,0,3,18,6,0,1,0,1,0,16,2,9,2,1,0,0,0,12,1,0
C:\Users\OOPS\Downloads\datastructure_challenge-master\datastructure_challenge-master\src\com\design_pattern\structural\composition\Circle.java,com.design_pattern.structural.composition.Circle,class,1,2,1,1,1,1,0,1,0,0,NaN,NaN,1,0,1,0,0,0,1,0,0,0,0,0,0,0,0,0,0,0,0,5,0,0,0,0,0,1,0,0,1,0,0,0,0,0,6,1,0
C:\Users\OOPS\Downloads\datastructure_challenge-master\datastructure_challenge-master\src\com\design_pattern\structural\proxy\CommandExecutor.java,com.design_pattern.structural.proxy.CommandExecutor,interface,0,3,3,0,1,1,0,0,0,0,NaN,NaN,1,0,1,0,0,0,1,0,0,0,0,0,0,0,0,0,0,0,0,3,0,0,0,0,0,0,0,0,0,0,0,0,0,0,5,1,0
C:\Users\OOPS\Downloads\datastructure_challenge-master\datastructure_challenge-master\src\com\design_pattern\behavioral\chainofresponsibility\Dollar10Dispenser.java,com.design_pattern.behavioral.chainofresponsibility.Dollar10Dispenser,class,2,3,1,2,4,1,0,3,0,0,1,1,2,0,2,0,0,0,2,0,0,0,1,0,0,0,0,1,0,0,0,19,0,0,1,0,0,2,4,3,3,3,2,0,0,0,12,1,0
C:\Users\OOPS\Downloads\datastructure_challenge-master\datastructure_challenge-master\src\com\array\rearrangement\ThreeWayPartitioningArray_MergeConcept.java,com.array.rearrangement.ThreeWayPartitioningArray_MergeConcept,class,2,3,1,2,14,1,0,5,2,0.62857145,NaN,NaN,5,5,1,4,0,0,1,0,0,0,7,7,0,0,0,7,0,0,6,50,0,2,2,0,1,1,23,13,6,12,2,0,0,0,32,1,0
C:\Users\OOPS\Downloads\datastructure_challenge-master\datastructure_challenge-master\src\com\design_pattern\structural\composition\Triangle.java,com.design_pattern.structural.composition.Triangle,class,1,2,1,1,1,1,0,1,0,0,NaN,NaN,1,0,1,0,0,0,1,0,0,0,0,0,0,0,0,0,0,0,0,5,0,0,0,0,0,1,0,0,1,0,0,0,0,0,6,1,0
C:\Users\OOPS\Downloads\datastructure_challenge-master\datastructure_challenge-master\src\com\design_pattern\structural\decorator\LuxuryCar.java,com.design_pattern.structural.decorator.LuxuryCar,class,2,3,1,2,2,2,0,2,1,0,0,0,2,0,2,0,0,0,2,0,0,0,0,0,0,0,0,0,0,0,0,9,0,0,0,0,0,1,0,0,0,0,0,0,0,0,5,1,0
C:\Users\OOPS\Downloads\datastructure_challenge-master\datastructure_challenge-master\src\com\design_pattern\structural\flyweight\Shape.java,com.design_pattern.structural.flyweight.Shape,interface,0,4,4,0,1,1,0,0,0,0,NaN,NaN,1,0,1,0,0,0,1,0,0,0,0,0,0,0,0,0,0,0,0,3,0,0,0,0,0,0,0,0,0,0,0,0,0,0,5,1,0
C:\Users\OOPS\Downloads\datastructure_challenge-master\datastructure_challenge-master\src\com\design_pattern\behavioral\command\FileSystemReciever.java,com.design_pattern.behavioral.command.FileSystemReciever,interface,0,7,7,0,3,1,0,0,3,0,0,0,3,0,0,0,0,3,3,0,0,0,0,0,0,0,0,0,0,0,0,5,0,0,0,0,0,0,0,0,0,0,0,0,0,0,6,1,0
C:\Users\OOPS\Downloads\datastructure_challenge-master\datastructure_challenge-master\src\com\linkedlist\MergeLinkedList_AlternatePosition.java,com.linkedlist.MergeLinkedList_AlternatePosition,class,0,0,0,0,0,1,0,0,0,0,-1,-1,0,0,0,0,0,0,0,0,0,0,0,0,0,0,0,0,0,0,0,2,0,0,0,0,0,0,0,0,0,0,0,0,0,0,6,1,0
C:\Users\OOPS\Downloads\datastructure_challenge-master\datastructure_challenge-master\src\com\design_pattern\behavioral\command\FileSystemReceiverUtil.java,com.design_pattern.behavioral.command.FileSystemReceiverUtil,class,3,4,1,3,2,1,0,3,0,0,NaN,NaN,1,1,1,0,0,0,1,0,0,0,0,0,0,0,0,0,0,0,1,12,2,0,0,0,0,3,0,1,1,1,1,0,0,0,13,1,0
C:\Users\OOPS\Downloads\datastructure_challenge-master\datastructure_challenge-master\src\com\binary\CustomMaximumLevelSum.java,com.binary.CustomMaximumLevelSum,class,3,4,1,3,9,1,0,3,0,0.33333334,NaN,NaN,2,2,1,1,0,0,1,0,0,0,6,6,0,0,0,6,0,0,5,76,1,1,3,0,1,5,19,37,7,23,2,0,1,0,32,1,0
C:\Users\OOPS\Downloads\datastructure_challenge-master\datastructure_challenge-master\src\com\design_pattern\behavioral\chainofresponsibility\Currency.java,com.design_pattern.behavioral.chainofresponsibility.Currency,class,0,5,5,0,2,1,0,0,0,0,1,1,2,0,2,0,0,0,2,0,0,0,1,0,0,1,0,0,0,0,0,9,1,0,0,0,0,0,0,1,0,1,0,0,0,0,4,1,0
C:\Users\OOPS\Downloads\datastructure_challenge-master\datastructure_challenge-master\src\com\design_pattern\behavioral\mediator\ChatMediatorImp.java,com.design_pattern.behavioral.mediator.ChatMediatorImp,class,2,3,1,2,5,1,0,2,0,0,1,1,3,0,3,0,0,0,3,0,0,0,1,0,0,0,0,1,0,0,0,16,0,1,1,0,0,0,0,1,0,1,2,0,0,0,11,1,0
C:\Users\OOPS\Downloads\datastructure_challenge-master\datastructure_challenge-master\src\com\design_pattern\creational\builder\Computer.java,com.design_pattern.creational.builder.Computer$ComputerBuilder,innerclass,2,2,0,2,4,1,0,1,4,0.6875,0.16666667,0.16666667,4,0,4,0,0,0,4,0,0,0,4,0,0,4,0,0,0,0,0,22,3,0,0,0,0,1,0,4,1,4,0,0,0,0,15,9,0
C:\Users\OOPS\Downloads\datastructure_challenge-master\datastructure_challenge-master\src\com\sorting\HeapSorting.java,com.sorting.HeapSorting,class,2,3,1,2,12,1,0,6,6,0,NaN,NaN,4,2,1,3,0,0,1,0,0,0,0,0,0,0,0,0,0,0,2,45,0,3,1,0,0,2,19,19,8,13,1,0,0,0,16,1,0
C:\Users\OOPS\Downloads\datastructure_challenge-master\datastructure_challenge-master\src\com\linkedlist\AddTwoLinkedList.java,com.linkedlist.AddTwoLinkedList,class,2,3,1,2,13,1,0,4,3,0.6666667,0,0,3,1,1,0,0,2,3,0,0,0,1,1,0,0,0,1,0,0,0,64,1,2,8,0,3,5,15,24,3,9,2,0,1,0,24,1,0
C:\Users\OOPS\Downloads\datastructure_challenge-master\datastructure_challenge-master\src\com\sorting\BucketSort.java,com.sorting.BucketSort,class,2,3,1,2,6,1,0,3,1,0,NaN,NaN,2,2,1,1,0,0,1,0,0,0,0,0,0,0,0,0,0,0,3,24,0,4,0,0,0,2,20,10,3,8,2,0,0,0,13,1,0
C:\Users\OOPS\Downloads\datastructure_challenge-master\datastructure_challenge-master\src\com\design_pattern\behavioral\command\WindowFileSystemReciever.java,com.design_pattern.behavioral.command.WindowFileSystemReciever,class,1,2,1,1,3,1,0,1,3,0,0,0,3,0,3,0,0,0,3,0,0,0,0,0,0,0,0,0,0,0,0,11,0,0,0,0,0,3,0,0,0,0,0,0,0,0,11,1,0
C:\Users\OOPS\Downloads\datastructure_challenge-master\datastructure_challenge-master\src\com\design_pattern\structural\facade\HelperFacade.java,com.design_pattern.structural.facade.HelperFacade$ReportTypes,enum,0,0,0,0,0,1,0,0,0,0,-1,-1,0,0,0,0,0,0,0,0,0,0,0,0,0,0,0,0,0,0,0,1,0,0,0,0,0,0,0,0,0,0,0,0,0,0,6,9,0
C:\Users\OOPS\Downloads\datastructure_challenge-master\datastructure_challenge-master\src\com\exam\algorithm\Polygon.java,com.exam.algorithm.Polygon,class,2,3,1,2,13,1,0,8,1,0.44444445,NaN,NaN,3,3,1,2,0,0,1,0,0,0,3,3,0,0,0,3,3,0,5,52,4,2,7,0,1,2,18,18,1,14,2,0,0,0,25,1,0
C:\Users\OOPS\Downloads\datastructure_challenge-master\datastructure_challenge-master\src\com\array\CountNumberOccurrence.java,com.array.CountNumberOccurrence,class,2,3,1,2,15,1,0,4,6,0,0,0,4,1,4,0,0,0,4,0,0,0,0,0,0,0,0,0,0,0,0,44,10,0,5,0,2,0,29,7,15,7,2,0,0,0,18,1,0
C:\Users\OOPS\Downloads\datastructure_challenge-master\datastructure_challenge-master\src\com\array\rearrangement\PartitionProblemDynamicProgramming.java,com.array.rearrangement.PartitionProblemDynamicProgramming,class,3,4,1,3,9,1,0,2,1,0,0,0,2,2,1,0,0,1,2,0,0,0,0,0,0,0,0,0,0,0,1,30,1,5,1,0,0,2,23,14,11,9,3,0,0,0,22,1,0
C:\Users\OOPS\Downloads\datastructure_challenge-master\datastructure_challenge-master\src\com\array\rotation\ArrayRotation.java,com.array.rotation.ArrayRotation,class,2,3,1,2,10,1,0,4,6,0,0,0,4,1,4,0,0,0,4,0,0,0,0,0,0,0,0,0,0,0,0,35,1,3,3,0,1,0,17,11,3,7,3,0,0,0,18,1,0
C:\Users\OOPS\Downloads\datastructure_challenge-master\datastructure_challenge-master\src\com\design_pattern\behavioral\strategy\Item.java,com.design_pattern.behavioral.strategy.Item,class,0,2,2,0,3,1,0,0,0,0.33333334,0.6666667,1,3,0,3,0,0,0,3,0,0,0,2,0,0,2,0,0,0,0,0,14,2,0,0,0,0,0,0,2,0,2,0,0,0,0,7,1,0
C:\Users\OOPS\Downloads\datastructure_challenge-master\datastructure_challenge-master\src\com\design_pattern\behavioral\visitor\ShoppingCardVisitorImp.java,com.design_pattern.behavioral.visitor.ShoppingCardVisitorImp,class,3,4,1,3,3,1,0,5,1,0,0,0,2,0,2,0,0,0,2,0,0,0,0,0,0,0,0,0,0,0,0,17,2,0,0,0,2,1,3,4,3,2,1,0,0,0,11,1,0
C:\Users\OOPS\Downloads\datastructure_challenge-master\datastructure_challenge-master\src\com\design_pattern\structural\bridge\Shape.java,com.design_pattern.structural.bridge.Shape,class,1,4,3,1,2,1,2,0,1,0.5,0,0,2,0,2,0,0,0,2,1,0,0,1,0,0,0,0,1,0,0,0,7,0,0,0,0,0,0,0,1,0,1,0,0,0,0,5,1025,0
C:\Users\OOPS\Downloads\datastructure_challenge-master\datastructure_challenge-master\src\com\design_pattern\structural\proxy\CommandExecutorImp.java,com.design_pattern.structural.proxy.CommandExecutorImp,class,1,2,1,1,1,1,0,3,0,0,NaN,NaN,1,0,1,0,0,0,1,0,0,0,0,0,0,0,0,0,0,0,1,6,0,0,0,0,0,2,0,0,1,0,0,0,0,0,7,1,0
C:\Users\OOPS\Downloads\datastructure_challenge-master\datastructure_challenge-master\src\com\design_pattern\structural\facade\HelperFacade.java,com.design_pattern.structural.facade.HelperFacade$DBTypes,enum,0,0,0,0,0,1,0,0,0,0,-1,-1,0,0,0,0,0,0,0,0,0,0,0,0,0,0,0,0,0,0,0,1,0,0,0,0,0,0,0,0,0,0,0,0,0,0,10,9,0
C:\Users\OOPS\Downloads\datastructure_challenge-master\datastructure_challenge-master\src\com\graph\DepthFirstSearchExample.java,com.graph.DepthFirstSearchExample$Node,innerclass,0,0,0,0,1,1,0,0,0,0.5,NaN,NaN,1,0,0,0,0,1,1,0,0,0,2,0,0,0,0,2,0,0,0,7,0,0,0,0,0,0,0,1,0,2,0,0,0,0,3,8,0
C:\Users\OOPS\Downloads\datastructure_challenge-master\datastructure_challenge-master\src\com\design_pattern\structural\flyweight\Line.java,com.design_pattern.structural.flyweight.Line,class,1,2,1,1,3,1,0,4,1,0,0,0,2,0,2,0,0,0,2,0,0,0,0,0,0,0,0,0,0,0,1,14,0,0,0,1,0,1,1,0,0,0,1,0,0,0,9,1,0
C:\Users\OOPS\Downloads\datastructure_challenge-master\datastructure_challenge-master\src\com\design_pattern\behavioral\observer\MyTopic.java,com.design_pattern.behavioral.observer.MyTopic,class,3,5,2,3,9,1,0,6,1,0.625,0.46666667,0.46666667,6,0,6,0,0,0,6,0,0,0,4,0,0,4,0,0,1,0,0,36,1,1,1,0,0,2,0,4,1,4,2,0,0,0,30,1,0
C:\Users\OOPS\Downloads\datastructure_challenge-master\datastructure_challenge-master\src\com\linkedlist\RotateLinkedList.java,com.linkedlist.RotateLinkedList,class,2,3,1,2,11,1,0,4,4,0.5,0.33333334,0.33333334,4,1,2,1,0,1,3,0,0,0,1,1,0,0,0,1,0,0,0,53,3,4,6,0,0,2,10,18,1,6,1,0,1,0,19,1,0
C:\Users\OOPS\Downloads\datastructure_challenge-master\datastructure_challenge-master\src\com\design_pattern\structural\bridge\BridgePatternTest.java,com.design_pattern.structural.bridge.BridgePatternTest,class,5,5,0,5,1,1,0,1,0,0,NaN,NaN,1,1,1,0,0,0,1,0,0,0,0,0,0,0,0,0,0,0,0,8,0,0,0,0,0,0,0,2,0,2,0,0,0,0,13,1,0
C:\Users\OOPS\Downloads\datastructure_challenge-master\datastructure_challenge-master\src\com\design_pattern\behavioral\command\FileSystemClient.java,com.design_pattern.behavioral.command.FileSystemClient,class,6,6,0,6,1,1,0,2,0,0,NaN,NaN,1,1,1,0,0,0,1,0,0,0,0,0,0,0,0,0,0,0,1,14,0,0,0,0,0,0,0,7,0,5,0,0,0,0,16,1,0
C:\Users\OOPS\Downloads\datastructure_challenge-master\datastructure_challenge-master\src\com\design_pattern\behavioral\state\TVOffState.java,com.design_pattern.behavioral.state.TVOffState,class,1,2,1,1,1,1,0,1,0,0,NaN,NaN,1,0,1,0,0,0,1,0,0,0,0,0,0,0,0,0,0,0,0,5,0,0,0,0,0,1,0,0,0,0,0,0,0,0,6,1,0
C:\Users\OOPS\Downloads\datastructure_challenge-master\datastructure_challenge-master\src\com\design_pattern\structural\composition\Shape.java,com.design_pattern.structural.composition.Shape,interface,0,5,5,0,1,1,0,0,0,0,NaN,NaN,1,0,1,0,0,0,1,0,0,0,0,0,0,0,0,0,0,0,0,3,0,0,0,0,0,0,0,0,0,0,0,0,0,0,4,1,0
C:\Users\OOPS\Downloads\datastructure_challenge-master\datastructure_challenge-master\src\com\design_pattern\behavioral\mediator\ChatMediator.java,com.design_pattern.behavioral.mediator.ChatMediator,interface,1,5,4,1,2,1,0,0,1,0,0,0,2,0,1,0,0,1,2,0,0,0,0,0,0,0,0,0,0,0,0,4,0,0,0,0,0,0,0,0,0,0,0,0,0,0,7,1,0
C:\Users\OOPS\Downloads\datastructure_challenge-master\datastructure_challenge-master\src\com\design_pattern\structural\flyweight\ShapeFactory.java,com.design_pattern.structural.flyweight.ShapeFactory$ShapeType,enum,0,0,0,0,0,1,0,0,0,0,-1,-1,0,0,0,0,0,0,0,0,0,0,0,0,0,0,0,0,0,0,0,1,0,0,0,0,0,0,0,0,0,0,0,0,0,0,7,9,0
C:\Users\OOPS\Downloads\datastructure_challenge-master\datastructure_challenge-master\src\com\binary\MaximumSumFromRootToLeaf.java,com.binary.MaximumSumFromRootToLeaf$Node,innerclass,1,1,0,1,1,1,0,0,0,0,NaN,NaN,1,0,1,0,0,0,1,0,0,0,2,0,0,0,0,2,0,0,0,9,0,0,0,0,0,0,0,3,0,3,0,0,0,0,6,9,0
C:\Users\OOPS\Downloads\datastructure_challenge-master\datastructure_challenge-master\src\com\binary\MaximumSumFromRootToLeaf.java,com.binary.MaximumSumFromRootToLeaf,class,2,3,1,2,11,1,0,3,1,0.44444445,NaN,NaN,3,1,1,2,0,0,1,0,0,0,3,2,0,0,0,3,0,0,0,47,4,0,5,0,0,2,8,11,3,5,1,0,1,0,19,1,0
C:\Users\OOPS\Downloads\datastructure_challenge-master\datastructure_challenge-master\src\com\array\rotation\CyclicallyRotateArray.java,com.array.rotation.CyclicallyRotateArray,class,2,3,1,2,3,1,0,3,0,0,1,1,2,2,2,0,0,0,2,0,0,0,1,1,0,0,0,1,0,0,3,15,0,1,0,0,0,0,11,5,3,3,1,0,0,0,9,1,0
C:\Users\OOPS\Downloads\datastructure_challenge-master\datastructure_challenge-master\src\com\design_pattern\behavioral\command\UnixFileSystemReciever.java,com.design_pattern.behavioral.command.UnixFileSystemReciever,class,1,2,1,1,3,1,0,1,3,0,0,0,3,0,3,0,0,0,3,0,0,0,0,0,0,0,0,0,0,0,0,11,0,0,0,0,0,3,0,0,0,0,0,0,0,0,10,1,0
C:\Users\OOPS\Downloads\datastructure_challenge-master\datastructure_challenge-master\src\com\design_pattern\structural\facade\FacadeDesignPatternTest.java,com.design_pattern.structural.facade.FacadeDesignPatternTest,class,3,3,0,3,1,1,0,6,0,0,NaN,NaN,1,1,1,0,0,0,1,0,0,0,0,0,0,0,0,0,0,0,4,14,0,0,0,0,0,2,0,5,0,5,0,0,0,0,17,1,0
C:\Users\OOPS\Downloads\datastructure_challenge-master\datastructure_challenge-master\src\com\design_pattern\structural\bridge\Color.java,com.design_pattern.structural.bridge.Color,interface,0,5,5,0,1,1,0,0,0,0,NaN,NaN,1,0,1,0,0,0,1,0,0,0,0,0,0,0,0,0,0,0,0,3,0,0,0,0,0,0,0,0,0,0,0,0,0,0,2,1,0
C:\Users\OOPS\Downloads\datastructure_challenge-master\datastructure_challenge-master\src\com\linkedlist\SplitLinkedList.java,com.linkedlist.SplitLinkedList,class,2,3,1,2,10,1,0,4,1,0.33333334,0,0,3,1,2,1,0,0,2,0,0,0,1,1,0,0,0,1,0,0,0,54,1,2,7,0,0,2,4,17,1,7,2,0,1,0,17,1,0
C:\Users\OOPS\Downloads\datastructure_challenge-master\datastructure_challenge-master\src\com\sorting\TopologicalSorting.java,com.sorting.TopologicalSorting,class,1,1,0,1,1,1,0,3,0,0,NaN,NaN,1,1,1,0,0,0,1,0,0,0,0,0,0,0,0,0,0,0,0,13,0,0,0,0,0,1,13,1,0,1,0,0,0,0,12,1,0
C:\Users\OOPS\Downloads\datastructure_challenge-master\datastructure_challenge-master\src\com\design_pattern\structural\flyweight\DrawingClient.java,com.design_pattern.structural.flyweight.DrawingClient,class,2,4,2,2,8,6,0,7,16,0.8,0,0,8,1,2,6,0,0,2,0,0,0,5,3,0,5,0,0,5,0,6,50,6,0,0,0,8,1,5,9,8,9,0,1,0,0,47,1,0
C:\Users\OOPS\Downloads\datastructure_challenge-master\datastructure_challenge-master\src\com\design_pattern\structural\composition\Drawing.java,com.design_pattern.structural.composition.Drawing,class,1,2,1,1,5,1,0,5,0,0,1,1,4,0,4,0,0,0,4,0,0,0,1,0,0,0,0,1,0,0,0,18,0,1,0,0,0,1,0,1,0,1,1,0,0,0,13,1,0
C:\Users\OOPS\Downloads\datastructure_challenge-master\datastructure_challenge-master\src\com\array\rearrangement\LongestBitonicSubsequence.java,com.array.rearrangement.LongestBitonicSubsequence,class,2,3,1,2,16,1,0,4,3,0,NaN,NaN,3,3,1,2,0,0,1,0,0,0,0,0,0,0,0,0,0,0,2,46,0,8,0,0,0,5,36,18,15,13,3,0,0,0,16,1,0
C:\Users\OOPS\Downloads\datastructure_challenge-master\datastructure_challenge-master\src\com\array\rearrangement\RearrangeMaximumminimumForm.java,com.array.rearrangement.RearrangeMaximumminimumForm,class,2,3,1,2,6,1,0,4,3,0,NaN,NaN,3,3,1,2,0,0,1,0,0,0,0,0,0,0,0,0,0,0,3,30,0,2,0,0,0,3,11,10,2,7,2,0,0,0,16,1,0
C:\Users\OOPS\Downloads\datastructure_challenge-master\datastructure_challenge-master\src\com\sorting\TopologicalSorting.java,com.sorting.Graph,class,2,4,2,2,11,1,0,9,0,0.375,0.6666667,1,4,0,0,0,0,4,4,0,0,0,2,0,0,2,0,0,0,0,0,29,0,5,2,0,0,1,3,12,1,9,2,0,0,0,19,0,0
C:\Users\OOPS\Downloads\datastructure_challenge-master\datastructure_challenge-master\src\com\design_pattern\behavioral\observer\ObserverPatternTest.java,com.design_pattern.behavioral.observer.ObserverPatternTest,class,3,3,0,3,1,1,0,4,0,0,NaN,NaN,1,1,1,0,0,0,1,0,0,0,0,0,0,0,0,0,0,0,0,17,0,0,0,0,0,5,0,4,0,4,0,0,0,0,13,1,0
C:\Users\OOPS\Downloads\datastructure_challenge-master\datastructure_challenge-master\src\com\exam\algorithm\Anagram.java,com.exam.algorithm.Anagram,class,2,3,1,2,11,1,0,7,1,0,NaN,NaN,2,2,1,1,0,0,1,0,0,0,0,0,0,0,0,0,0,0,1,38,3,5,3,0,1,6,6,15,1,13,3,0,0,0,19,1,0
C:\Users\OOPS\Downloads\datastructure_challenge-master\datastructure_challenge-master\src\com\design_pattern\structural\adapter\AdapterDesign_InterfaceImpDemo.java,com.design_pattern.structural.adapter.AdapterDesign_InterfaceImpDemo,class,4,6,2,4,4,2,0,3,6,0,0,0,4,0,3,1,0,0,3,0,0,0,0,0,0,0,0,0,0,0,0,14,4,0,0,0,0,0,2,0,1,0,0,0,0,0,15,1,0
C:\Users\OOPS\Downloads\datastructure_challenge-master\datastructure_challenge-master\src\com\design_pattern\behavioral\command\WriteCommand.java,com.design_pattern.behavioral.command.WriteCommand,class,2,3,1,2,2,1,0,1,0,0,1,1,2,0,2,0,0,0,2,0,0,0,1,0,0,0,0,1,0,0,0,9,0,0,0,0,0,0,0,1,0,1,0,0,0,0,7,1,0
C:\Users\OOPS\Downloads\datastructure_challenge-master\datastructure_challenge-master\src\com\design_pattern\behavioral\state\TVRemote.java,com.design_pattern.behavioral.state.TVRemote,class,3,3,0,3,1,1,0,2,0,0,NaN,NaN,1,1,1,0,0,0,1,0,0,0,0,0,0,0,0,0,0,0,0,11,0,0,0,0,0,0,0,3,0,3,0,0,0,0,11,1,0
C:\Users\OOPS\Downloads\datastructure_challenge-master\datastructure_challenge-master\src\com\array\rotation\MaximumSum_IndexMultiple_OnlyRotationArray.java,com.array.rotation.MaximumSum_IndexMultiple_OnlyRotationArray,class,2,3,1,2,5,1,0,2,1,0,NaN,NaN,2,2,1,1,0,0,1,0,0,0,0,0,0,0,0,0,0,0,1,23,1,2,0,0,0,0,14,11,7,7,2,0,0,0,18,1,0
C:\Users\OOPS\Downloads\datastructure_challenge-master\datastructure_challenge-master\src\com\design_pattern\behavioral\visitor\Book.java,com.design_pattern.behavioral.visitor.Book,class,2,5,3,2,4,1,0,1,2,0.5,0.33333334,0.5,4,0,4,0,0,0,4,0,0,0,2,0,0,2,0,0,0,0,0,17,3,0,0,0,0,0,0,2,0,2,0,0,0,0,15,1,0
C:\Users\OOPS\Downloads\datastructure_challenge-master\datastructure_challenge-master\src\com\array\MedianTwoSortedArray.java,com.array.MedianTwoSortedArray,class,2,3,1,2,13,1,0,7,3,0,NaN,NaN,3,3,1,2,0,0,1,0,0,0,0,0,0,0,0,0,0,0,17,67,11,0,7,0,4,1,92,12,59,12,2,0,0,0,16,1,0
C:\Users\OOPS\Downloads\datastructure_challenge-master\datastructure_challenge-master\src\com\design_pattern\structural\adapter\SocketAdapter.java,com.design_pattern.structural.adapter.SocketAdapter,interface,1,4,3,1,3,1,0,0,3,0,0,0,3,0,3,0,0,0,3,3,0,0,0,0,0,0,0,0,0,0,0,5,0,0,0,0,0,0,0,0,0,0,0,0,0,0,6,1,0
C:\Users\OOPS\Downloads\datastructure_challenge-master\datastructure_challenge-master\src\com\sorting\QuickSort.java,com.sorting.QuickSort,class,2,3,1,2,8,1,0,6,6,0,NaN,NaN,4,2,1,3,0,0,1,0,0,0,0,0,0,0,0,0,0,0,2,39,1,2,0,0,0,2,15,15,8,11,2,0,0,0,18,1,0
C:\Users\OOPS\Downloads\datastructure_challenge-master\datastructure_challenge-master\src\com\design_pattern\creational\singleton\SingletonExample.java,com.design_pattern.creational.singleton.SingletonExample,class,1,1,0,1,1,1,0,1,0,0,NaN,NaN,1,1,1,0,0,0,1,0,0,0,0,0,0,0,0,0,0,0,1,5,0,0,0,0,0,0,0,1,0,1,0,0,0,0,8,1,0
C:\Users\OOPS\Downloads\datastructure_challenge-master\datastructure_challenge-master\src\com\design_pattern\behavioral\strategy\ShoppingCart.java,com.design_pattern.behavioral.strategy.ShoppingCart,class,3,5,2,3,6,1,0,5,0,0.2,0.6,0.6,5,0,5,0,0,0,5,0,0,0,1,0,0,0,0,1,0,0,0,23,1,1,0,0,0,0,1,5,0,3,1,0,0,0,16,1,0
C:\Users\OOPS\Downloads\datastructure_challenge-master\datastructure_challenge-master\src\com\sorting\SelectionSorting.java,com.sorting.SelectionSorting,class,2,3,1,2,7,1,0,3,3,0,NaN,NaN,3,3,1,2,0,0,1,0,0,0,0,0,0,0,0,0,0,0,2,25,0,3,0,0,0,1,12,9,3,6,3,0,0,0,12,1,0
C:\Users\OOPS\Downloads\datastructure_challenge-master\datastructure_challenge-master\src\com\design_pattern\behavioral\command\FileInvoker.java,com.design_pattern.behavioral.command.FileInvoker,class,1,2,1,1,2,1,0,1,0,0,1,1,2,0,2,0,0,0,2,0,0,0,1,0,0,0,0,1,0,0,0,9,0,0,0,0,0,0,0,1,0,1,0,0,0,0,5,1,0
C:\Users\OOPS\Downloads\datastructure_challenge-master\datastructure_challenge-master\src\com\array\rotation\LowerElementSortedAndRotatedArray.java,com.array.rotation.LowerElementSortedAndRotatedArray,class,2,3,1,2,10,1,0,2,1,0,NaN,NaN,2,2,1,1,0,0,1,0,0,0,0,0,0,0,0,0,0,0,3,28,6,0,1,0,1,0,16,3,10,3,1,0,0,0,14,1,0
C:\Users\OOPS\Downloads\datastructure_challenge-master\datastructure_challenge-master\src\com\linkedlist\SplitLinkedList.java,com.linkedlist.SplitLinkedList$Node,innerclass,1,1,0,1,1,1,0,0,0,0,NaN,NaN,1,0,0,0,0,1,1,0,0,0,2,0,0,0,0,2,0,0,0,8,0,0,0,0,0,0,0,2,0,2,0,0,0,0,5,8,0
C:\Users\OOPS\Downloads\datastructure_challenge-master\datastructure_challenge-master\src\com\design_pattern\behavioral\command\CloseCommand.java,com.design_pattern.behavioral.command.CloseCommand,class,2,3,1,2,2,1,0,1,0,0,1,1,2,0,2,0,0,0,2,0,0,0,1,0,0,0,0,1,0,0,0,9,0,0,0,0,0,0,0,1,0,1,0,0,0,0,7,1,0
C:\Users\OOPS\Downloads\datastructure_challenge-master\datastructure_challenge-master\src\com\sorting\InsertionSorting.java,com.sorting.InsertionSorting,class,2,3,1,2,7,1,0,3,3,0,NaN,NaN,3,3,1,2,0,0,1,0,0,0,0,0,0,0,0,0,0,0,2,23,0,3,0,0,0,1,14,7,4,5,3,0,0,0,11,1,0
C:\Users\OOPS\Downloads\datastructure_challenge-master\datastructure_challenge-master\src\com\design_pattern\structural\flyweight\DrawingClient.java,com.design_pattern.structural.flyweight.DrawingClient$Anonymous1,anonymous,3,3,0,3,2,1,0,9,0,0,NaN,NaN,1,0,1,0,0,0,1,0,0,0,0,0,0,0,0,0,0,0,1,9,0,1,0,0,0,0,2,3,0,3,1,0,0,0,12,-1,0
C:\Users\OOPS\Downloads\datastructure_challenge-master\datastructure_challenge-master\src\com\design_pattern\behavioral\state\TVStartState.java,com.design_pattern.behavioral.state.TVStartState,class,1,2,1,1,1,1,0,1,0,0,NaN,NaN,1,0,1,0,0,0,1,0,0,0,0,0,0,0,0,0,0,0,0,5,0,0,0,0,0,1,0,0,0,0,0,0,0,0,7,1,0
C:\Users\OOPS\Downloads\datastructure_challenge-master\datastructure_challenge-master\src\com\design_pattern\structural\decorator\Car.java,com.design_pattern.structural.decorator.Car,interface,0,5,5,0,1,1,0,0,0,0,NaN,NaN,1,0,1,0,0,0,1,0,0,0,0,0,0,0,0,0,0,0,0,3,0,0,0,0,0,0,0,0,0,0,0,0,0,0,2,1,0
C:\Users\OOPS\Downloads\datastructure_challenge-master\datastructure_challenge-master\src\com\linkedlist\AddTwoLinkedListInReverseOrder.java,com.linkedlist.AddTwoLinkedListInReverseOrder$Node,innerclass,1,1,0,1,1,1,0,0,0,0,NaN,NaN,1,0,0,0,0,1,1,0,0,0,2,0,0,0,0,2,0,0,0,8,0,0,0,0,0,0,0,2,0,2,0,0,0,0,5,8,0
C:\Users\OOPS\Downloads\datastructure_challenge-master\datastructure_challenge-master\src\com\array\rearrangement\SortedSbq3LinearTime.java,com.array.rearrangement.SortedSbq3LinearTime,class,2,3,1,2,11,1,0,4,3,0,NaN,NaN,3,3,1,2,0,0,1,0,0,0,0,0,0,0,0,0,0,0,3,48,1,4,2,0,0,5,22,18,5,10,2,0,0,0,18,1,0
C:\Users\OOPS\Downloads\datastructure_challenge-master\datastructure_challenge-master\src\com\exam\algorithm\DeltaEncoding.java,com.exam.algorithm.DeltaEncoding,class,1,2,1,1,6,1,0,9,0,0.25,NaN,NaN,2,2,1,1,0,0,1,0,0,0,2,2,0,0,0,2,0,0,4,26,0,3,0,0,0,5,6,8,3,8,2,0,0,0,13,1,0
