file,class,method,variable,usage
C:\Users\OOPS\Downloads\datastructure_challenge-master\datastructure_challenge-master\src\com\design_pattern\structural\proxy\CommandExecutorProxy.java,com.design_pattern.structural.proxy.CommandExecutorProxy,"CommandExecutorProxy/2[java.lang.String,java.lang.String]",cExecutor,1
C:\Users\OOPS\Downloads\datastructure_challenge-master\datastructure_challenge-master\src\com\design_pattern\structural\proxy\CommandExecutorProxy.java,com.design_pattern.structural.proxy.CommandExecutorProxy,"CommandExecutorProxy/2[java.lang.String,java.lang.String]",isAdmin,1
C:\Users\OOPS\Downloads\datastructure_challenge-master\datastructure_challenge-master\src\com\design_pattern\structural\proxy\CommandExecutorProxy.java,com.design_pattern.structural.proxy.CommandExecutorProxy,runCommand/1[java.lang.String],cExecutor,2
C:\Users\OOPS\Downloads\datastructure_challenge-master\datastructure_challenge-master\src\com\design_pattern\structural\proxy\CommandExecutorProxy.java,com.design_pattern.structural.proxy.CommandExecutorProxy,runCommand/1[java.lang.String],isAdmin,1
C:\Users\OOPS\Downloads\datastructure_challenge-master\datastructure_challenge-master\src\com\design_pattern\creational\builder\Computer.java,com.design_pattern.creational.builder.Computer,getGraphicsCardEnable/0,isGraphicsCardEnable,1
C:\Users\OOPS\Downloads\datastructure_challenge-master\datastructure_challenge-master\src\com\design_pattern\creational\builder\Computer.java,com.design_pattern.creational.builder.Computer,getHdd/0,Hdd,1
C:\Users\OOPS\Downloads\datastructure_challenge-master\datastructure_challenge-master\src\com\design_pattern\creational\builder\Computer.java,com.design_pattern.creational.builder.Computer,Computer/1[com.design_pattern.creational.builder.Computer.ComputerBuilder],Hdd,3
C:\Users\OOPS\Downloads\datastructure_challenge-master\datastructure_challenge-master\src\com\design_pattern\creational\builder\Computer.java,com.design_pattern.creational.builder.Computer,Computer/1[com.design_pattern.creational.builder.Computer.ComputerBuilder],isBluetoothEnable,1
C:\Users\OOPS\Downloads\datastructure_challenge-master\datastructure_challenge-master\src\com\design_pattern\creational\builder\Computer.java,com.design_pattern.creational.builder.Computer,Computer/1[com.design_pattern.creational.builder.Computer.ComputerBuilder],isGraphicsCardEnable,3
C:\Users\OOPS\Downloads\datastructure_challenge-master\datastructure_challenge-master\src\com\design_pattern\creational\builder\Computer.java,com.design_pattern.creational.builder.Computer,Computer/1[com.design_pattern.creational.builder.Computer.ComputerBuilder],Ram,1
C:\Users\OOPS\Downloads\datastructure_challenge-master\datastructure_challenge-master\src\com\design_pattern\creational\builder\Computer.java,com.design_pattern.creational.builder.Computer,getBluetoothEnable/0,isBluetoothEnable,1
C:\Users\OOPS\Downloads\datastructure_challenge-master\datastructure_challenge-master\src\com\design_pattern\creational\builder\Computer.java,com.design_pattern.creational.builder.Computer,getRam/0,Ram,1
C:\Users\OOPS\Downloads\datastructure_challenge-master\datastructure_challenge-master\src\com\design_pattern\structural\adapter\Volt.java,com.design_pattern.structural.adapter.Volt,Volt/1[int],volts,1
C:\Users\OOPS\Downloads\datastructure_challenge-master\datastructure_challenge-master\src\com\design_pattern\structural\adapter\Volt.java,com.design_pattern.structural.adapter.Volt,getVolts/0,volts,1
C:\Users\OOPS\Downloads\datastructure_challenge-master\datastructure_challenge-master\src\com\design_pattern\structural\adapter\Volt.java,com.design_pattern.structural.adapter.Volt,setVolts/1[int],volts,1
C:\Users\OOPS\Downloads\datastructure_challenge-master\datastructure_challenge-master\src\com\binary\RootToLeafLenghtInBinary.java,com.binary.RootToLeafLenghtInBinary$Node,Node/1[int],data,1
C:\Users\OOPS\Downloads\datastructure_challenge-master\datastructure_challenge-master\src\com\binary\RootToLeafLenghtInBinary.java,com.binary.RootToLeafLenghtInBinary$Node,Node/1[int],left,1
C:\Users\OOPS\Downloads\datastructure_challenge-master\datastructure_challenge-master\src\com\binary\RootToLeafLenghtInBinary.java,com.binary.RootToLeafLenghtInBinary$Node,Node/1[int],right,1
C:\Users\OOPS\Downloads\datastructure_challenge-master\datastructure_challenge-master\src\com\design_pattern\behavioral\chainofresponsibility\ATMDispenseChain.java,com.design_pattern.behavioral.chainofresponsibility.ATMDispenseChain,ATMDispenseChain/0,c1,2
C:\Users\OOPS\Downloads\datastructure_challenge-master\datastructure_challenge-master\src\com\design_pattern\behavioral\chainofresponsibility\Dollar50Dispenser.java,com.design_pattern.behavioral.chainofresponsibility.Dollar50Dispenser,setNextChain/1[com.design_pattern.behavioral.chainofresponsibility.DispenseChain],dispenseChange,1
C:\Users\OOPS\Downloads\datastructure_challenge-master\datastructure_challenge-master\src\com\design_pattern\behavioral\chainofresponsibility\Dollar50Dispenser.java,com.design_pattern.behavioral.chainofresponsibility.Dollar50Dispenser,dispense/1[com.design_pattern.behavioral.chainofresponsibility.Currency],dispenseChange,2
C:\Users\OOPS\Downloads\datastructure_challenge-master\datastructure_challenge-master\src\com\design_pattern\behavioral\strategy\CreditCardStrategy.java,com.design_pattern.behavioral.strategy.CreditCardStrategy,"CreditCardStrategy/4[java.lang.String,java.lang.String,java.lang.String,java.lang.String]",dateOfExpiry,3
C:\Users\OOPS\Downloads\datastructure_challenge-master\datastructure_challenge-master\src\com\design_pattern\behavioral\strategy\CreditCardStrategy.java,com.design_pattern.behavioral.strategy.CreditCardStrategy,"CreditCardStrategy/4[java.lang.String,java.lang.String,java.lang.String,java.lang.String]",cvv,3
C:\Users\OOPS\Downloads\datastructure_challenge-master\datastructure_challenge-master\src\com\design_pattern\behavioral\strategy\CreditCardStrategy.java,com.design_pattern.behavioral.strategy.CreditCardStrategy,"CreditCardStrategy/4[java.lang.String,java.lang.String,java.lang.String,java.lang.String]",name,3
C:\Users\OOPS\Downloads\datastructure_challenge-master\datastructure_challenge-master\src\com\design_pattern\behavioral\strategy\CreditCardStrategy.java,com.design_pattern.behavioral.strategy.CreditCardStrategy,"CreditCardStrategy/4[java.lang.String,java.lang.String,java.lang.String,java.lang.String]",cardNumber,3
C:\Users\OOPS\Downloads\datastructure_challenge-master\datastructure_challenge-master\src\com\design_pattern\creational\prototype\Employee.java,com.design_pattern.creational.prototype.Employee,Employee/1[java.util.List],empList,3
C:\Users\OOPS\Downloads\datastructure_challenge-master\datastructure_challenge-master\src\com\design_pattern\creational\prototype\Employee.java,com.design_pattern.creational.prototype.Employee,loadData/0,empList,4
C:\Users\OOPS\Downloads\datastructure_challenge-master\datastructure_challenge-master\src\com\design_pattern\creational\prototype\Employee.java,com.design_pattern.creational.prototype.Employee,Employee/0,empList,1
C:\Users\OOPS\Downloads\datastructure_challenge-master\datastructure_challenge-master\src\com\design_pattern\creational\prototype\Employee.java,com.design_pattern.creational.prototype.Employee,getEmp/0,empList,1
C:\Users\OOPS\Downloads\datastructure_challenge-master\datastructure_challenge-master\src\com\design_pattern\creational\prototype\Employee.java,com.design_pattern.creational.prototype.Employee,clone/0,empList,1
C:\Users\OOPS\Downloads\datastructure_challenge-master\datastructure_challenge-master\src\com\graph\DepthFirstSearchExample.java,com.graph.DepthFirstSearchExample,"findNeighbours/2[int[][],com.graph.DepthFirstSearchExample.Node]",nodes,3
C:\Users\OOPS\Downloads\datastructure_challenge-master\datastructure_challenge-master\src\com\graph\DepthFirstSearchExample.java,com.graph.DepthFirstSearchExample,main/1[java.lang.String[]],nodes,7
C:\Users\OOPS\Downloads\datastructure_challenge-master\datastructure_challenge-master\src\com\graph\DepthFirstSearchExample.java,com.graph.DepthFirstSearchExample,clearVisitedFlags/0,nodes,2
C:\Users\OOPS\Downloads\datastructure_challenge-master\datastructure_challenge-master\src\com\design_pattern\structural\decorator\CarDecorator.java,com.design_pattern.structural.decorator.CarDecorator,assemble/0,c,1
C:\Users\OOPS\Downloads\datastructure_challenge-master\datastructure_challenge-master\src\com\design_pattern\structural\decorator\CarDecorator.java,com.design_pattern.structural.decorator.CarDecorator,CarDecorator/1[com.design_pattern.structural.decorator.Car],c,3
C:\Users\OOPS\Downloads\datastructure_challenge-master\datastructure_challenge-master\src\com\sorting\MergeSort.java,com.sorting.MergeSort,"margeParts/3[int,int,int]",array,4
C:\Users\OOPS\Downloads\datastructure_challenge-master\datastructure_challenge-master\src\com\sorting\MergeSort.java,com.sorting.MergeSort,"margeParts/3[int,int,int]",tempArray,6
C:\Users\OOPS\Downloads\datastructure_challenge-master\datastructure_challenge-master\src\com\sorting\MergeSort.java,com.sorting.MergeSort,sort/1[int[]],lenght,3
C:\Users\OOPS\Downloads\datastructure_challenge-master\datastructure_challenge-master\src\com\sorting\MergeSort.java,com.sorting.MergeSort,sort/1[int[]],array,3
C:\Users\OOPS\Downloads\datastructure_challenge-master\datastructure_challenge-master\src\com\sorting\MergeSort.java,com.sorting.MergeSort,sort/1[int[]],tempArray,1
C:\Users\OOPS\Downloads\datastructure_challenge-master\datastructure_challenge-master\src\com\graph\BFS_Graph.java,com.graph.BFS_Graph,"addEdge/2[int,int]",adj,1
C:\Users\OOPS\Downloads\datastructure_challenge-master\datastructure_challenge-master\src\com\graph\BFS_Graph.java,com.graph.BFS_Graph,BFS_Graph/1[int],V,1
C:\Users\OOPS\Downloads\datastructure_challenge-master\datastructure_challenge-master\src\com\graph\BFS_Graph.java,com.graph.BFS_Graph,BFS_Graph/1[int],adj,2
C:\Users\OOPS\Downloads\datastructure_challenge-master\datastructure_challenge-master\src\com\graph\BFS_Graph.java,com.graph.BFS_Graph,BFS/1[int],V,1
C:\Users\OOPS\Downloads\datastructure_challenge-master\datastructure_challenge-master\src\com\graph\BFS_Graph.java,com.graph.BFS_Graph,BFS/1[int],adj,1
C:\Users\OOPS\Downloads\datastructure_challenge-master\datastructure_challenge-master\src\com\design_pattern\structural\adapter\AdapterDesign_ObjectImpDemo.java,com.design_pattern.structural.adapter.AdapterDesign_ObjectImpDemo,get120Volt/0,socket,1
C:\Users\OOPS\Downloads\datastructure_challenge-master\datastructure_challenge-master\src\com\design_pattern\structural\adapter\AdapterDesign_ObjectImpDemo.java,com.design_pattern.structural.adapter.AdapterDesign_ObjectImpDemo,get3Volt/0,socket,1
C:\Users\OOPS\Downloads\datastructure_challenge-master\datastructure_challenge-master\src\com\design_pattern\structural\adapter\AdapterDesign_ObjectImpDemo.java,com.design_pattern.structural.adapter.AdapterDesign_ObjectImpDemo,get12Volt/0,socket,1
C:\Users\OOPS\Downloads\datastructure_challenge-master\datastructure_challenge-master\src\com\binary\MaximumLevelSum.java,com.binary.MaximumLevelSum$Node,Node/1[int],data,1
C:\Users\OOPS\Downloads\datastructure_challenge-master\datastructure_challenge-master\src\com\binary\MaximumLevelSum.java,com.binary.MaximumLevelSum$Node,Node/1[int],left,1
C:\Users\OOPS\Downloads\datastructure_challenge-master\datastructure_challenge-master\src\com\binary\MaximumLevelSum.java,com.binary.MaximumLevelSum$Node,Node/1[int],right,1
C:\Users\OOPS\Downloads\datastructure_challenge-master\datastructure_challenge-master\src\com\linkedlist\RotateLinkedList.java,com.linkedlist.RotateLinkedList$Node,Node/1[int],next,1
C:\Users\OOPS\Downloads\datastructure_challenge-master\datastructure_challenge-master\src\com\linkedlist\RotateLinkedList.java,com.linkedlist.RotateLinkedList$Node,Node/1[int],data,1
C:\Users\OOPS\Downloads\datastructure_challenge-master\datastructure_challenge-master\src\com\design_pattern\creational\singleton\ThreadSingletonDemo.java,com.design_pattern.creational.singleton.ThreadSingletonDemo,getInstance/0,threadSingletonDemo,4
C:\Users\OOPS\Downloads\datastructure_challenge-master\datastructure_challenge-master\src\com\design_pattern\behavioral\command\OpenCommand.java,com.design_pattern.behavioral.command.OpenCommand,OpenCommand/1[com.design_pattern.behavioral.command.FileSystemReciever],fileSystemReciever,3
C:\Users\OOPS\Downloads\datastructure_challenge-master\datastructure_challenge-master\src\com\design_pattern\behavioral\command\OpenCommand.java,com.design_pattern.behavioral.command.OpenCommand,execute/0,fileSystemReciever,1
C:\Users\OOPS\Downloads\datastructure_challenge-master\datastructure_challenge-master\src\com\design_pattern\creational\factory\PC.java,com.design_pattern.creational.factory.PC,getHAD/0,HAD,1
C:\Users\OOPS\Downloads\datastructure_challenge-master\datastructure_challenge-master\src\com\design_pattern\creational\factory\PC.java,com.design_pattern.creational.factory.PC,"PC/3[java.lang.String,java.lang.String,java.lang.String]",CPU,1
C:\Users\OOPS\Downloads\datastructure_challenge-master\datastructure_challenge-master\src\com\design_pattern\creational\factory\PC.java,com.design_pattern.creational.factory.PC,"PC/3[java.lang.String,java.lang.String,java.lang.String]",HAD,1
C:\Users\OOPS\Downloads\datastructure_challenge-master\datastructure_challenge-master\src\com\design_pattern\creational\factory\PC.java,com.design_pattern.creational.factory.PC,"PC/3[java.lang.String,java.lang.String,java.lang.String]",RAM,1
C:\Users\OOPS\Downloads\datastructure_challenge-master\datastructure_challenge-master\src\com\design_pattern\creational\factory\PC.java,com.design_pattern.creational.factory.PC,getRAM/0,RAM,1
C:\Users\OOPS\Downloads\datastructure_challenge-master\datastructure_challenge-master\src\com\design_pattern\creational\factory\PC.java,com.design_pattern.creational.factory.PC,getCPU/0,CPU,1
C:\Users\OOPS\Downloads\datastructure_challenge-master\datastructure_challenge-master\src\com\design_pattern\behavioral\chainofresponsibility\Dollar20Dispenser.java,com.design_pattern.behavioral.chainofresponsibility.Dollar20Dispenser,setNextChain/1[com.design_pattern.behavioral.chainofresponsibility.DispenseChain],chain,1
C:\Users\OOPS\Downloads\datastructure_challenge-master\datastructure_challenge-master\src\com\design_pattern\behavioral\chainofresponsibility\Dollar20Dispenser.java,com.design_pattern.behavioral.chainofresponsibility.Dollar20Dispenser,dispense/1[com.design_pattern.behavioral.chainofresponsibility.Currency],chain,2
C:\Users\OOPS\Downloads\datastructure_challenge-master\datastructure_challenge-master\src\com\design_pattern\behavioral\mediator\User.java,com.design_pattern.behavioral.mediator.User,"User/2[com.design_pattern.behavioral.mediator.ChatMediator,java.lang.String]",chatM,3
C:\Users\OOPS\Downloads\datastructure_challenge-master\datastructure_challenge-master\src\com\design_pattern\behavioral\mediator\User.java,com.design_pattern.behavioral.mediator.User,"User/2[com.design_pattern.behavioral.mediator.ChatMediator,java.lang.String]",name,3
C:\Users\OOPS\Downloads\datastructure_challenge-master\datastructure_challenge-master\src\com\design_pattern\structural\flyweight\Oval.java,com.design_pattern.structural.flyweight.Oval,Oval/1[boolean],fill,3
C:\Users\OOPS\Downloads\datastructure_challenge-master\datastructure_challenge-master\src\com\design_pattern\structural\flyweight\Oval.java,com.design_pattern.structural.flyweight.Oval,"draw/6[java.awt.Graphics,int,int,int,int,java.awt.Color]",fill,1
C:\Users\OOPS\Downloads\datastructure_challenge-master\datastructure_challenge-master\src\com\design_pattern\behavioral\strategy\PaypalStrategy.java,com.design_pattern.behavioral.strategy.PaypalStrategy,"PaypalStrategy/2[java.lang.String,java.lang.String]",pwd,3
C:\Users\OOPS\Downloads\datastructure_challenge-master\datastructure_challenge-master\src\com\design_pattern\behavioral\strategy\PaypalStrategy.java,com.design_pattern.behavioral.strategy.PaypalStrategy,"PaypalStrategy/2[java.lang.String,java.lang.String]",email,3
C:\Users\OOPS\Downloads\datastructure_challenge-master\datastructure_challenge-master\src\com\design_pattern\behavioral\state\TVContext.java,com.design_pattern.behavioral.state.TVContext,setState/1[com.design_pattern.behavioral.state.State],state,3
C:\Users\OOPS\Downloads\datastructure_challenge-master\datastructure_challenge-master\src\com\design_pattern\behavioral\state\TVContext.java,com.design_pattern.behavioral.state.TVContext,doAction/0,state,1
C:\Users\OOPS\Downloads\datastructure_challenge-master\datastructure_challenge-master\src\com\design_pattern\behavioral\state\TVContext.java,com.design_pattern.behavioral.state.TVContext,getState/0,state,1
C:\Users\OOPS\Downloads\datastructure_challenge-master\datastructure_challenge-master\src\com\binary\CustomMaximumLevelSum.java,com.binary.CustomMaximumLevelSum$Node,Node/1[int],data,1
C:\Users\OOPS\Downloads\datastructure_challenge-master\datastructure_challenge-master\src\com\binary\CustomMaximumLevelSum.java,com.binary.CustomMaximumLevelSum$Node,Node/1[int],left,1
C:\Users\OOPS\Downloads\datastructure_challenge-master\datastructure_challenge-master\src\com\binary\CustomMaximumLevelSum.java,com.binary.CustomMaximumLevelSum$Node,Node/1[int],right,1
C:\Users\OOPS\Downloads\datastructure_challenge-master\datastructure_challenge-master\src\com\binary\MaximumLevelSum.java,com.binary.MaximumLevelSum,main/1[java.lang.String[]],root,1
C:\Users\OOPS\Downloads\datastructure_challenge-master\datastructure_challenge-master\src\com\binary\MaximumLevelSum.java,com.binary.MaximumLevelSum,maxLevelSum/0,root,2
C:\Users\OOPS\Downloads\datastructure_challenge-master\datastructure_challenge-master\src\com\design_pattern\structural\flyweight\ShapeFactory.java,com.design_pattern.structural.flyweight.ShapeFactory,getShape/1[com.design_pattern.structural.flyweight.ShapeFactory.ShapeType],shapes,2
C:\Users\OOPS\Downloads\datastructure_challenge-master\datastructure_challenge-master\src\com\design_pattern\behavioral\visitor\Fruit.java,com.design_pattern.behavioral.visitor.Fruit,getPricePerKG/0,pricePerKG,1
C:\Users\OOPS\Downloads\datastructure_challenge-master\datastructure_challenge-master\src\com\design_pattern\behavioral\visitor\Fruit.java,com.design_pattern.behavioral.visitor.Fruit,"Fruit/3[java.lang.String,int,int]",name,3
C:\Users\OOPS\Downloads\datastructure_challenge-master\datastructure_challenge-master\src\com\design_pattern\behavioral\visitor\Fruit.java,com.design_pattern.behavioral.visitor.Fruit,"Fruit/3[java.lang.String,int,int]",weight,3
C:\Users\OOPS\Downloads\datastructure_challenge-master\datastructure_challenge-master\src\com\design_pattern\behavioral\visitor\Fruit.java,com.design_pattern.behavioral.visitor.Fruit,"Fruit/3[java.lang.String,int,int]",pricePerKG,3
C:\Users\OOPS\Downloads\datastructure_challenge-master\datastructure_challenge-master\src\com\design_pattern\behavioral\visitor\Fruit.java,com.design_pattern.behavioral.visitor.Fruit,getName/0,name,1
C:\Users\OOPS\Downloads\datastructure_challenge-master\datastructure_challenge-master\src\com\design_pattern\behavioral\visitor\Fruit.java,com.design_pattern.behavioral.visitor.Fruit,getWeight/0,weight,1
C:\Users\OOPS\Downloads\datastructure_challenge-master\datastructure_challenge-master\src\com\design_pattern\creational\factory\Server.java,com.design_pattern.creational.factory.Server,getRAM/0,ram,1
C:\Users\OOPS\Downloads\datastructure_challenge-master\datastructure_challenge-master\src\com\design_pattern\creational\factory\Server.java,com.design_pattern.creational.factory.Server,getCPU/0,cpu,1
C:\Users\OOPS\Downloads\datastructure_challenge-master\datastructure_challenge-master\src\com\design_pattern\creational\factory\Server.java,com.design_pattern.creational.factory.Server,"Server/3[java.lang.String,java.lang.String,java.lang.String]",cpu,3
C:\Users\OOPS\Downloads\datastructure_challenge-master\datastructure_challenge-master\src\com\design_pattern\creational\factory\Server.java,com.design_pattern.creational.factory.Server,"Server/3[java.lang.String,java.lang.String,java.lang.String]",had,3
C:\Users\OOPS\Downloads\datastructure_challenge-master\datastructure_challenge-master\src\com\design_pattern\creational\factory\Server.java,com.design_pattern.creational.factory.Server,"Server/3[java.lang.String,java.lang.String,java.lang.String]",ram,3
C:\Users\OOPS\Downloads\datastructure_challenge-master\datastructure_challenge-master\src\com\design_pattern\creational\factory\Server.java,com.design_pattern.creational.factory.Server,getHAD/0,had,1
C:\Users\OOPS\Downloads\datastructure_challenge-master\datastructure_challenge-master\src\com\design_pattern\behavioral\observer\MyTopicSubscriber.java,com.design_pattern.behavioral.observer.MyTopicSubscriber,setSubject/1[com.design_pattern.behavioral.observer.Subject],topic,1
C:\Users\OOPS\Downloads\datastructure_challenge-master\datastructure_challenge-master\src\com\design_pattern\behavioral\observer\MyTopicSubscriber.java,com.design_pattern.behavioral.observer.MyTopicSubscriber,update/0,name,2
C:\Users\OOPS\Downloads\datastructure_challenge-master\datastructure_challenge-master\src\com\design_pattern\behavioral\observer\MyTopicSubscriber.java,com.design_pattern.behavioral.observer.MyTopicSubscriber,update/0,topic,1
C:\Users\OOPS\Downloads\datastructure_challenge-master\datastructure_challenge-master\src\com\design_pattern\behavioral\observer\MyTopicSubscriber.java,com.design_pattern.behavioral.observer.MyTopicSubscriber,MyTopicSubscriber/1[java.lang.String],name,1
C:\Users\OOPS\Downloads\datastructure_challenge-master\datastructure_challenge-master\src\com\linkedlist\AddTwoLinkedListInReverseOrder.java,com.linkedlist.AddTwoLinkedListInReverseOrder,"addSameSizeList/2[com.linkedlist.AddTwoLinkedListInReverseOrder.Node,com.linkedlist.AddTwoLinkedListInReverseOrder.Node]",carry,2
C:\Users\OOPS\Downloads\datastructure_challenge-master\datastructure_challenge-master\src\com\linkedlist\AddTwoLinkedListInReverseOrder.java,com.linkedlist.AddTwoLinkedListInReverseOrder,"addList/2[com.linkedlist.AddTwoLinkedListInReverseOrder.Node,com.linkedlist.AddTwoLinkedListInReverseOrder.Node]",result,5
C:\Users\OOPS\Downloads\datastructure_challenge-master\datastructure_challenge-master\src\com\linkedlist\AddTwoLinkedListInReverseOrder.java,com.linkedlist.AddTwoLinkedListInReverseOrder,"addList/2[com.linkedlist.AddTwoLinkedListInReverseOrder.Node,com.linkedlist.AddTwoLinkedListInReverseOrder.Node]",head1,1
C:\Users\OOPS\Downloads\datastructure_challenge-master\datastructure_challenge-master\src\com\linkedlist\AddTwoLinkedListInReverseOrder.java,com.linkedlist.AddTwoLinkedListInReverseOrder,"addList/2[com.linkedlist.AddTwoLinkedListInReverseOrder.Node,com.linkedlist.AddTwoLinkedListInReverseOrder.Node]",carry,3
C:\Users\OOPS\Downloads\datastructure_challenge-master\datastructure_challenge-master\src\com\linkedlist\AddTwoLinkedListInReverseOrder.java,com.linkedlist.AddTwoLinkedListInReverseOrder,"addCarrytoRemaining/3[com.linkedlist.AddTwoLinkedListInReverseOrder.Node,com.linkedlist.AddTwoLinkedListInReverseOrder.Node,int]",result,2
C:\Users\OOPS\Downloads\datastructure_challenge-master\datastructure_challenge-master\src\com\linkedlist\AddTwoLinkedListInReverseOrder.java,com.linkedlist.AddTwoLinkedListInReverseOrder,"addCarrytoRemaining/3[com.linkedlist.AddTwoLinkedListInReverseOrder.Node,com.linkedlist.AddTwoLinkedListInReverseOrder.Node,int]",carry,4
C:\Users\OOPS\Downloads\datastructure_challenge-master\datastructure_challenge-master\src\com\linkedlist\AddTwoLinkedListInReverseOrder.java,com.linkedlist.AddTwoLinkedListInReverseOrder,main/1[java.lang.String[]],head1,2
C:\Users\OOPS\Downloads\datastructure_challenge-master\datastructure_challenge-master\src\com\linkedlist\AddTwoLinkedListInReverseOrder.java,com.linkedlist.AddTwoLinkedListInReverseOrder,main/1[java.lang.String[]],head2,2
C:\Users\OOPS\Downloads\datastructure_challenge-master\datastructure_challenge-master\src\com\array\rotation\SearchElementFromSortedAndPivotArray.java,com.array.rotation.SearchElementFromSortedAndPivotArray,main/1[java.lang.String[]],array,1
C:\Users\OOPS\Downloads\datastructure_challenge-master\datastructure_challenge-master\src\com\linkedlist\AddTwoLinkedList.java,com.linkedlist.AddTwoLinkedList$Node,Node/1[int],next,1
C:\Users\OOPS\Downloads\datastructure_challenge-master\datastructure_challenge-master\src\com\linkedlist\AddTwoLinkedList.java,com.linkedlist.AddTwoLinkedList$Node,Node/1[int],data,1
C:\Users\OOPS\Downloads\datastructure_challenge-master\datastructure_challenge-master\src\com\design_pattern\behavioral\chainofresponsibility\Dollar10Dispenser.java,com.design_pattern.behavioral.chainofresponsibility.Dollar10Dispenser,setNextChain/1[com.design_pattern.behavioral.chainofresponsibility.DispenseChain],chain,1
C:\Users\OOPS\Downloads\datastructure_challenge-master\datastructure_challenge-master\src\com\design_pattern\behavioral\chainofresponsibility\Dollar10Dispenser.java,com.design_pattern.behavioral.chainofresponsibility.Dollar10Dispenser,dispense/1[com.design_pattern.behavioral.chainofresponsibility.Currency],chain,2
C:\Users\OOPS\Downloads\datastructure_challenge-master\datastructure_challenge-master\src\com\array\rearrangement\ThreeWayPartitioningArray_MergeConcept.java,com.array.rearrangement.ThreeWayPartitioningArray_MergeConcept,"threeWayPartitions/3[int[],int,int]",lenght,3
C:\Users\OOPS\Downloads\datastructure_challenge-master\datastructure_challenge-master\src\com\array\rearrangement\ThreeWayPartitioningArray_MergeConcept.java,com.array.rearrangement.ThreeWayPartitioningArray_MergeConcept,"threeWayPartitions/3[int[],int,int]",lowValue,1
C:\Users\OOPS\Downloads\datastructure_challenge-master\datastructure_challenge-master\src\com\array\rearrangement\ThreeWayPartitioningArray_MergeConcept.java,com.array.rearrangement.ThreeWayPartitioningArray_MergeConcept,"threeWayPartitions/3[int[],int,int]",highValue,1
C:\Users\OOPS\Downloads\datastructure_challenge-master\datastructure_challenge-master\src\com\array\rearrangement\ThreeWayPartitioningArray_MergeConcept.java,com.array.rearrangement.ThreeWayPartitioningArray_MergeConcept,"threeWayPartitions/3[int[],int,int]",array,1
C:\Users\OOPS\Downloads\datastructure_challenge-master\datastructure_challenge-master\src\com\array\rearrangement\ThreeWayPartitioningArray_MergeConcept.java,com.array.rearrangement.ThreeWayPartitioningArray_MergeConcept,"threeWayPartitions/3[int[],int,int]",tempArray,1
C:\Users\OOPS\Downloads\datastructure_challenge-master\datastructure_challenge-master\src\com\array\rearrangement\ThreeWayPartitioningArray_MergeConcept.java,com.array.rearrangement.ThreeWayPartitioningArray_MergeConcept,"mergeParts/3[int,int,int]",lowValue,3
C:\Users\OOPS\Downloads\datastructure_challenge-master\datastructure_challenge-master\src\com\array\rearrangement\ThreeWayPartitioningArray_MergeConcept.java,com.array.rearrangement.ThreeWayPartitioningArray_MergeConcept,"mergeParts/3[int,int,int]",highValue,3
C:\Users\OOPS\Downloads\datastructure_challenge-master\datastructure_challenge-master\src\com\array\rearrangement\ThreeWayPartitioningArray_MergeConcept.java,com.array.rearrangement.ThreeWayPartitioningArray_MergeConcept,"mergeParts/3[int,int,int]",array,1
C:\Users\OOPS\Downloads\datastructure_challenge-master\datastructure_challenge-master\src\com\binary\CustomMaximumLevelSum.java,com.binary.CustomMaximumLevelSum,main/1[java.lang.String[]],maxLevel,1
C:\Users\OOPS\Downloads\datastructure_challenge-master\datastructure_challenge-master\src\com\binary\CustomMaximumLevelSum.java,com.binary.CustomMaximumLevelSum,main/1[java.lang.String[]],level,1
C:\Users\OOPS\Downloads\datastructure_challenge-master\datastructure_challenge-master\src\com\binary\CustomMaximumLevelSum.java,com.binary.CustomMaximumLevelSum,main/1[java.lang.String[]],array,1
C:\Users\OOPS\Downloads\datastructure_challenge-master\datastructure_challenge-master\src\com\binary\CustomMaximumLevelSum.java,com.binary.CustomMaximumLevelSum,main/1[java.lang.String[]],root,2
C:\Users\OOPS\Downloads\datastructure_challenge-master\datastructure_challenge-master\src\com\binary\CustomMaximumLevelSum.java,com.binary.CustomMaximumLevelSum,main/1[java.lang.String[]],maxSum,3
C:\Users\OOPS\Downloads\datastructure_challenge-master\datastructure_challenge-master\src\com\binary\CustomMaximumLevelSum.java,com.binary.CustomMaximumLevelSum,main/1[java.lang.String[]],maxSumLevel,2
C:\Users\OOPS\Downloads\datastructure_challenge-master\datastructure_challenge-master\src\com\binary\CustomMaximumLevelSum.java,com.binary.CustomMaximumLevelSum,"maximumLevelSum/2[com.binary.CustomMaximumLevelSum.Node,int]",maxLevel,2
C:\Users\OOPS\Downloads\datastructure_challenge-master\datastructure_challenge-master\src\com\binary\CustomMaximumLevelSum.java,com.binary.CustomMaximumLevelSum,"maximumLevelSum/2[com.binary.CustomMaximumLevelSum.Node,int]",array,2
C:\Users\OOPS\Downloads\datastructure_challenge-master\datastructure_challenge-master\src\com\design_pattern\behavioral\chainofresponsibility\Currency.java,com.design_pattern.behavioral.chainofresponsibility.Currency,getAmount/0,amount,1
C:\Users\OOPS\Downloads\datastructure_challenge-master\datastructure_challenge-master\src\com\design_pattern\behavioral\chainofresponsibility\Currency.java,com.design_pattern.behavioral.chainofresponsibility.Currency,Currency/1[int],amount,3
C:\Users\OOPS\Downloads\datastructure_challenge-master\datastructure_challenge-master\src\com\design_pattern\behavioral\mediator\ChatMediatorImp.java,com.design_pattern.behavioral.mediator.ChatMediatorImp,ChatMediatorImp/0,users,1
C:\Users\OOPS\Downloads\datastructure_challenge-master\datastructure_challenge-master\src\com\design_pattern\behavioral\mediator\ChatMediatorImp.java,com.design_pattern.behavioral.mediator.ChatMediatorImp,"sendMessage/2[java.lang.String,com.design_pattern.behavioral.mediator.User]",users,1
C:\Users\OOPS\Downloads\datastructure_challenge-master\datastructure_challenge-master\src\com\design_pattern\behavioral\mediator\ChatMediatorImp.java,com.design_pattern.behavioral.mediator.ChatMediatorImp,addUser/1[com.design_pattern.behavioral.mediator.User],users,1
C:\Users\OOPS\Downloads\datastructure_challenge-master\datastructure_challenge-master\src\com\design_pattern\creational\builder\Computer.java,com.design_pattern.creational.builder.Computer$ComputerBuilder,"ComputerBuilder/2[java.lang.String,java.lang.String]",Hdd,1
C:\Users\OOPS\Downloads\datastructure_challenge-master\datastructure_challenge-master\src\com\design_pattern\creational\builder\Computer.java,com.design_pattern.creational.builder.Computer$ComputerBuilder,"ComputerBuilder/2[java.lang.String,java.lang.String]",Ram,1
C:\Users\OOPS\Downloads\datastructure_challenge-master\datastructure_challenge-master\src\com\design_pattern\creational\builder\Computer.java,com.design_pattern.creational.builder.Computer$ComputerBuilder,isGraphicsCardEnables/1[boolean],isGraphicsCardEnable,1
C:\Users\OOPS\Downloads\datastructure_challenge-master\datastructure_challenge-master\src\com\design_pattern\creational\builder\Computer.java,com.design_pattern.creational.builder.Computer$ComputerBuilder,isBluetoothEnable/1[boolean],isBluetoothEnable,2
C:\Users\OOPS\Downloads\datastructure_challenge-master\datastructure_challenge-master\src\com\design_pattern\creational\builder\Computer.java,com.design_pattern.creational.builder.Computer$ComputerBuilder,builder/0,isBluetoothEnable,1
C:\Users\OOPS\Downloads\datastructure_challenge-master\datastructure_challenge-master\src\com\linkedlist\AddTwoLinkedList.java,com.linkedlist.AddTwoLinkedList,main/1[java.lang.String[]],head1,2
C:\Users\OOPS\Downloads\datastructure_challenge-master\datastructure_challenge-master\src\com\linkedlist\AddTwoLinkedList.java,com.linkedlist.AddTwoLinkedList,main/1[java.lang.String[]],head2,2
C:\Users\OOPS\Downloads\datastructure_challenge-master\datastructure_challenge-master\src\com\exam\algorithm\Polygon.java,com.exam.algorithm.Polygon,countPolygone/1[java.util.List],R,1
C:\Users\OOPS\Downloads\datastructure_challenge-master\datastructure_challenge-master\src\com\exam\algorithm\Polygon.java,com.exam.algorithm.Polygon,countPolygone/1[java.util.List],S,1
C:\Users\OOPS\Downloads\datastructure_challenge-master\datastructure_challenge-master\src\com\exam\algorithm\Polygon.java,com.exam.algorithm.Polygon,"checkPolygon/4[int,int,int,int]",R,1
C:\Users\OOPS\Downloads\datastructure_challenge-master\datastructure_challenge-master\src\com\exam\algorithm\Polygon.java,com.exam.algorithm.Polygon,"checkPolygon/4[int,int,int,int]",S,1
C:\Users\OOPS\Downloads\datastructure_challenge-master\datastructure_challenge-master\src\com\exam\algorithm\Polygon.java,com.exam.algorithm.Polygon,"checkPolygon/4[int,int,int,int]",O,2
C:\Users\OOPS\Downloads\datastructure_challenge-master\datastructure_challenge-master\src\com\design_pattern\behavioral\strategy\Item.java,com.design_pattern.behavioral.strategy.Item,getPrice/0,price,1
C:\Users\OOPS\Downloads\datastructure_challenge-master\datastructure_challenge-master\src\com\design_pattern\behavioral\strategy\Item.java,com.design_pattern.behavioral.strategy.Item,"Item/2[java.lang.String,int]",price,3
C:\Users\OOPS\Downloads\datastructure_challenge-master\datastructure_challenge-master\src\com\design_pattern\behavioral\strategy\Item.java,com.design_pattern.behavioral.strategy.Item,"Item/2[java.lang.String,int]",upcCode,3
C:\Users\OOPS\Downloads\datastructure_challenge-master\datastructure_challenge-master\src\com\design_pattern\behavioral\strategy\Item.java,com.design_pattern.behavioral.strategy.Item,getUpcCode/0,upcCode,1
C:\Users\OOPS\Downloads\datastructure_challenge-master\datastructure_challenge-master\src\com\design_pattern\structural\bridge\Shape.java,com.design_pattern.structural.bridge.Shape,Shape/1[com.design_pattern.structural.bridge.Color],color,1
C:\Users\OOPS\Downloads\datastructure_challenge-master\datastructure_challenge-master\src\com\graph\DepthFirstSearchExample.java,com.graph.DepthFirstSearchExample$Node,Node/1[int],data,3
C:\Users\OOPS\Downloads\datastructure_challenge-master\datastructure_challenge-master\src\com\design_pattern\behavioral\observer\MyTopic.java,com.design_pattern.behavioral.observer.MyTopic,notifyObservers/0,observers,1
C:\Users\OOPS\Downloads\datastructure_challenge-master\datastructure_challenge-master\src\com\design_pattern\behavioral\observer\MyTopic.java,com.design_pattern.behavioral.observer.MyTopic,MyTopic/0,observers,1
C:\Users\OOPS\Downloads\datastructure_challenge-master\datastructure_challenge-master\src\com\design_pattern\behavioral\observer\MyTopic.java,com.design_pattern.behavioral.observer.MyTopic,getUpdate/1[com.design_pattern.behavioral.observer.Observer],message,1
C:\Users\OOPS\Downloads\datastructure_challenge-master\datastructure_challenge-master\src\com\design_pattern\behavioral\observer\MyTopic.java,com.design_pattern.behavioral.observer.MyTopic,unregister/1[com.design_pattern.behavioral.observer.Observer],MUTEX,1
C:\Users\OOPS\Downloads\datastructure_challenge-master\datastructure_challenge-master\src\com\design_pattern\behavioral\observer\MyTopic.java,com.design_pattern.behavioral.observer.MyTopic,unregister/1[com.design_pattern.behavioral.observer.Observer],observers,1
C:\Users\OOPS\Downloads\datastructure_challenge-master\datastructure_challenge-master\src\com\design_pattern\behavioral\observer\MyTopic.java,com.design_pattern.behavioral.observer.MyTopic,register/1[com.design_pattern.behavioral.observer.Observer],MUTEX,1
C:\Users\OOPS\Downloads\datastructure_challenge-master\datastructure_challenge-master\src\com\design_pattern\behavioral\observer\MyTopic.java,com.design_pattern.behavioral.observer.MyTopic,register/1[com.design_pattern.behavioral.observer.Observer],observers,2
C:\Users\OOPS\Downloads\datastructure_challenge-master\datastructure_challenge-master\src\com\design_pattern\behavioral\observer\MyTopic.java,com.design_pattern.behavioral.observer.MyTopic,postMessage/1[java.lang.String],message,1
C:\Users\OOPS\Downloads\datastructure_challenge-master\datastructure_challenge-master\src\com\design_pattern\behavioral\observer\MyTopic.java,com.design_pattern.behavioral.observer.MyTopic,postMessage/1[java.lang.String],changed,1
C:\Users\OOPS\Downloads\datastructure_challenge-master\datastructure_challenge-master\src\com\linkedlist\RotateLinkedList.java,com.linkedlist.RotateLinkedList,rotate/1[int],head,3
C:\Users\OOPS\Downloads\datastructure_challenge-master\datastructure_challenge-master\src\com\linkedlist\RotateLinkedList.java,com.linkedlist.RotateLinkedList,main/1[java.lang.String[]],head,2
C:\Users\OOPS\Downloads\datastructure_challenge-master\datastructure_challenge-master\src\com\binary\MaximumSumFromRootToLeaf.java,com.binary.MaximumSumFromRootToLeaf$Node,Node/1[int],data,1
C:\Users\OOPS\Downloads\datastructure_challenge-master\datastructure_challenge-master\src\com\binary\MaximumSumFromRootToLeaf.java,com.binary.MaximumSumFromRootToLeaf$Node,Node/1[int],left,1
C:\Users\OOPS\Downloads\datastructure_challenge-master\datastructure_challenge-master\src\com\binary\MaximumSumFromRootToLeaf.java,com.binary.MaximumSumFromRootToLeaf$Node,Node/1[int],right,1
C:\Users\OOPS\Downloads\datastructure_challenge-master\datastructure_challenge-master\src\com\binary\MaximumSumFromRootToLeaf.java,com.binary.MaximumSumFromRootToLeaf,main/1[java.lang.String[]],maxSum,2
C:\Users\OOPS\Downloads\datastructure_challenge-master\datastructure_challenge-master\src\com\binary\MaximumSumFromRootToLeaf.java,com.binary.MaximumSumFromRootToLeaf,main/1[java.lang.String[]],maxLeaf,1
C:\Users\OOPS\Downloads\datastructure_challenge-master\datastructure_challenge-master\src\com\binary\MaximumSumFromRootToLeaf.java,com.binary.MaximumSumFromRootToLeaf,"maxSum/2[com.binary.MaximumSumFromRootToLeaf.Node,int]",maxSum,5
C:\Users\OOPS\Downloads\datastructure_challenge-master\datastructure_challenge-master\src\com\binary\MaximumSumFromRootToLeaf.java,com.binary.MaximumSumFromRootToLeaf,"maxSum/2[com.binary.MaximumSumFromRootToLeaf.Node,int]",maxLeaf,1
C:\Users\OOPS\Downloads\datastructure_challenge-master\datastructure_challenge-master\src\com\array\rotation\CyclicallyRotateArray.java,com.array.rotation.CyclicallyRotateArray,rotated/0,array,4
C:\Users\OOPS\Downloads\datastructure_challenge-master\datastructure_challenge-master\src\com\array\rotation\CyclicallyRotateArray.java,com.array.rotation.CyclicallyRotateArray,main/1[java.lang.String[]],array,2
C:\Users\OOPS\Downloads\datastructure_challenge-master\datastructure_challenge-master\src\com\linkedlist\SplitLinkedList.java,com.linkedlist.SplitLinkedList,splitList/0,head,9
C:\Users\OOPS\Downloads\datastructure_challenge-master\datastructure_challenge-master\src\com\linkedlist\SplitLinkedList.java,com.linkedlist.SplitLinkedList,splitList/0,head1,1
C:\Users\OOPS\Downloads\datastructure_challenge-master\datastructure_challenge-master\src\com\linkedlist\SplitLinkedList.java,com.linkedlist.SplitLinkedList,splitList/0,head2,1
C:\Users\OOPS\Downloads\datastructure_challenge-master\datastructure_challenge-master\src\com\linkedlist\SplitLinkedList.java,com.linkedlist.SplitLinkedList,main/1[java.lang.String[]],head,1
C:\Users\OOPS\Downloads\datastructure_challenge-master\datastructure_challenge-master\src\com\linkedlist\SplitLinkedList.java,com.linkedlist.SplitLinkedList,main/1[java.lang.String[]],head1,1
C:\Users\OOPS\Downloads\datastructure_challenge-master\datastructure_challenge-master\src\com\linkedlist\SplitLinkedList.java,com.linkedlist.SplitLinkedList,main/1[java.lang.String[]],head2,1
C:\Users\OOPS\Downloads\datastructure_challenge-master\datastructure_challenge-master\src\com\design_pattern\structural\flyweight\DrawingClient.java,com.design_pattern.structural.flyweight.DrawingClient,getRandomHeight/0,HEIGHT,1
C:\Users\OOPS\Downloads\datastructure_challenge-master\datastructure_challenge-master\src\com\design_pattern\structural\flyweight\DrawingClient.java,com.design_pattern.structural.flyweight.DrawingClient,getRandomShape/0,shapes,1
C:\Users\OOPS\Downloads\datastructure_challenge-master\datastructure_challenge-master\src\com\design_pattern\structural\flyweight\DrawingClient.java,com.design_pattern.structural.flyweight.DrawingClient,getRandomColor/0,colors,1
C:\Users\OOPS\Downloads\datastructure_challenge-master\datastructure_challenge-master\src\com\design_pattern\structural\flyweight\DrawingClient.java,com.design_pattern.structural.flyweight.DrawingClient,getRandomWidth/0,WIDTH,1
C:\Users\OOPS\Downloads\datastructure_challenge-master\datastructure_challenge-master\src\com\design_pattern\structural\flyweight\DrawingClient.java,com.design_pattern.structural.flyweight.DrawingClient,getRandomY/0,HEIGHT,1
C:\Users\OOPS\Downloads\datastructure_challenge-master\datastructure_challenge-master\src\com\design_pattern\structural\flyweight\DrawingClient.java,com.design_pattern.structural.flyweight.DrawingClient,getRandomX/0,WIDTH,1
C:\Users\OOPS\Downloads\datastructure_challenge-master\datastructure_challenge-master\src\com\design_pattern\structural\flyweight\DrawingClient.java,com.design_pattern.structural.flyweight.DrawingClient,"DrawingClient/2[int,int]",WIDTH,2
C:\Users\OOPS\Downloads\datastructure_challenge-master\datastructure_challenge-master\src\com\design_pattern\structural\flyweight\DrawingClient.java,com.design_pattern.structural.flyweight.DrawingClient,"DrawingClient/2[int,int]",HEIGHT,2
C:\Users\OOPS\Downloads\datastructure_challenge-master\datastructure_challenge-master\src\com\design_pattern\structural\composition\Drawing.java,com.design_pattern.structural.composition.Drawing,delete/1[com.design_pattern.structural.composition.Shape],shapes,1
C:\Users\OOPS\Downloads\datastructure_challenge-master\datastructure_challenge-master\src\com\design_pattern\structural\composition\Drawing.java,com.design_pattern.structural.composition.Drawing,draw/1[java.lang.String],shapes,1
C:\Users\OOPS\Downloads\datastructure_challenge-master\datastructure_challenge-master\src\com\design_pattern\structural\composition\Drawing.java,com.design_pattern.structural.composition.Drawing,clear/0,shapes,1
C:\Users\OOPS\Downloads\datastructure_challenge-master\datastructure_challenge-master\src\com\design_pattern\structural\composition\Drawing.java,com.design_pattern.structural.composition.Drawing,add/1[com.design_pattern.structural.composition.Shape],shapes,1
C:\Users\OOPS\Downloads\datastructure_challenge-master\datastructure_challenge-master\src\com\sorting\TopologicalSorting.java,com.sorting.Graph,Graph/1[int],V,1
C:\Users\OOPS\Downloads\datastructure_challenge-master\datastructure_challenge-master\src\com\sorting\TopologicalSorting.java,com.sorting.Graph,Graph/1[int],adj,2
C:\Users\OOPS\Downloads\datastructure_challenge-master\datastructure_challenge-master\src\com\sorting\TopologicalSorting.java,com.sorting.Graph,topologicalSort/0,V,3
C:\Users\OOPS\Downloads\datastructure_challenge-master\datastructure_challenge-master\src\com\sorting\TopologicalSorting.java,com.sorting.Graph,"addEdge/2[int,int]",adj,1
C:\Users\OOPS\Downloads\datastructure_challenge-master\datastructure_challenge-master\src\com\sorting\TopologicalSorting.java,com.sorting.Graph,"topologicalSortUtil/3[int,boolean[],java.util.Stack<java.lang.Integer>]",adj,1
C:\Users\OOPS\Downloads\datastructure_challenge-master\datastructure_challenge-master\src\com\design_pattern\behavioral\command\WriteCommand.java,com.design_pattern.behavioral.command.WriteCommand,execute/0,fileSystemReciever,1
C:\Users\OOPS\Downloads\datastructure_challenge-master\datastructure_challenge-master\src\com\design_pattern\behavioral\command\WriteCommand.java,com.design_pattern.behavioral.command.WriteCommand,WriteCommand/1[com.design_pattern.behavioral.command.FileSystemReciever],fileSystemReciever,3
C:\Users\OOPS\Downloads\datastructure_challenge-master\datastructure_challenge-master\src\com\design_pattern\behavioral\visitor\Book.java,com.design_pattern.behavioral.visitor.Book,getIsBnNumber/0,isBnNumber,1
C:\Users\OOPS\Downloads\datastructure_challenge-master\datastructure_challenge-master\src\com\design_pattern\behavioral\visitor\Book.java,com.design_pattern.behavioral.visitor.Book,getPrice/0,price,1
C:\Users\OOPS\Downloads\datastructure_challenge-master\datastructure_challenge-master\src\com\design_pattern\behavioral\visitor\Book.java,com.design_pattern.behavioral.visitor.Book,"Book/2[java.lang.String,int]",price,3
C:\Users\OOPS\Downloads\datastructure_challenge-master\datastructure_challenge-master\src\com\design_pattern\behavioral\visitor\Book.java,com.design_pattern.behavioral.visitor.Book,"Book/2[java.lang.String,int]",isBnNumber,3
C:\Users\OOPS\Downloads\datastructure_challenge-master\datastructure_challenge-master\src\com\design_pattern\behavioral\strategy\ShoppingCart.java,com.design_pattern.behavioral.strategy.ShoppingCart,addItem/1[com.design_pattern.behavioral.strategy.Item],itemList,1
C:\Users\OOPS\Downloads\datastructure_challenge-master\datastructure_challenge-master\src\com\design_pattern\behavioral\strategy\ShoppingCart.java,com.design_pattern.behavioral.strategy.ShoppingCart,ShoppingCart/0,itemList,1
C:\Users\OOPS\Downloads\datastructure_challenge-master\datastructure_challenge-master\src\com\design_pattern\behavioral\strategy\ShoppingCart.java,com.design_pattern.behavioral.strategy.ShoppingCart,removeItem/1[com.design_pattern.behavioral.strategy.Item],itemList,1
C:\Users\OOPS\Downloads\datastructure_challenge-master\datastructure_challenge-master\src\com\design_pattern\behavioral\strategy\ShoppingCart.java,com.design_pattern.behavioral.strategy.ShoppingCart,calculateTotal/0,itemList,1
C:\Users\OOPS\Downloads\datastructure_challenge-master\datastructure_challenge-master\src\com\design_pattern\behavioral\command\FileInvoker.java,com.design_pattern.behavioral.command.FileInvoker,FileInvoker/1[com.design_pattern.behavioral.command.Command],command,3
C:\Users\OOPS\Downloads\datastructure_challenge-master\datastructure_challenge-master\src\com\design_pattern\behavioral\command\FileInvoker.java,com.design_pattern.behavioral.command.FileInvoker,execute/0,command,1
C:\Users\OOPS\Downloads\datastructure_challenge-master\datastructure_challenge-master\src\com\linkedlist\SplitLinkedList.java,com.linkedlist.SplitLinkedList$Node,Node/1[int],next,1
C:\Users\OOPS\Downloads\datastructure_challenge-master\datastructure_challenge-master\src\com\linkedlist\SplitLinkedList.java,com.linkedlist.SplitLinkedList$Node,Node/1[int],data,1
C:\Users\OOPS\Downloads\datastructure_challenge-master\datastructure_challenge-master\src\com\design_pattern\behavioral\command\CloseCommand.java,com.design_pattern.behavioral.command.CloseCommand,execute/0,fileSystemReciever,1
C:\Users\OOPS\Downloads\datastructure_challenge-master\datastructure_challenge-master\src\com\design_pattern\behavioral\command\CloseCommand.java,com.design_pattern.behavioral.command.CloseCommand,CloseCommand/1[com.design_pattern.behavioral.command.FileSystemReciever],fileSystemReciever,3
C:\Users\OOPS\Downloads\datastructure_challenge-master\datastructure_challenge-master\src\com\linkedlist\AddTwoLinkedListInReverseOrder.java,com.linkedlist.AddTwoLinkedListInReverseOrder$Node,Node/1[int],next,1
C:\Users\OOPS\Downloads\datastructure_challenge-master\datastructure_challenge-master\src\com\linkedlist\AddTwoLinkedListInReverseOrder.java,com.linkedlist.AddTwoLinkedListInReverseOrder$Node,Node/1[int],data,1
C:\Users\OOPS\Downloads\datastructure_challenge-master\datastructure_challenge-master\src\com\exam\algorithm\DeltaEncoding.java,com.exam.algorithm.DeltaEncoding,deltaEncoding/1[java.lang.String[]],list,3
C:\Users\OOPS\Downloads\datastructure_challenge-master\datastructure_challenge-master\src\com\exam\algorithm\DeltaEncoding.java,com.exam.algorithm.DeltaEncoding,main/1[java.lang.String[]],data,1
C:\Users\OOPS\Downloads\datastructure_challenge-master\datastructure_challenge-master\src\com\exam\algorithm\DeltaEncoding.java,com.exam.algorithm.DeltaEncoding,main/1[java.lang.String[]],list,2
